psmiles,Energy_Hatree,es,Isotropic_Polarizability_au,HOMO_eV,LUMO_eV,Inner_energy_correction_Hatree,Thermal_correction_to_Enthalpy_Hatree,Thermal_correction_to_Gibbs_Free_Energy_Hatree,Entropy_Hatree,Dipole_Debye,Gibbs_Free_Energy_Hatree,Enthalpy_Hatree,HOMO_LUMO_Gap_eV
*Nc1ccc(Nc2ccc(NC(=O)Cc3c4ccccc4c(CC(*)=O)c4ccccc34)cc2S(=O)(=O)O)cc1,,0.952904,,,,0.53095992,0.00094421,0.436205,0.09569914,4.838042051,0.436205,0.53190413,
*Nc1ccc(F)c(C(=O)O)c1NC(=O)c1ccccc1C(=O)NC(C(*)=O)c1ccccc1,-1527.685874,0.99591404,293.10169,-8.2405,0.2541,0.405431,0.00094421,0.3239665,0.08240872,1.743608659,-1527.361908,-1527.279499,8.4946
*NCC(NC(=O)CC(CC(*)=O)c1ccncc1)C(=O)O,-970.840013,0.8917993,181.5329,-9.882,0.119,0.31911731,0.00094421,0.25126876,0.06879276,1.596282295,-970.5887442,-970.5199515,10.001
*Nc1cc(Br)cc(C(=O)O)c1NC(=O)CN(CC(*)=O)N=Cc1ccccc1OC,,0.99114406,,,,,,,,,,,
*Nc1cc(C(=O)O)ccc1S(=O)(=O)NC(=O)C1CCC(C(*)=O)N(Cc2ccccc2)C1,-1827.97729,0.9984452,301.61583,-8.8482,-0.2344,0.45512169,0.00094421,0.37202991,0.08403599,4.909436123,-1827.605261,-1827.521225,8.6138
*Nc1cc(C(=O)O)cc(NC(=O)CCN(CCC(*)=O)c2ccccc2)c1CC,-1280.500586,0.9994735,292.59032,-8.0035,0.0994,0.46389332,0.00094421,0.38064653,0.084191,6.016186403,-1280.11994,-1280.035749,8.1029
*Nc1ccc2cc(S(=O)(=O)O)ccc2c1NC(=O)CCCCCCCSc1ccccc1C(*)=O,-2251.591264,0.9713746,374.02025,-8.2715,-0.1639,0.53008475,0.00094421,0.43684529,0.09418366,8.664061321,-2251.154418,-2251.060235,8.1076
*Nc1cc(C(=O)O)cc(NC(=O)CN(CC(*)=O)C(=O)COC)c1Cl,-1619.036902,0.9994461,228.76321,-8.5663,0.1436,0.32750625,0.00094421,0.25088671,0.07756374,7.695874228,-1618.786015,-1618.708452,8.7099
*Nc1c(Br)ccc(CC(=O)O)c1NC(=O)CSc1cc(C(F)(F)F)cc(SCC(*)=O)n1,-4830.236365,0.96395,318.6765,-8.4042,0.0561,0.34864662,0.00094421,0.26004423,0.0895466,3.714907834,-4829.976321,-4829.886774,8.4603
*Nc1ccc(F)c(C(=O)O)c1NC(=O)c1nn(C)nc1C(*)=O,-1137.924143,0.99653685,199.74114,-8.3931,-0.178,0.9889683399999999,0.00094421,0.18254683,0.06516014,4.178268412,-1137.741596,-1136.93423,8.2151
*Nc1c(F)ccc(C(=O)O)c1NC(=O)c1cc(C(*)=O)cc(C(N)=S)c1,-1580.263407,0.9862445,258.13679,-8.7199,-0.6151,0.28794877,0.00094421,0.21511572,0.07377726,6.10242085,-1580.048292,-1579.974514,8.1048
*Nc1cc(NC(=O)C(CSSCC(NC(=O)c2ccccc2)C(*)=O)NC(=O)c2ccccc2)c(Br)c(C(=O)O)c1,-5084.866028,0.6531269,426.68781,-8.5478,-0.0033,0.52966645,0.00094421,0.42500349,0.10560718,8.778881684,-5084.441025,-5084.335417,8.5445
*Nc1cc(OC)c(C(=O)O)cc1NC(=O)CC(NC(=O)c1ccccc1Cl)C(*)=O,-1810.796814,0.999049,291.25686,-8.5255,-0.0331,0.38393282,0.00094421,0.3011457,0.08373133,7.432431129,-1810.495669,-1810.411937,8.4924
*NCC(NC(=O)c1ccccc1NN=Cc1ccc(C=NNc2ccccc2C(*)=O)cc1)C(=O)O,-1596.548794,0.8092383,384.10162,-8.1175,-0.351,0.49632773,0.00094421,0.40561728,0.09165466,5.140619861,-1596.143176,-1596.051522,7.7665
*Nc1cc(Cl)c(S(=O)(=O)NC(=O)c2cccc(NC(=O)c3ccccc3Br)c2C(*)=O)cc1C(=O)O,-4970.786133,0.9869795,371.45132,-9.1135,-0.5899,0.37957258,0.00094421,0.28761204,0.09290476,5.317641662,-4970.498521,-4970.405616,8.5236
*Nc1ccc(C(=O)O)cc1NC(=O)CC(CC(*)=O)c1occc1C,-1144.362107,0.99738365,231.63016,-8.3274,0.2425,1.0635302,0.00094421,0.28318665,0.07162748,2.636475367,-1144.078921,-1143.297633,8.5699
*Nc1c(C(=O)O)cc(Cl)c(F)c1NC(=O)c1[nH]c(=O)[nH]c1C(*)=O,-1617.462912,0.9841851,214.92728,-8.9062,-0.7256,0.22771222,0.00094421,0.15903184,0.06962459,4.695491318,-1617.30388,-1617.234256,8.1806
*Nc1ccc(NC(=O)c2cccc(C(*)=O)c2C(=O)C(C)Cl)c(C(=O)O)c1,-1640.890036,0.9973477,270.02756,-8.1436,-0.3895,0.32996512,0.00094421,0.25450187,0.07640746,7.777126602,-1640.635535,-1640.559127,7.7541
*Nc1cc(C#N)c(NC(=O)c2cccc(CSCc3cccc(C(*)=O)c3)c2)cc1C(=O)O,-1789.460419,0.9948454,333.08221,-8.1263,-0.5186,0.41538287,0.00094421,0.33171882,0.08460826,1.660603228,-1789.1287,-1789.044092,7.6077
*Nc1cc(C(=O)O)cc(NC(=O)CN(CC(*)=O)NC(=O)CC(C)(C)C)c1C(F)(F)F,-1594.594566,0.99603146,265.43923,-8.7661,-0.2027,0.44399062,0.00094421,0.355534,0.08940084,6.88143599,-1594.239032,-1594.149631,8.5634
*Nc1cc(F)cc(C(=O)O)c1NC(=O)c1cc(C(*)=O)cc(S(=O)(=O)Cl)c1,-2096.860415,0.998242,257.46428,-8.6309,-0.909,0.26611564,0.00094421,0.19210042,0.07495943,3.336686366,-2096.668315,-2096.593355,7.7219
*Nc1ccnc(NC(=O)CCC(NC(=O)Cc2ccccc2)C(*)=O)c1C(=O)O,-1331.337288,0.99731654,273.76352,-8.8272,0.1167,0.80686578,0.00094421,0.32306032,0.08082376,5.919366801,-1331.014228,-1330.529478,8.9439
*Nc1c(Br)ccc(C(=O)O)c1NC(=O)CNc1ncccc1C(*)=O,-3673.472517,0.9990508,247.49851,-8.4623,-0.5367,0.2950552,0.00094421,0.22397003,0.07202939,2.976313275,-3673.248547,-3673.176517,7.9256
*Nc1ccc(NC(=O)c2cccc(C(*)=O)c2C(=O)CCBr)c(C(=O)O)c1C,-3794.015132,0.99603146,283.80156,-8.0554,-0.4145,0.35913442,0.00094421,0.28119036,0.07888827,4.467543616,-3793.733942,-3793.655054,7.6409
*Nc1cc(Cl)c(C(=O)O)cc1NC(=O)CC(CC(*)=O)CC(C)(C)C,,0.9989034,,,,,,,,,,,
*Nc1c(Cl)ccc(C(=O)O)c1NC(=O)c1cc(NC(=O)c2ccccc2C(*)=O)ccc1Cl,-2308.304609,0.99889696,342.85668,-8.3735,-0.3458,0.36642371,0.00094421,0.28179616,0.08557176,8.162666317,-2308.022813,-2307.937241,8.0277
*Nc1cc(C(=O)O)cc(NC(=O)CN(CC(*)=O)C(=O)c2cccc(F)c2)c1C#N,-1428.194346,0.9992372,270.50292,-8.7885,-0.4671,0.34948774,0.00094421,0.26955904,0.08087291,0.990300919,-1427.924787,-1427.843914,8.3214
*Nc1ccc(C(=O)O)c(NC(=O)CC2(C(*)=O)CCOCC2)c1F,-1167.419687,0.9982692,212.68228,-8.7374,0.1818,0.33621325,0.00094421,0.26736552,0.06979194,4.813217547,-1167.152321,-1167.082529,8.9192
*Nc1ccc(C)c(NC(=O)CCC(=O)Nc2cccc3c(NC(=O)CCC(*)=O)cccc23)c1C(=O)O,-1676.958572,0.9756467,381.37072,-7.8266,0.2536,0.52501552,0.00094421,0.4273232,0.09863653,2.104093261,-1676.531249,-1676.432612,8.0802
*Nc1c(C(=O)O)ccc(C#N)c1NC(=O)C1CCC(C(*)=O)S1,-1404.756836,0.81334037,210.92976,-9.0137,-0.7226,0.28137347,0.00094421,0.21409045,0.06822723,7.229670585,-1404.542746,-1404.474518,8.2911
*Nc1cccc2c(S(=O)(=O)O)ccc(NC(=O)CN(CC(*)=O)N=Cc3ccccc3OCc3ccccc3)c12,,0.96565753,,,,0.54012566,0.00094421,0.44435127,0.0967186,10.13840688,0.44435127,0.54106987,
*Nc1cc(C(=O)O)cc(NC(=O)CN(CC(*)=O)C(=O)CCCC#N)c1OC,-1330.321729,0.99916553,250.92928,-8.5481,0.0328,0.39616926,0.00094421,0.31431828,0.0827952,7.982661019,-1330.007411,-1329.924615,8.5809
*Nc1cc(NC(=O)Cc2ccc(COCc3ccc(CC(*)=O)cc3)cc2)c(C(=O)O)cc1F,-1552.098279,0.9980122,334.78348,-8.4009,0.2552,1.8721025,0.00094421,0.3804377,0.08897308,2.924627964,-1551.717841,-1550.225232,8.6561
*Nc1cc(C#N)c(NC(=O)CN(C)c2ccccc2C(*)=O)cc1C(=O)O,-1215.552125,0.9991912,257.45528,-8.2729,-0.5275,0.34498138,0.00094421,0.27021387,0.07571172,5.258563581,-1215.281912,-1215.2062,7.7454
*Nc1ccc(C(=O)O)c(S(=O)(=O)NC(=O)C(=O)CSc2ccc(C(*)=O)cc2)c1,-2088.794687,0.997851,276.48166,-8.9172,-0.1463,0.32367264,0.00094421,0.24229638,0.08232047,5.411825477,-2088.552391,-2088.47007,8.7709
*Nc1ccc(C(=O)O)cc1S(=O)(=O)NC(=O)c1cc(Cl)c(Cl)cc1C(*)=O,-2457.183825,0.9993575,259.12406,-9.2692,-0.7632,0.2643761,0.00094421,0.1888867,0.0764336,7.739743902,-2456.994939,-2456.918505,8.506
*Nc1ccc(C)c(C(=O)O)c1NC(=O)CC(CC)CC(*)=O,-994.1105384,0.99415165,206.74569,-8.2882,0.2531,0.3588913,0.00094421,0.28874046,0.07109506,2.597656311,-993.821798,-993.7507029,8.5413
*Nc1cc(F)c(S(=O)(=O)NC(=O)c2cnc(C(*)=O)cn2)cc1C(=O)O,-1669.353863,0.9992606,227.51459,-9.0831,-1.2975,0.24943929,0.00094421,0.17806032,0.07232318,5.165117408,-1669.175803,-1669.10348,7.7856
*Nc1ccc(C#N)c(C(=O)O)c1NC(=O)c1cc(Cl)cc(C(*)=O)c1,-1541.193704,0.9937405,245.10206,-8.7485,-0.7714,0.25942536,0.00094421,0.19048872,0.06988084,7.154082336,-1541.003215,-1540.933334,7.9771
*Nc1nc(NC(=O)CC(Br)C(*)=O)c(C(=O)O)nc1Br,-6015.832385,0.99240065,206.78996,-8.9529,-0.1751,0.19945035,0.00094421,0.13171434,0.06868022,2.885937688,-6015.700671,-6015.631991,8.7778
*Nc1ccc(S(=O)(=O)O)c(NC(=O)c2cc(OCc3ccncc3)cc(C(*)=O)c2)c1,-1786.26336,0.9987356,303.57352,-8.8349,-0.3528,1.50876572,0.00094421,0.29728112,0.08060559,6.002772574,-1785.966079,-1784.75365,8.4821
*Nc1cc(C)cc(C(=O)O)c1NC(=O)c1c(C)sc(C)c1C(*)=O,-1428.029889,0.99731135,248.36469,-8.1556,0.0814,1.28557679,0.00094421,0.2504356,0.0714305,2.88808343,-1427.779454,-1426.743368,8.237
*Nc1cc(C)cc(NC(=O)CC(NC(=O)CCC(=O)OC)C(*)=O)c1C(=O)O,-1351.468946,0.99793327,248.87923,-8.3555,0.0581,0.40793505,0.00094421,0.32750326,0.08137601,9.778132414,-1351.141442,-1351.060066,8.4136
*Nc1ccccc1CC(NC(=O)CN(C)C(=O)c1ccccc1C(*)=O)C(=O)O,-1315.264077,0.9991912,271.10576,-8.3084,-0.3133,0.4169676,0.00094421,0.33689637,0.08101544,3.692124929,-1314.92718,-1314.846165,7.9951
*Nc1cc(S(=O)(=O)O)c(NC(=O)C(C)(Cc2cccc(C)c2)C(*)=O)cc1S(=O)(=O)O,,0.94102055,,,,0.8107747600000001,0.00094421,0.3219672,0.08389645,4.486497228,0.3219672,0.81171897,
*Nc1cc(Cl)c(NC(=O)c2ccc(CSc3ccccc3C(*)=O)cc2)c(C(=O)O)c1,-2117.47409,0.99918,322.46495,-8.3945,-0.1116,0.37678923,0.00094421,0.29608182,0.08165161,6.173185723,-2117.178009,-2117.096357,8.2829
*Nc1ccc(C(=O)O)cc1S(=O)(=O)NC(=O)c1ccc(-c2ccc(C(*)=O)cc2)cc1,-1769.046745,0.99959,318.01059,-8.948,-0.7025,0.36649384,0.00094421,0.28671698,0.08072107,3.639551723,-1768.760028,-1768.679307,8.2455
*Nc1cc(Br)cc(C(=O)O)c1NC(=O)CN(CC(*)=O)N=Cc1cccc(C)c1,-3829.429884,0.98535615,296.99184,-8.417,0.1551,0.38870979,0.00094421,0.30708772,0.08256627,4.896540324,-3829.122796,-3829.04023,8.5721
*Nc1cc(Br)c(NC(=O)CN(CC(*)=O)c2ccc(Cl)cc2)c(C(=O)O)c1,-4156.295854,0.99971706,276.01313,-8.0206,-0.1334,0.32719122,0.00094421,0.24961436,0.07852107,6.368023679,-4156.04624,-4155.967719,7.8872
*Nc1cc(C#N)cc(NC(=O)CC(C(*)=O)c2ccc(Cl)cc2Br)c1C(=O)O,-4193.229351,0.99825555,267.94853,-8.9106,-0.7227,0.31014449,0.00094421,0.23357674,0.07751196,5.607574947,-4192.995775,-4192.918263,8.1879
*Nc1cccc(CC(=O)O)c1NC(=O)C(CC)C(CC)C(*)=O,-1033.416208,0.99174845,215.05406,-8.3706,0.1572,0.38906853,0.00094421,0.31654511,0.07346764,3.967712074,-1033.099663,-1033.026195,8.5278
*Nc1cc(OC)c(NC(=O)c2cc(C(*)=O)cc(-n3cncn3)c2)cc1C(=O)O,-1344.964893,0.9964412,287.64975,-7.9184,-0.4954,0.34595923,0.00094421,0.26903474,0.0778687,7.336969371,-1344.695858,-1344.617989,7.423
*Nc1cc(NC(=O)c2[nH]c(C(*)=O)c(C)c2C(C)=O)c(Cl)c(C(=O)O)c1,-1618.839107,0.99315614,257.52647,-8.5643,-0.3639,0.310968,0.00094421,0.2354797,0.07643251,2.492287504,-1618.603627,-1618.527195,8.2004
*Nc1cc(Br)c(CC(=O)O)cc1NC(=O)CC(Sc1ccc(Cl)cc1)C(*)=O,-4538.449501,0.9980994,296.97756,-8.4451,-0.0271,0.34184422,0.00094421,0.26007542,0.08271302,5.47089634,-4538.189426,-4538.106713,8.418
*Nc1ccc(NC(=O)Cc2c(F)cccc2C(*)=O)c(C(=O)O)c1Cl,-1587.499763,0.9995497,231.72451,-8.1558,-0.5999,0.2813208,0.00094421,0.21120465,0.07106037,1.463346673,-1587.288558,-1587.217498,7.5559
*Nc1cc(C(=O)O)c(NC(=O)C2CCC(C(*)=O)N2Cc2ccccc2)cc1F,-1339.280371,0.99112695,273.51645,-7.9997,0.1709,0.40438397,0.00094421,0.3276253,0.07770288,3.875758183,-1338.952746,-1338.875043,8.1706
*Nc1ccc(C(F)(F)F)c(C(=O)O)c1NC(=O)c1cccc(C(*)=O)c1NN,-1437.143836,0.79386604,239.85046,-8.8054,-0.2612,0.31156312,0.00094421,0.23583315,0.07667418,5.076625276,-1436.908003,-1436.831329,8.5442
*Nc1c(C(=O)O)cc(Cl)c(F)c1NC(=O)CC(C(*)=O)c1ccc(Br)cc1F,-4299.498793,0.9974491,261.48366,-8.5987,0.0917,0.29499304,0.00094421,0.21678285,0.0791544,5.002592687,-4299.28201,-4299.202855,8.6904
*Nc1cc(C(=O)O)cc(NC(=O)c2ccc(OC)cc2CC(*)=O)c1C#N,-1235.438691,0.99918956,265.2363,-8.7106,-0.4674,0.33237986,0.00094421,0.25692044,0.07640363,4.717415873,-1235.18177,-1235.105367,8.2432
*Nc1cc(Cl)c(C(=O)O)cc1NC(=O)CN(CC(*)=O)C(=O)CC(C)(C)C,-1661.736633,0.99929583,258.82834,-8.5562,0.1502,0.41068237,0.00094421,0.33086427,0.08076231,4.110593508,-1661.405768,-1661.325006,8.7064
*NCC(NC(=O)c1ccc(C)nc1C(*)=O)C(=O)O,-892.2303835,0.9902727,168.25878,-9.6278,-0.1321,0.25858528,0.00094421,0.19548118,0.06404832,7.604083187,-892.0349023,-891.970854,9.4957
*Nc1cc(S(=O)(=O)O)c(NC(=O)c2ccc(Cl)c(C(*)=O)c2)c(S(=O)(=O)O)c1,-2508.135929,0.9552774,266.90325,-9.1373,-0.7869,0.27957732,0.00094421,0.20264537,0.07787616,3.536922297,-2507.933284,-2507.855408,8.3504
*Nc1ccc(F)c(C(=O)O)c1NC(=O)CN(CC(*)=O)S(=O)(=O)c1c(C)cc(C)cc1C,-1889.123001,0.9980882,300.79706,-8.074,0.2413,1.3144306,0.00094421,0.35178457,0.08667294,2.617596646,-1888.771217,-1887.807627,8.3153
*Nc1cc(C(=O)O)cc(Br)c1NC(=O)CC(NC(=O)OC(C)(C)C)C(*)=O,-3811.517864,0.99832886,261.50437,-8.3693,0.1015,0.3851477699999999,0.00094421,0.30189445,0.08419754,2.38528855,-3811.21597,-3811.131772,8.4708
*Nc1cc(NC(=O)CN(CC(*)=O)C(=O)c2ccncc2)c(C(=O)O)cc1F,-1351.972422,0.9989267,246.78221,-8.6683,-0.0425,0.33756399,0.00094421,0.26171867,0.07678953,4.981657774,-1351.710704,-1351.633914,8.6258
*Nc1ccc(C(=O)O)c(Br)c1NC(=O)CNc1ncccc1C(*)=O,-3673.472497,0.9992387,245.23854,-8.5679,-0.3947,0.29506201,0.00094421,0.22426729,0.07173893,3.988313051,-3673.24823,-3673.176491,8.1732
*Nc1ccc(C(=O)O)c(C)c1NC(=O)c1ccccc1SC(C(*)=O)c1ccccc1,-1697.174424,0.99855345,314.05036,-8.2342,0.1486,0.41452684,0.00094421,0.33457356,0.0808975,4.510885411,-1696.83985,-1696.758953,8.3828
*Nc1cc(NC(=O)C(C(*)=O)C2c3ccccc3Sc3ccccc32)c(C(=O)O)cc1Cl,-2155.606464,0.9460759,324.9932,-8.0348,0.2421,0.38376098,0.00094421,0.30438957,0.08031562,2.037747296,-2155.302074,-2155.221758,8.2769
*Nc1cc(NC(=O)C(F)(F)C(*)=O)c(C(=O)O)cc1Br,-3569.542267,0.99877447,179.57676,-8.736,-0.1125,0.1879472,0.00094421,0.12396818,0.06492323,2.509476858,-3569.418298,-3569.353375,8.6235
*Nc1cc(F)cc(C(=O)O)c1NC(=O)CN(CC(*)=O)c1cccc(OC)c1,-1337.086944,0.99961025,259.13201,-7.9549,-0.1855,0.37238514,0.00094421,0.29565082,0.07767853,3.095616861,-1336.791294,-1336.713615,7.7694
*Nc1c(C(=O)O)ccc(C)c1NC(=O)CCC(Br)C(*)=O,-3488.927648,0.9985134,211.52361,-8.3625,0.0203,0.29202035,0.00094421,0.22323379,0.06973076,2.534765924,-3488.704414,-3488.634684,8.3828
*Nc1cc(Cl)cc(NC(=O)CSCc2ccccc2C(*)=O)c1CC(=O)O,-1965.042895,0.9996424,283.06685,-8.3486,-0.5889,0.35127791,0.00094421,0.275689,0.07653312,6.367903089,-1964.767206,-1964.690673,7.7597
*Nc1cc(NC(=O)CN(CC(*)=O)C(=O)C(Cl)(Cl)Cl)c(C(=O)O)nc1Cl,-2899.331898,0.99792105,250.40786,-8.7233,-0.0357,0.25422559,0.00094421,0.17705654,0.07811326,3.363204378,-2899.154841,-2899.076728,8.6876
*Nc1ccc(C(=O)O)c(NC(=O)C(CSSCC(NC(=O)C(F)(F)F)C(*)=O)NC(=O)C(F)(F)F)c1F,-2822.863513,0.7246267,306.12713,-9.1189,-0.1772,0.3759754,0.00094421,0.27616231,0.1007573,13.99655272,-2822.587351,-2822.486594,8.9417
*Nc1nc(NC(=O)C(C)(C(*)=O)c2cccc(OC)c2)c(C(=O)O)nc1Cl,-1674.176971,0.9985104,259.49023,-8.8128,0.0403,0.32790934,0.00094421,0.25111494,0.07773862,2.260227192,-1673.925856,-1673.848118,8.8531
*Nc1ccnc(NC(=O)CN(CC(*)=O)NC(=O)OC)c1C(=O)O,-1191.542195,0.9980083,204.78171,-8.5615,0.2143,0.31150412,0.00094421,0.23849431,0.07395402,4.568475291,-1191.303701,-1191.229747,8.7758
*Nc1cc(C(=O)O)cc(NC(=O)COc2ccc(OCC(*)=O)c(Cl)c2)c1C(F)F,-1915.836478,0.9995987,263.92219,-8.3295,0.1428,0.34474892,0.00094421,0.264189,0.08150414,5.263438368,-1915.572289,-1915.490785,8.4723
*Nc1cc(Br)c(C(=O)O)cc1NC(=O)CC(CC(*)=O)c1ccoc1,-3678.461493,0.9991912,241.0086,-8.586,0.1011,0.31702304,0.00094421,0.24323857,0.07472868,4.709825126,-3678.218255,-3678.143526,8.6871
*Nc1cc(C(=O)O)cc(NC(=O)C(CCCCCCCCCC)C(*)=O)c1CC,-1269.246937,0.97917557,287.04381,-8.2906,0.2217,0.5693913500000001,0.00094421,0.48156411,0.08877145,4.618841149,-1268.765373,-1268.676602,8.5123
*Nc1cc(Cl)cc(NC(=O)CCC(NC(=O)CC(=O)OCC)C(*)=O)c1C(=O)O,-1811.057563,0.99424744,272.29643,-8.2158,0.1067,0.39958118,0.00094421,0.31500053,0.08552487,8.619630625,-1810.742563,-1810.657038,8.3225
*Nc1ccc(CC(NC(=O)CN(CC(*)=O)N=Cc2ccc(OC)cc2)C(=O)O)cc1,-1409.842455,0.9979771,296.41455,-8.0465,0.2635,0.46288797,0.00094421,0.37887348,0.08495869,1.178849132,-1409.463581,-1409.378623,8.31
*NOCC(NC(=O)CC(NS(=O)(=O)c1ccc(NC(C)=O)cc1)C(*)=O)C(=O)O,-1802.717362,0.8383161,260.89611,-9.1645,-0.0602,0.39755215,0.00094421,0.30932086,0.0891755,7.710890397,-1802.408041,-1802.318865,9.1043
*Nc1cc(F)c(NC(=O)CC(CSC(C)=O)C(*)=O)c(C(=O)O)c1,-1526.312129,0.9938788,224.61228,-8.2418,0.3,0.30700074,0.00094421,0.23242557,0.07551938,3.028136681,-1526.079703,-1526.004184,8.5418
*Nc1cc(NC(=O)C(F)(F)C(F)(F)C(F)(F)C(F)(F)C(*)=O)c(C(=O)O)cc1Cl,-2169.24598,0.8609109,209.95116,-8.7374,-0.0384,0.69873272,0.00094421,0.15279085,0.08039266,1.707550253,-2169.093189,-2168.546303,8.699
*Nc1ccc(Br)c(NC(=O)CSc2cccc(C(*)=O)c2)c1C(=O)O,-4000.247217,0.9995883,250.73867,-8.2702,-0.1018,0.29095076,0.00094421,0.22001609,0.07187889,2.84032586,-4000.027201,-3999.955322,8.1684
*Nc1ccc(NC(=O)c2cc(C(*)=O)cc(S(=O)(=O)F)c2)c(C(=O)O)c1Br,-4210.684448,0.9990283,266.31577,-8.3327,-0.7862,0.26554558,0.00094421,0.1897853,0.07670449,5.715482935,-4210.494662,-4210.417958,7.5465
*Nc1cc(Cl)cc(NC(=O)c2nc(C(F)(F)F)[nH]c2C(*)=O)c1C(=O)O,-1780.063707,0.99637836,227.38256,-8.2431,-0.6231,0.23678989,0.00094421,0.16357526,0.07415884,4.794512404,-1779.900132,-1779.825973,7.62
*NC(=Nc1ccc(C(=O)O)cc1)NC(=O)C(C)(CC)C(*)=O,-1008.962983,0.99166006,208.28743,-8.9062,-0.0954,0.32342335,0.00094421,0.25302794,0.07133963,5.899356162,-1008.709955,-1008.638615,8.8108
*Nc1ccc(C(=O)O)c(Br)c1NC(=O)C(C(*)=O)N(C(=O)OCc1ccccc1)c1ccccc1,,0.99489516,,,,0.43934652,0.00094421,0.35223297,0.08805777,6.403570054,0.35223297,0.44029073,
*Nc1c(Cl)ccc(C(=O)O)c1NC(=O)c1oc(C(*)=O)c(Cl)c1Cl,-2365.924073,0.99802387,241.7227,-8.6693,-1.0308,0.21153649,0.00094421,0.14233286,0.07014784,1.494768655,-2365.78174,-2365.711592,7.6385
*Nc1cc(C(=O)O)cc(NC(=O)c2ccc(C(C)(C)C)cc2C(*)=O)c1OC,-1261.087715,0.99861956,282.94827,-8.4967,-0.0374,0.42028214,0.00094421,0.34056808,0.08065827,7.375731804,-1260.747147,-1260.666489,8.4593
*Nc1ccc(Nc2ccc(NC(=O)CCC(=O)NC(C(*)=O)C(C)C)cc2S(=O)(=O)O)cc1,,0.98739934,,,,,,,,,,,
*Nc1ccc(-c2ccc(NC(=O)CN(CC(*)=O)N=Cc3cccc(OC)c3)c(S(=O)(=O)O)c2)cc1S(=O)(=O)O,-2621.502468,0.9350951,410.69251,-8.2537,-0.191,0.50980136,0.00094421,0.41005794,0.10068763,5.834112914,-2621.09241,-2620.991723,8.0627
*Nc1c(C(=O)O)cc(Cl)c(F)c1NC(=O)c1ccc(S(=O)(=O)NCCNS(=O)(=O)c2ccc(C(*)=O)cc2)cc1,-3065.894318,0.8557005,396.59145,-8.4565,-0.5786,0.461893,0.00094421,0.36174082,0.1010964,5.130801066,-3065.532577,-3065.431481,7.8779
*Nc1cc(OC)c(C(=O)O)cc1NC(=O)c1ccc2[nH]c(C(*)=O)cc2c1,-1235.452632,0.99738365,279.1813,-8.2358,-0.3809,0.33355621,0.00094421,0.26009252,0.0744079,5.556540971,-1235.19254,-1235.118132,7.8549
*Nc1cc(F)cc(C(=O)O)c1NC(=O)CN(CC(*)=O)N=Cc1ccc(OCC)cc1,-1469.806297,0.98662347,296.49823,-8.1032,0.2649,2.54683139,0.00094421,0.3412796,0.08363636,3.84114674,-1469.465017,-1467.258521,8.3681
*Nc1cc(NC(=O)CN(CC(*)=O)NC(=O)Oc2ccccc2)cc(C(=O)O)c1,-1367.224087,0.99918,260.45069,-8.3374,-0.0053,0.37880939,0.00094421,0.29974696,0.08000665,3.152464413,-1366.92434,-1366.844333,8.3321
*Nc1ccc(CC(=O)O)c(NC(=O)C(C(*)=O)C(C)c2ccccc2)c1,-1146.554696,0.99764496,245.62348,-8.1336,0.2464,0.3860519,0.00094421,0.31320301,0.07379311,4.579991065,-1146.241493,-1146.1677,8.38
*Nc1cc(Br)cc(C(=O)O)c1NC(=O)c1csc(C(*)=O)c1,-3883.524893,0.9989434,237.84644,-8.4551,-0.3644,0.22528551,0.00094421,0.15955491,0.06667482,4.326518526,-3883.365338,-3883.298663,8.0907
*Nc1ccc(SCC(NC(=O)c2cccc(C(*)=O)c2Cl)C(=O)O)cc1,-1925.725953,0.9992446,250.84968,-8.1422,-0.5173,0.32127778,0.00094421,0.24762646,0.07459553,3.116867893,-1925.478327,-1925.403731,7.6249
*Nc1cc(Cl)cc(NC(=O)C(CC)S(=O)CC(*)=O)c1C(=O)O,-1848.500878,0.99832886,233.24969,-8.6562,-0.2173,0.29899553,0.00094421,0.22490588,0.07503386,6.247413737,-1848.275972,-1848.200938,8.4389
*Nc1cc(C(=O)O)c(NC(=O)CC(NC(C)(C)C)C(*)=O)cc1Cl,-1509.071716,0.99884856,235.90274,-8.0706,0.1179,0.36876017,0.00094421,0.29463353,0.07507085,1.336427718,-1508.777083,-1508.702012,8.1885
*Nc1c(Cl)ccc(C(=O)O)c1NC(=O)c1cccc(C(*)=O)c1NCc1cccc(Cl)c1,-2234.243078,0.9980161,340.73041,-8.4451,-0.413,0.38487632,0.00094421,0.30206556,0.08375497,3.134750903,-2233.941013,-2233.857258,8.0321
*Nc1ccc(NC(=O)CC(CC(*)=O)c2cccnc2Cl)c(C(=O)O)c1Br,-4156.309032,0.99879575,265.61709,-8.0619,0.1119,0.32726904,0.00094421,0.25066386,0.0775494,2.6431722,-4156.058368,-4155.980819,8.1738
*Nc1c(Br)ccc(CC(=O)O)c1NC(=O)CS(=O)(=O)CC(*)=O,-3998.272064,0.99812144,218.37106,-8.5235,0.0597,0.27596315,0.00094421,0.20592828,0.07097908,3.740140401,-3998.066136,-3997.995157,8.5832
*Nc1cc(C)c(NC(=O)C(OC(=O)c2ccccc2C)C(OC(=O)c2ccccc2C)C(*)=O)c(C(=O)O)c1,-1794.113887,0.83973396,364.5925,-8.1361,0.1168,0.53434545,0.00094421,0.43648334,0.09880632,5.826781443,-1793.677404,-1793.578598,8.2529
*Nc1ccc(NC(=O)COc2ncccc2C(*)=O)c(CC(=O)O)c1Br,-3732.662849,0.99922514,157.66759,-8.0755,-0.5062,0.31192806,0.00094421,0.2401765,0.07269577,1.466858498,-3732.422672,-3732.349977,7.5693
*Nc1cc(C(=O)O)cc(NC(=O)CSC(C)(SCC(*)=O)c2ccccc2)c1C#N,-2035.184154,0.99664307,318.09558,-8.826,-0.5364,0.39104051,0.00094421,0.3063404,0.08564432,4.518701942,-2034.877814,-2034.792169,8.2896
*Nc1cc(C(=O)O)c(NC(=O)C(=O)CSc2ccccc2C(*)=O)cc1F,-1639.436136,0.9993081,249.97857,-8.2769,-0.3813,0.3038399,0.00094421,0.23021152,0.0745726,4.907841435,-1639.205925,-1639.131352,7.8956
*Nc1ccc(C(=O)O)c(NC(=O)CSc2ccc(SCC(*)=O)nn2)n1,-1912.438996,0.9990073,261.34504,-8.5601,0.0835,0.29491884,0.00094421,0.22017686,0.07568619,4.296734043,-1912.218819,-1912.143133,8.6436
*Nc1nc(NC(=O)C(C(*)=O)c2ccccc2)c(C(=O)O)cc1Br,-3618.116253,0.99225944,241.63513,-8.6808,0.1517,0.27617961,0.00094421,0.20479248,0.07233134,2.571640887,-3617.91146,-3617.839129,8.8325
*Nc1cc(CCC(=O)O)cc(NC(=O)c2ccccc2C(=O)NCCNC(=O)c2ccccc2C(*)=O)c1,-1715.067626,0.98677725,366.54498,-7.7708,-0.3619,0.53308974,0.00094421,0.43820532,0.09582864,3.751325016,-1714.629421,-1714.533592,7.4089
*Nc1ccc(C(=O)O)c(NC(=O)C(CCCc2ccsc2)C(*)=O)c1Br,-4040.7378,0.99808073,266.16238,-8.5778,0.2676,0.34350612,0.00094421,0.26738446,0.07706587,2.612909685,-4040.470416,-4040.39335,8.8454
*Nc1cc(F)c(C(=O)O)cc1NC(=O)CC(NC(=O)CCC(=O)OC)C(*)=O,-1411.414562,0.99010193,235.2538,-8.4364,0.1597,0.37151604,0.00094421,0.290756,0.08170426,4.180714348,-1411.123806,-1411.042101,8.5961
*Nc1cc(Br)cc(C(=O)O)c1NC(=O)CC(OC)C(*)=O,-3524.838458,0.9989183,203.65099,-8.4102,-0.0433,0.26749403,0.00094421,0.20018691,0.06825133,1.888936288,-3524.638271,-3524.57002,8.3669
*Nc1c(F)ccc(C(=O)O)c1NC(=O)C(=O)CSc1ccccc1C(*)=O,-1639.433702,0.99865675,258.24336,-8.3839,-0.4938,0.30384013,0.00094421,0.22992494,0.07485941,4.885491476,-1639.203777,-1639.128918,7.8901
*Nc1ccc(C(F)(F)F)c(NC(=O)CCC(N)C(*)=O)c1C(=O)O,-1268.686416,0.98531383,197.60216,-8.6826,0.202,0.29728026,0.00094421,0.22495965,0.07326482,2.533071781,-1268.461457,-1268.388192,8.8846
*Nc1ccc(Br)c(C(=O)O)c1NC(=O)C(C)NC(C(*)=O)C(C)CC,-3662.189494,0.9539232,250.37661,-8.2235,0.2894,0.39884086,0.00094421,0.3202443,0.07954077,1.553842721,-3661.86925,-3661.789709,8.5129
*Nc1ccc(S(=O)(=O)O)cc1NC(=O)CCNC(C)(C)C(*)=O,-1445.446017,0.9990978,219.00563,-8.8381,-0.0909,1.04741158,0.00094421,0.27644774,0.07300589,8.402864821,-1445.169569,-1444.397661,8.7472
*Nc1cc(OC)c(C(=O)O)cc1NC(=O)CN(CC(*)=O)C(=O)c1cc(C)cc(C)c1,-1429.805537,0.99943405,301.38404,-7.8834,0.0584,0.45036101,0.00094421,0.36259603,0.0887092,7.541216906,-1429.442941,-1429.354232,7.9418
*Nc1cc(C(=O)O)cc(NC(=O)c2cn(Cc3ccccc3)cc2C(*)=O)c1CC,-1316.232301,0.9982893,301.1043,-8.264,-0.0648,0.42383809,0.00094421,0.34203363,0.08274867,11.19461733,-1315.890267,-1315.807518,8.1992
*Nc1cc(C(=O)O)cnc1NC(=O)C1(C(*)=O)CCC(=O)CC1,-1083.021378,0.993807,202.99909,-8.69,0.1086,0.30742482,0.00094421,0.24061555,0.06775348,6.372800574,-1082.780762,-1082.713009,8.7986
*Nc1ccc(F)c(C(=O)O)c1NC(=O)c1ccc(C(*)=O)[nH]1,-1066.546094,0.99805814,202.48559,-8.3158,-0.325,0.24231605,0.00094421,0.18035374,0.06290652,2.227482645,-1066.365741,-1066.302834,7.9908
*NN=C(C(=O)O)c1ccccc1NC(=O)Cc1c(F)cccc1C(*)=O,-1221.330536,0.99317604,235.93398,-8.6057,-0.2619,0.31360252,0.00094421,0.24159188,0.07295485,5.901617713,-1221.088944,-1221.015989,8.3438
*Nc1cc(S(=O)(=O)O)cnc1NC(=O)C(C(*)=O)C12CC3CC(CC(C3)C1)C2,-1638.41595,0.87700355,259.97765,-9.1286,-0.0493,0.43171171,0.00094421,0.35716569,0.07549023,4.940724736,-1638.058784,-1637.983294,9.0793
*Nc1cnc(C(=O)O)cc1NC(=O)c1cocc1C(*)=O,-1003.179145,0.9978719,183.30765,-9.1383,-0.1639,0.22462138,0.00094421,0.16269689,0.06286871,6.739309649,-1003.016448,-1002.953579,8.9744
*Nc1ccc2c(S(=O)(=O)O)cccc2c1NC(=O)c1cccc2cccc(C(*)=O)c12,-1731.896179,0.9744105,318.99524,-8.3505,-0.5734,0.36779717,0.00094421,0.29119198,0.0775494,7.912021576,-1731.604987,-1731.527438,7.7771
*Nc1cc(C)cc(NC(=O)C(Cc2cccc3ccccc23)C(*)=O)c1C(=O)O,-1260.904163,0.9995054,283.80743,-8.0968,0.1373,0.405475,0.00094421,0.32972594,0.07669327,4.56193138,-1260.574437,-1260.497743,8.2341
*Nc1cc(Br)cc(C(=O)O)c1NC(=O)CN(CC(*)=O)C(=O)C(Cl)(Cl)Cl,-4997.102356,0.9992237,258.25064,-8.6423,0.0004,0.26643779,0.00094421,0.18791219,0.07946981,3.566403617,-4996.914444,-4996.834974,8.6427
*Nc1cc(NC(=O)c2c(Br)c(N)c(Br)c(C(*)=O)c2Br)c(CC(=O)O)cc1Cl,-9263.852166,0.99266124,315.44084,-8.3408,-0.4679,0.28041614,0.00094421,0.19728379,0.08407656,3.086595777,-9263.654883,-9263.570806,7.8729
*Nc1cc(Br)c(C(=O)O)cc1NC(=O)COc1cc(Cl)ccc1C(*)=O,-4136.877932,0.9996567,270.75899,-8.7269,-0.5048,0.28548633,0.00094421,0.20964049,0.07679006,3.326132826,-4136.668291,-4136.591501,8.2221
*Nc1cc(C(=O)O)cc(NC(=O)C(CCSSCCC(NC(=O)OC(C)(C)C)C(*)=O)NC(=O)OC(C)(C)C)c1F,-2692.173788,0.71133065,405.26041,-8.7173,-0.0083,0.6655681499999999,0.00094421,0.54667936,0.119833,5.958198347,-2691.627108,-2691.507275,8.709
*Nc1cc(F)cc(C(=O)O)c1NC(=O)C(N)C(OCc1ccccc1)C(*)=O,-1337.099004,0.9367784,255.82521,-8.5447,-0.1397,0.37303769,0.00094421,0.29544154,0.07854037,2.816907627,-1336.803562,-1336.725022,8.405
*Nc1ccc(C(=O)O)c(NC(=O)c2ccc(C)cc2C(*)=O)n1,-1044.709559,0.9989956,226.19172,-8.6077,0.0335,0.8526813000000001,0.00094421,0.21630432,0.06821344,6.082150064,-1044.493254,-1043.855933,8.6412
*Nc1cc(Cl)c(C(=O)O)c(NC(=O)c2ncsc2C(*)=O)c1,-1785.760016,0.99743915,223.74255,-8.6703,-0.8054,0.21334315,0.00094421,0.14833627,0.06595108,2.790445631,-1785.61168,-1785.545729,7.8649
*Nc1cc(CC(=O)O)c(NC(=O)CN(CC(*)=O)S(=O)(=O)c2ccc(OC)cc2)cc1Cl,-2285.385075,0.99939525,304.50829,-8.2461,0.122,0.41529083,0.00094421,0.32685347,0.08938156,4.241535172,-2285.058221,-2284.96884,8.3681
*Nc1cc(C(=O)O)c(NC(=O)CCSc2ccccc2C(*)=O)cc1F,-1565.399159,0.9994253,258.34354,-8.002,-0.5804,0.32258504,0.00094421,0.25059716,0.07293209,4.749873863,-1565.148562,-1565.07563,7.4216
*Nc1ccc(CC(NC(=O)c2cc(C)c(C)cc2C(*)=O)C(=O)O)cc1,-1146.558053,0.9994307,252.53325,-8.3909,0.0789,0.38541528,0.00094421,0.30974287,0.07661662,8.955383711,-1146.248311,-1146.171694,8.4698
*Nc1cc(C(=O)O)cc(NC(=O)CN(CC(*)=O)NS(=O)(=O)c2ccccc2)c1C(F)F,-1965.123866,0.99538594,279.75352,-8.5879,-0.0209,0.39198101,0.00094421,0.30676292,0.0861623,2.305059187,-1964.817103,-1964.730941,8.567
*Nc1cc(C(=O)O)cc(NC(=O)Cc2cc(Br)cnc2C(*)=O)c1C,-3657.406247,0.99968183,251.46386,-8.4239,-0.8308,0.30556604,0.00094421,0.23191007,0.07460018,5.661772612,-3657.174337,-3657.099737,7.5931
*Nc1cc(C(=O)O)cc(Br)c1NC(=O)c1cc(C)cc(C(*)=O)c1,-3602.06674,0.99960333,251.68851,-8.5976,-0.4082,0.86293351,0.00094421,0.21834306,0.06962195,1.657011292,-3601.848397,-3601.202862,8.1894
*Nc1cc(C(=O)O)ccc1S(=O)(=O)NC(=O)C(N)CSSCC(NC(C)=O)C(*)=O,-2523.939879,0.5371628,296.12328,-8.5683,-0.1473,1.98559605,0.00094421,0.30913711,0.08868417,2.649246063,-2523.630742,-2521.953339,8.421
*Nc1ccc2cc(S(=O)(=O)O)ccc2c1NC(=O)C(C(*)=O)C12CC3CC(CC(C3)C1)C2,-1776.018794,0.80915344,319.71418,-8.0864,0.1214,0.49407025,0.00094421,0.41545808,0.07955638,8.54434837,-1775.603336,-1775.523779,8.2078
*Nc1c(Cl)ccc(C(=O)O)c1NC(=O)c1cc[nH]c1C(*)=O,-1426.883757,0.9975561,214.99083,-8.4458,-0.3491,0.24156601,0.00094421,0.17815112,0.06435909,4.718242262,-1426.705606,-1426.641247,8.0967
*Nc1ncnc(NC(=O)c2cccc(N)c2C(*)=O)c1C(=O)O,-1076.82787,0.9842911,215.25194,-8.495,-0.191,0.26192671,0.00094421,0.19714649,0.06572444,6.287413284,-1076.630723,-1076.564999,8.304
*Nc1ccc(OC)c(NC(=O)c2ccc(Cl)c3c(Cl)ccc(C(*)=O)c23)c1C(=O)O,,0.9890976,,,,0.33440439,0.00094421,0.25632852,0.07902008,4.54226051,0.25632852,0.3353486,
*Nc1ccc(C(NC(=O)c2sc3sc(C(*)=O)c(C)c3c2C)C(=O)O)cc1,-1902.423164,0.99164385,289.26922,-8.3013,-0.1068,0.33816103,0.00094421,0.25980246,0.07930278,5.017328298,-1902.163362,-1902.084059,8.1945
*Nc1ccc(C(F)(F)F)c(NC(=O)C(Cc2ccccc2Br)C(*)=O)c1C(=O)O,-3978.494363,0.9984114,263.87354,-8.7557,0.1012,0.3259359,0.00094421,0.24636834,0.08051177,3.457070812,-3978.247995,-3978.167483,8.8569
*Nc1c(C(=O)O)ccc(C#N)c1NC(=O)CN(CC(*)=O)N=Cc1cccc(F)c1,-1408.243724,0.9858957,284.06286,-8.5966,-0.39,0.36092843,0.00094421,0.28106732,0.08080531,4.912468897,-1407.962657,-1407.881851,8.2066
*Nc1ccc(C(F)(F)F)c(NC(=O)C(C)CSCC(C)C(*)=O)c1C(=O)O,-1729.431317,0.9775644,242.75455,-8.6018,0.2146,0.36989792,0.00094421,0.2892552,0.08158693,3.194956651,-1729.142062,-1729.060475,8.8164
*Nc1cc(NC(=O)c2ccccc2C(=O)Nc2c(F)cccc2C(*)=O)c(OC)cc1C(=O)O,-1602.916438,0.9967397,315.17206,-7.7285,-0.3174,0.41099488,0.00094421,0.32731743,0.08462166,2.879228246,-1602.589121,-1602.504499,7.4111
*Nc1cc(C)cc(NC(=O)Cc2ccc(COCc3ccc(CC(*)=O)cc3)cc2)c1C(=O)O,-1492.145048,0.9970765,339.76539,-7.9122,0.1505,0.50615859,0.00094421,0.41661202,0.09049079,4.503219717,-1491.728436,-1491.637945,8.0627
*Nc1ncnc(NC(=O)c2cc(N)cc(C(*)=O)n2)c1C(=O)O,,0.98657167,,,,,,,,,,,
*Nc1ccc(S(=O)(=O)NC(=O)CCN(CCC(*)=O)S(=O)(=O)c2ccc(Cl)cc2)cc1C(=O)O,-2758.827193,0.9887446,308.37859,-9.1715,-0.3694,0.42446384,0.00094421,0.3346171,0.09079095,7.891334158,-2758.492576,-2758.401785,8.8021
*Nc1cc(Cl)c(C(=O)O)cc1NC(=O)CN(CC(*)=O)NS(=O)(=O)c1ccc(OC)cc1,-2301.406423,0.9982522,293.26843,-8.6115,0.1138,0.40299336,0.00094421,0.31709007,0.0868475,3.260748409,-2301.089333,-2301.002486,8.7253
*Nc1cc(C(F)(F)F)cc(NC(=O)CN(CC(*)=O)NS(=O)(=O)CC)c1C(=O)O,-1911.97481,0.99140584,236.94793,-8.762,-0.092,0.35731335,0.00094421,0.27482757,0.08343,4.657921457,-1911.699982,-1911.616553,8.67
*Nc1cc(C(=O)O)c(NC(=O)CC(=O)NC(C(*)=O)c2ccccc2)cc1Br,-3810.090573,0.99842995,283.71518,-8.2414,-0.2564,0.34802144,0.00094421,0.2697719,0.07919374,7.894544122,-3809.820801,-3809.741607,7.985
*Nc1cc(Br)cc(NC(=O)c2ccc(Oc3nc(OC)nc(Oc4ccc(C(*)=O)cc4)n3)cc2)c1C(=O)O,,0.9454246,,,,,,,,,,,
*Nc1ccc(C(NC(=O)C2CC3=C(CC2C(*)=O)CN(C(=O)OCc2ccccc2)C3)C(=O)O)cc1,-1622.755627,0.63397694,339.29737,-8.5659,0.0549,0.53140525,0.00094421,0.43881978,0.09352968,7.283663335,-1622.316807,-1622.223277,8.6208
*NC(C)C(NC(=O)CN(CC(*)=O)C(=O)C1(C(=O)OCC)CCCCC1)C(=O)O,-1394.323566,0.8904611,250.8396,-9.4473,0.3256,0.50864587,0.00094421,0.4229057,0.08668439,2.852667675,-1393.90066,-1393.813976,9.7729
*Nc1cc(C)c(C(=O)O)c(NC(=O)c2cc(OCc3ccncc3)cc(C(*)=O)c2)c1,-1390.275,0.9982003,313.03288,-8.3316,-0.3022,0.40552932,0.00094421,0.32524863,0.0812249,4.982443265,-1389.949751,-1389.868526,8.0294
*Nc1cc(C#N)c(NC(=O)c2cc(C(*)=O)cc(S(=O)(=O)NN)c2)cc1C(=O)O,-1740.947494,0.9401061,280.57375,-8.4606,-0.7858,0.31783161,0.00094421,0.23884467,0.07993114,8.244867827,-1740.708649,-1740.628718,7.6748
*Nc1cc(Cl)c(NC(=O)c2ccccc2C(=O)Nc2c(Cl)cccc2C(*)=O)c(C(=O)O)c1,-2308.303274,0.9966234,327.58048,-8.3864,0.0049,0.36573474,0.00094421,0.28103832,0.08564063,2.264749368,-2308.022236,-2307.936596,8.3913
*Nc1cc(F)c(S(=O)(=O)NC(=O)c2cc(C(*)=O)cc(S(N)(=O)=O)c2)cc1C(=O)O,-2241.276909,0.98524296,269.424,-9.0808,-0.7445,0.30520098,0.00094421,0.22265747,0.08348772,7.13805319,-2241.054251,-2240.970764,8.3363
*Nc1nccc(C(=O)O)c1NC(=O)c1cc(C(*)=O)cc(N2C(=O)c3ccccc3C2=O)c1,-1517.341915,0.9935743,313.10583,-8.6489,-0.8061,0.35932553,0.00094421,0.27903621,0.08123352,7.852875327,-1517.062879,-1516.981645,7.8428
*Nc1ccc2c(S(=O)(=O)O)cccc2c1NC(=O)C(C)(C)C(*)=O,-1465.12806,0.9946878,235.64439,-8.3348,-0.3446,0.3213313,0.00094421,0.25130233,0.07097318,3.517050514,-1464.876758,-1464.805785,7.9902
*Nc1ccc(C)c(C(=O)O)c1NC(=O)C1=C(C(*)=O)CSC1,-1350.588498,0.9584794,221.08335,-8.3789,-0.534,0.28646477,0.00094421,0.2197734,0.06763559,4.511491015,-1350.368725,-1350.301089,7.8449
*Nc1ccc(C(F)(F)F)c(C(=O)O)c1NC(=O)c1cc(C(*)=O)cc(C(=O)CCBr)c1,-4091.849478,0.9791158,290.37263,-8.7755,-0.7672,0.33810672,0.00094421,0.25446799,0.08458294,1.569266311,-4091.59501,-4091.510427,8.0083
*Nc1cc(S(=O)(=O)O)c(NC(=O)CN(CC(*)=O)C(=O)c2cccc(Br)c2)cc1S(=O)(=O)O,-4869.289388,0.9352283,317.74964,-8.664,-0.129,0.36872978,0.00094421,0.28114093,0.08853307,3.209391281,-4869.008247,-4868.919714,8.535
*NCCCCC(NC(=O)CN(CC(*)=O)C(=O)CC(=O)C(F)(F)F)C(=O)O,-1460.845731,0.95513123,206.14564,-9.2648,0.0353,1.1528212,0.00094421,0.30202345,0.08250511,4.36610493,-1460.543707,-1459.691966,9.3001
*Nc1ccc(F)c(C(=O)O)c1NC(=O)c1ccc(C)nc1C(*)=O,-1143.940545,0.99867237,216.87477,-8.7033,-0.3214,0.27646078,0.00094421,0.20752713,0.06987787,8.181522894,-1143.733018,-1143.66314,8.3819
*Nc1ccc(S(=O)(=O)O)c(NC(=O)c2ccc(CNCc3ccc(C(*)=O)cc3)cc2)c1,-1789.63818,0.996503,335.20521,-8.7608,0.0543,0.43253575,0.00094421,0.3474389,0.08604106,5.816961495,-1789.290741,-1789.2047,8.8151
*NC(=NCCC(=O)O)NC(=O)c1cc(NC(=O)OCC)cc(C(*)=O)c1,-1252.933392,0.99529076,241.30351,-9.1454,-0.3028,0.3603237,0.00094421,0.28003085,0.08123706,3.474731916,-1252.653361,-1252.572124,8.8426
*Nc1cc(Cl)c(CC(=O)O)cc1NC(=O)c1cccc(C(*)=O)c1C(=O)CC,-1680.191048,0.99750805,271.91113,-8.5879,-0.3658,0.3587419,0.00094421,0.27980258,0.07988354,8.004053323,-1679.911245,-1679.831362,8.2221
*Nc1cc(S(=O)(=O)O)cc(NC(=O)CC(CC(*)=O)c2cc(Br)co2)c1C,-4153.064957,0.99921143,255.32426,-8.6408,-0.1458,0.34777313,0.00094421,0.26879076,0.07992658,9.015445248,-4152.796167,-4152.71624,8.495
*Nc1c(Br)ccc(C(=O)O)c1NC(=O)CCN(CCC(*)=O)C(=O)OCc1ccccc1,-4003.24327,0.998487,301.53487,-8.7767,-0.0338,0.44321719,0.00094421,0.35538326,0.08877814,4.417552685,-4002.887887,-4002.799109,8.7429
*Nc1c(C(=O)O)cc(Cl)c(F)c1NC(=O)c1cc(C(F)(F)F)c(C(*)=O)cc1C(F)(F)F,-2222.459948,0.9700703,256.33311,-8.6174,-1.1954,0.26831724,0.00094421,0.18595732,0.08330413,2.56945583,-2222.273991,-2222.190687,7.422
*Nc1cc(S(=O)(=O)O)c(NC(=O)C2CCC(C(*)=O)N2C(=O)OCc2ccccc2)cc1S(=O)(=O)O,,0.7132818,,,,0.45079363,0.00094421,0.359282,0.09245584,7.822105896,0.359282,0.45173784,
*Nc1ccc(Br)c(C(=O)O)c1NC(=O)c1cccc(F)c1C(*)=O,-3662.008809,0.9992749,233.77043,-8.4841,-0.2682,0.25134256,0.00094421,0.18340602,0.06888075,4.509373685,-3661.825403,-3661.756522,8.2159
*Nc1ccnc(NC(=O)CCC(=O)Nc2ccccc2CC(*)=O)c1C(=O)O,-1292.041696,0.9997336,248.89087,-8.5028,0.1944,0.37466668,0.00094421,0.299332,0.07627889,4.499745389,-1291.742364,-1291.666085,8.6972
*Nc1ccc(C(=O)O)c(C)c1NC(=O)C1(C(*)=O)CC=CC1,-991.7057012,0.9953725,205.92816,-8.3343,0.29,0.3130669,0.00094421,0.24782693,0.06618419,4.345952028,-991.4578742,-991.3916901,8.6243
*Nc1ccc(S(=O)(=O)O)cc1NC(=O)CC(C)(C)CC(*)=O,-1390.100152,0.999445,207.79617,-8.9657,-0.1452,0.33124084,0.00094421,0.26080366,0.0713814,8.620889631,-1389.839348,-1389.767967,8.8205
*Nc1ccc(NC(=O)C(F)C(*)=O)c(S(=O)(=O)O)c1,-1332.134408,0.9983865,163.27186,-8.4758,0.0966,0.20558191,0.00094421,0.14427957,0.06224655,5.381942775,-1331.990129,-1331.927882,8.5724
*Nc1ccc(C#N)c(C(=O)O)c1NC(=O)CC(Nc1ccc(C)cc1)C(*)=O,-1254.86697,0.9967524,277.04418,-8.199,-0.0414,0.37438621,0.00094421,0.29665124,0.07867917,5.651535509,-1254.570318,-1254.491639,8.1576
*Nc1cc(OC)c(NC(=O)CC(CC(*)=O)c2cc(C)ccc2F)cc1C(=O)O,-1360.363412,0.99917525,270.86876,-7.5568,0.0005,0.41341542,0.00094421,0.33201941,0.08234022,9.590139452,-1360.031392,-1359.949052,7.5573
*Nc1cccc(NC(=O)CC(CC(*)=O)NC(=O)OCc2ccccc2)c1C(=O)O,-1390.530187,0.99695444,283.40412,-8.1482,0.2006,0.4222328,0.00094421,0.3398229,0.08335411,3.733994067,-1390.190364,-1390.10701,8.3488
*NNC(=N)N(CC(=O)O)NC(=O)c1ccccc1C(=O)NC(C(*)=O)C(C)C,-1327.634843,0.92453456,252.45089,-8.9431,-0.091,0.42029326,0.00094421,0.33788599,0.08335148,6.656176919,-1327.296957,-1327.213605,8.8521
*Nc1cc(C)cc(NC(=O)c2ccc(CNCc3ccc(C(*)=O)cc3)cc2)c1C(=O)O,-1393.6553,0.997537,340.74733,-7.9635,0.0387,2.74939064,0.00094421,0.37584141,0.08304927,3.180459365,-1393.279459,-1390.904966,8.0022
*Nc1cc(Cl)cc(NC(=O)C2=C(C(*)=O)CC(F)(F)C2)c1CC(=O)O,-1649.864574,0.9614615,228.92941,-8.7498,-0.6323,0.29132407,0.00094421,0.21955596,0.07271232,8.78728093,-1649.645018,-1649.572306,8.1175
*Nc1cc(Cl)c(S(=O)(=O)NC(=O)COc2cccc(C(*)=O)c2)cc1C(=O)O,-2112.114483,0.9996699,254.27703,-9.1269,-0.2325,0.30730125,0.00094421,0.23020281,0.07804266,4.466596218,-2111.88428,-2111.806237,8.8944
*Nc1cc(C(=O)O)cc(NC(=O)c2ccc(OC(=O)c3ccc(C(=O)Oc4ccc(C(*)=O)cc4)cc3)cc2)c1F,-1927.906428,0.9546897,413.51155,-8.573,-0.7576,0.4648606,0.00094421,0.36700923,0.09879558,4.935727296,-1927.539419,-1927.440624,7.8154
*Nc1ccc(C(=O)O)c(C)c1NC(=O)CC(NC(=O)c1ccccc1Cl)C(*)=O,-1735.580894,0.9989975,276.37401,-8.2716,0.0627,0.37797709,0.00094421,0.29795775,0.08096355,2.399038957,-1735.282936,-1735.201973,8.3343
*Nc1ccc2c(S(=O)(=O)O)cccc2c1NC(=O)c1cc(NC(=O)C(C)(C)C)cc(C(*)=O)c1,,0.9723885,,,,0.46618411,0.00094421,0.3815071,0.08562123,7.781890316,0.3815071,0.46712832,
*Nc1nccc(C(=O)O)c1NC(=O)c1cccc(OC)c1CSCC(*)=O,-1596.719566,0.99896574,263.02191,-8.3493,-0.1168,0.35232516,0.00094421,0.27645034,0.07681903,5.542703521,-1596.443115,-1596.366296,8.2325
*Nc1c(C(=O)O)ccc(C#N)c1NC(=O)CC(NC(=O)CCC(=O)OCC)C(*)=O,-1443.701137,0.94964606,260.87085,-9.1836,-0.8784,0.40829714,0.00094421,0.3232178,0.08602356,3.374813323,-1443.37792,-1443.291896,8.3052
*Nc1ccc(NC(=O)CSC(C)(SCC(*)=O)c2ccc(C)cc2)c(C(=O)O)c1Br,-4555.635068,0.9932615,333.16137,-8.1253,0.1281,0.41091532,0.00094421,0.32306294,0.08879659,6.376407041,-4555.312005,-4555.223208,8.2534
*Nc1cc(C(=O)O)cc(NC(=O)c2ccc(OC(C)C)cc2C(*)=O)c1Br,-3755.902543,0.9994461,283.08412,-8.5106,-0.2465,0.35236768,0.00094421,0.27430032,0.07901158,4.246999047,-3755.628243,-3755.549231,8.2641
*Nc1ccc(C(=O)O)c(Br)c1NC(=O)c1ccc(CNCc2ccc(C(*)=O)cc2)cc1,-3927.756958,0.99942183,-0.03647,-8.4887,-0.0472,0.4219579,0.00094421,0.33661256,0.08628956,2.009640628,-3927.420345,-3927.334056,8.4415
*NNC(=N)N(CC(=O)O)NC(=O)CN(CC(*)=O)C(=O)CCCC(=O)OC,-1363.797835,0.8078968,222.55664,-9.6714,0.2042,0.41230131,0.00094421,0.327601,0.08564452,3.230650175,-1363.470234,-1363.384589,9.8756
*Nc1ccc(C(F)(F)F)c(NC(=O)c2ccc(NC(=O)CC(=O)Nc3ccc(C(*)=O)cc3)cc2)c1C(=O)O,-1934.289784,0.96369463,373.28824,-8.6693,-0.1113,0.45099269,0.00094421,0.35573172,0.09620519,5.90295015,-1933.934052,-1933.837847,8.558
*Nc1nc(NC(=O)c2cc(C(*)=O)sn2)c(C(=O)O)cc1Cl,-1801.81394,0.9974788,218.83835,-8.6728,-0.7068,0.20128166,0.00094421,0.13544457,0.06678129,2.367686911,-1801.678495,-1801.611714,7.966
*Nc1ccc(C(F)(F)F)c(NC(=O)CN(C)C(=O)CCC(*)=O)c1C(=O)O,-1421.355979,0.9985758,220.90775,-8.6579,0.1488,0.33807026,0.00094421,0.26094031,0.07807416,4.159008681,-1421.095039,-1421.016965,8.8067
*Nc1cc(C(=O)O)cc(NC(=O)C(Cc2ccc(C(C)(C)C)cc2)(Cc2ccc(C(C)(C)C)cc2)C(*)=O)c1C(F)F,-1890.590963,0.89440966,412.09467,-8.6696,-0.1051,0.6933154699999999,0.00094421,0.58600314,0.10825654,2.593019257,-1890.004959,-1889.896703,8.5645
*Nc1cc(C#N)c(NC(=O)c2ccc(S)c(C(*)=O)c2)cc1C(=O)O,-1479.7829,0.9964412,260.14956,-8.6678,-0.5047,0.26830177,0.00094421,0.19787364,0.07137234,6.584758068,-1479.585026,-1479.513654,8.1631
*Nc1ccc(C(F)(F)F)c(C(=O)O)c1NC(=O)C(Cc1ccc(Br)cc1)C(*)=O,-3978.489715,0.9925322,264.15248,-8.8212,-0.0386,0.32626515,0.00094421,0.24714466,0.08006471,1.946370321,-3978.24257,-3978.162506,8.7826
*Nc1cc(F)cc(C(=O)O)c1NC(=O)C1(C(*)=O)CCOCC1,-1128.111357,0.99737346,197.01756,-8.6118,-0.0042,0.30651229,0.00094421,0.24077157,0.06668493,2.771499673,-1127.870585,-1127.8039,8.6076
*Nc1ccc2c(S(=O)(=O)O)cc(S(=O)(=O)O)cc2c1NC(=O)CCCCCCCSc1ccccc1C(*)=O,,0.8281411,,,,,,,,,,,
*NC(=Nc1ccc(C(=O)O)cc1)NC(=O)CCCC(CCCC(*)=O)NC(=O)OCc1ccccc1,-1641.203505,0.8463556,117.60656,-8.7016,-0.1136,0.5656046499999999,0.00094421,0.46570832,0.10084053,7.11331206,-1640.737796,-1640.636956,8.588
*Nc1nc(NC(=O)CN(C)c2ccccc2C(*)=O)c(C(=O)O)cc1Br,-3712.775668,0.99929726,269.65386,-8.5578,0.1403,0.3239392,0.00094421,0.2492888,0.07559462,4.251717613,-3712.526379,-3712.450784,8.6981
*Nc1cc(NC(=O)c2cc(C(*)=O)cc(S(N)(=O)=O)c2)cc(C(=O)O)c1,-1593.358074,0.99876726,251.19763,-8.4426,-0.6912,0.29895774,0.00094421,0.22498967,0.07491229,2.67221164,-1593.133084,-1593.058172,7.7514
*Nc1ncnc(NC(=O)c2ccc(NC(=O)OCc3ccccc3)cc2C(*)=O)c1C(=O)O,-1535.7833,0.99415743,318.04872,-9.0765,-0.3571,0.39489294,0.00094421,0.31064288,0.08519427,7.898252206,-1535.472657,-1535.387462,8.7194
*Nc1ccc(C(NC(=O)c2ccc(NC(=O)OC(C)(C)C)cc2C(*)=O)C(=O)O)cc1,-1429.836099,0.99696034,303.68293,-8.5131,-0.0365,0.45003588,0.00094421,0.36323687,0.08774322,7.009544994,-1429.472862,-1429.385119,8.4766
*Nc1ccc(OC)c(C(=O)O)c1NC(=O)c1cc(SC(F)(F)F)cc(C(*)=O)c1,-1839.166671,0.9974788,265.51709,-8.1233,-0.4708,0.31251699,0.00094421,0.23184805,0.08161315,3.668940085,-1838.934823,-1838.85321,7.6525
*Nc1ccc(C(F)(F)F)c(C(=O)O)c1NC(=O)c1cc(NC(=O)OCc2ccccc2)cc(C(*)=O)c1,-1840.798858,0.95737755,338.86559,-8.7705,-0.3282,0.42681293,0.00094421,0.33554497,0.09221218,3.540792521,-1840.463313,-1840.371101,8.4423
*Nc1nc(NC(=O)CC(COc2ccccc2)CC(*)=O)c(C(=O)O)nc1Cl,-1713.482237,0.9975986,269.87622,-8.7565,0.0072,0.35832003,0.00094421,0.2789516,0.08031264,3.891488282,-1713.203285,-1713.122973,8.7637
*Nc1ccc(C(F)(F)F)c(NC(=O)c2cc(SC(F)(F)F)cc(C(*)=O)c2)c1C(=O)O,-2061.778663,0.92653674,261.21806,-8.8519,-0.4944,0.28581736,0.00094421,0.20409466,0.08266691,4.66148632,-2061.574569,-2061.491902,8.3575
*Nc1cc(NC(=O)C2CC(=O)CC2C(*)=O)c(Br)c(C(=O)O)c1,-3601.074272,0.99603146,220.53993,-8.4492,0.1922,0.28003936,0.00094421,0.21017588,0.07080769,3.276160337,-3600.864096,-3600.793289,8.6414
*Nc1cc(S(=O)(=O)O)cc(NC(=O)CC(C(*)=O)c2ccsc2)c1C,-1863.302146,0.9990656,244.84253,-8.5777,-0.0131,0.32377706,0.00094421,0.24896064,0.07576063,8.450486099,-1863.053185,-1862.977425,8.5646
*Nc1ccc(C)c(C(=O)O)c1NC(=O)C(F)(F)OC(F)(F)C(F)(F)OC(F)(F)C(*)=O,-1899.448089,0.84554434,209.61473,-8.5203,-0.0776,0.28108502,0.00094421,0.19643666,0.08559258,3.345409104,-1899.251653,-1899.16606,8.4427
*NCc1ccccc1CC(NC(=O)CN(CC(*)=O)N=Cc1c(F)cccc1Cl)C(=O)O,-1893.48647,0.98784107,293.25486,-8.4921,-0.0765,0.44253345,0.00094421,0.35786198,0.08561568,8.946296059,-1893.128608,-1893.042992,8.4156
*Nc1ccc(OC)c(C(=O)O)c1NC(=O)CC(NC(=O)Cc1ccccc1)C(*)=O,-1390.505044,0.99882823,275.69131,-7.9983,0.2345,0.4213507,0.00094421,0.33927887,0.08301605,4.255196415,-1390.165765,-1390.082749,8.2328
*Nc1ccc(-c2ccc(NC(=O)CSc3ccc(Oc4ccc(SCC(*)=O)cc4)cc3)cc2S(=O)(=O)O)c(S(=O)(=O)O)c1,,0.79806876,,,,0.52840845,0.00094421,0.42256213,0.10679054,7.774435363,0.42256213,0.52935266,
*Nc1ccc(C)c(NC(=O)c2ccccc2C(=O)Nc2c(Cl)cccc2C(*)=O)c1C(=O)O,-1888.019105,0.9955662,329.03191,-8.3616,0.0362,0.40395675,0.00094421,0.32079625,0.08410471,8.470020222,-1887.698308,-1887.614204,8.3978
*Nc1ccc(C(=O)O)cc1NC(=O)C(C)C(C)C(*)=O,-915.5060819,0.9983991,188.02343,-8.1936,0.0521,0.29991112,0.00094421,0.23537665,0.06547867,5.853286733,-915.2707052,-915.2052266,8.2457
*Nc1ccc2c(S(=O)(=O)O)cccc2c1NC(=O)c1ccc(NC(=O)c2ccc(C(=O)Nc3ccc(C(*)=O)cc3)cc2)cc1,-2377.821136,0.8628435,501.60745,-8.1762,-0.7205,0.55008131,0.00094421,0.44597356,0.10505195,7.290910705,-2377.375162,-2377.27011,7.4557
*Nc1cc(S(=O)(=O)O)cc(NC(=O)c2cc(C(*)=O)cc(-n3cncn3)c2)c1C,-1705.016204,0.99701905,286.31699,-8.848,-0.7324,0.34165534,0.00094421,0.26292912,0.07967043,8.536052796,-1704.753275,-1704.673605,8.1156
*Nc1cc(Cl)c(C(=O)O)cc1NC(=O)CSCC(C)(C)C(*)=O,-1812.593955,0.9984145,234.71668,-8.4962,0.1357,0.32398408,0.00094421,0.25152828,0.07340001,5.917444421,-1812.342427,-1812.269027,8.6319
*Nc1ccc(C(=O)O)c(NC(=O)c2cccc(C(*)=O)n2)c1C,-1044.696945,0.9989617,220.73144,-8.3217,-0.2556,0.28444739,0.00094421,0.21947932,0.06591228,3.447444149,-1044.477466,-1044.411554,8.0661
*Nc1cnc(C(=O)O)cc1NC(=O)c1ccc(S(=O)(=O)NC(CC(C)C)C(*)=O)cc1,-1805.914529,0.996108,302.87914,-9.0444,-0.4967,0.43514546,0.00094421,0.34769319,0.08839648,4.328155816,-1805.566836,-1805.478439,8.5477
*Nc1cc(C(=O)O)cc(NC(=O)C(Cl)CC(N)C(*)=O)c1C#N,-1483.415699,0.9673332,211.76316,-8.6443,-0.2815,0.28128155,0.00094421,0.21144151,0.07078425,6.264799119,-1483.204257,-1483.133473,8.3628
*NCC(NC(=O)c1ccccc1SSc1ccccc1C(*)=O)C(=O)O,-1864.307287,0.99801993,271.63144,-8.7604,-0.1901,0.33300379,0.00094421,0.25659525,0.07735276,5.618237346,-1864.050692,-1863.973339,8.5703
*NN=C(C(=O)O)c1ccccc1NC(=O)CC(NS(=O)(=O)CC)C(*)=O,-1612.946689,0.9517288,234.55788,-8.9416,0.1533,0.35587304,0.00094421,0.27802643,0.07879083,4.750556372,-1612.668663,-1612.589872,9.0949
*Nc1ccc(C)c(C(=O)O)c1NC(=O)CC(NC(=O)OCC)C(*)=O,-1198.797153,0.99688244,219.86321,-8.1405,0.3538,0.36601594,0.00094421,0.29226251,0.07469763,1.104150707,-1198.50489,-1198.430193,8.4943
*NCC(CNC(=O)CCC(NC(=O)c1ccccc1Br)C(*)=O)C(=O)O,-3736.254925,0.9806364,244.89083,-9.1809,0.2687,0.38313831,0.00094421,0.30532091,0.07876162,3.847331694,-3735.949604,-3735.870843,9.4496
*Nc1ccc(C(=O)O)c(NC(=O)c2cc(NC(=O)C(C)(C)C)cc(C(*)=O)c2)n1,-1331.349768,0.99567693,290.37569,-8.673,-0.2201,0.4027307,0.00094421,0.32091977,0.08275514,7.023893194,-1331.028849,-1330.946093,8.4529
*NNC(=N)N(CC(=O)O)NC(=O)CCCC(CCCC(*)=O)NC(=O)OCc1ccccc1,-1560.116176,0.77961564,295.32214,-9.4537,0.2095,0.54755408,0.00094421,0.45447815,0.09402014,5.193120776,-1559.661698,-1559.567678,9.6632
*Nc1cc(C(=O)O)cc(Br)c1NC(=O)c1cc(C(C)=O)c(C(*)=O)cc1C(C)=O,-3868.06321,0.9976949,291.57583,-8.8836,-0.9377,0.33983276,0.00094421,0.25832844,0.08244853,4.478176449,-3867.804882,-3867.722433,7.9459
*Nc1cc(C(=O)O)cc(NC(=O)CCN(CCC(*)=O)S(=O)(=O)c2ccc(F)cc2)c1Cl,-2309.425307,0.9987056,298.98954,-8.6777,0.0388,0.40282067,0.00094421,0.31469332,0.08907156,9.307787284,-2309.110614,-2309.021542,8.7165
*Nc1cc(NC(=O)c2cccc(C)c2NC(=O)c2ccccc2C(*)=O)c(C)c(C(=O)O)c1C,-1507.03095,0.9906871,341.84,-7.6472,-0.1284,0.47108495,0.00094421,0.38350294,0.08852623,6.69629519,-1506.647447,-1506.558921,7.5188
*Nc1cc(C)c(C(=O)O)c(NC(=O)c2ccc(C(=O)OCC)cc2C(*)=O)c1,-1295.858588,0.9979007,278.40613,-8.5053,-0.4128,0.37351855,0.00094421,0.29508877,0.07937399,2.823534626,-1295.563499,-1295.484125,8.0925
*Nc1cc(C)c(C(=O)O)cc1NC(=O)C(c1ccccc1)C(C(*)=O)c1ccccc1,-1338.307761,0.9974541,309.27221,-8.1525,0.1908,0.44130004,0.00094421,0.36027612,0.08196813,6.14346788,-1337.947485,-1337.865517,8.3433
*Nc1cc(NC(=O)c2nccc(Cl)c2C(*)=O)c(CC(=O)O)cc1Br,-4077.707023,0.9982993,259.21871,-8.2759,-0.4092,0.26804882,0.00094421,0.19567189,0.07332114,3.443721142,-4077.511351,-4077.43803,7.8667
*Nc1ccc(C(=O)O)c(S(=O)(=O)NC(=O)CN(CC(*)=O)C(=O)COCc2ccccc2)c1,-1939.123556,0.99858415,302.9903,-8.5961,-0.0143,0.43475567,0.00094421,0.34548001,0.09021987,10.34055716,-1938.778076,-1938.687856,8.5818
*Nc1ccc(C(=O)O)cc1NC(=O)CCN(CCC(*)=O)S(=O)(=O)c1ccc(C)c(C)c1,-1829.186634,0.9989936,300.3764,-8.3256,0.1663,0.47789504,0.00094421,0.39060235,0.0882369,1.976176871,-1828.796031,-1828.707794,8.4919
*Nc1ccc(OC)c(NC(=O)Nc2cccc(Cl)c2C(*)=O)c1C(=O)O,-1618.819164,0.99970406,258.78819,-7.9421,-0.1336,0.31159789,0.00094421,0.23789155,0.07465056,4.898187314,-1618.581272,-1618.506622,7.8085
*Nc1c(C(=O)O)cc(Cl)c(Br)c1NC(=O)C1=c2cc3ccccc3cc2=C(C(*)=O)C(=O)C1=O,,0.64097303,,,,0.33401145,0.00094421,0.24770965,0.08724601,1.386374786,0.24770965,0.33495566,
*Nc1ccc(C)c(C(=O)O)c1NC(=O)CCC(=O)c1ccc(C(*)=O)cc1,-1220.598853,0.99887305,255.89943,-8.4069,-0.6607,0.3674445,0.00094421,0.29262068,0.07576803,5.69723483,-1220.306232,-1220.230464,7.7462
*Nc1cc(C(=O)O)cc(NC(=O)c2ccc(NC(=O)OC(C)(C)C)c(C(*)=O)c2)c1OC,-1505.068348,0.99398476,320.78747,-8.3629,-0.2697,0.45560317,0.00094421,0.36619245,0.09035494,8.916650127,-1504.702156,-1504.611801,8.0932
*Nc1ccc(NC(=O)c2ccc(-c3ccc(-c4ccc(-c5ccc(-c6ccc(-c7ccc(C(*)=O)cc7)cc6)cc5)cc4)cc3)cc2)c(C(=O)O)c1F,-2243.861883,0.719827,670.34805,-7.9435,-0.3547,2.06217627,0.00094421,0.57599318,0.11170294,5.932381224,-2243.28589,-2241.798762,7.5888
*NNC(=N)N(CC(=O)O)NC(=O)c1cc(Br)sc1C(*)=O,-3895.875146,0.90777314,204.6695,-9.4826,-0.6997,0.22953951,0.00094421,0.16076384,0.06971988,7.053554283,-3895.714382,-3895.644663,8.7829
*Nc1cc(NC(=O)Cc2ccc(C(*)=O)cc2)c(Br)c(C(=O)O)c1,-3602.056987,0.9996499,241.94997,-8.3311,-0.2437,0.28799265,0.00094421,0.21788866,0.0710482,2.43599124,-3601.839098,-3601.76805,8.0874
*Nc1ccc(C(F)(F)F)c(C(=O)O)c1NC(=O)C1CNCC(C(*)=O)C1,-1346.093455,0.8890481,211.74146,-8.5226,-0.0227,0.33453839,0.00094421,0.2628446,0.072638,5.493296765,-1345.83061,-1345.757972,8.4999
*Nc1nccc(C(=O)O)c1NC(=O)c1cc(NS(=O)(=O)c2ccc(NC(C)=O)cc2)cc(C(*)=O)c1,-2048.489684,0.9689738,364.06205,-8.4469,-0.3348,2.58602715,0.00094421,0.34065339,0.09158066,8.959142386,-2048.14903,-2045.902712,8.1121
*Nc1c(Br)ccc(C(=O)O)c1NC(=O)CN(CC(*)=O)N=Cc1ccc(OC)c(OC)c1,-4019.183405,0.9899573,330.8156,-8.0431,0.1543,0.42938907,0.00094421,0.34074253,0.08959075,3.771173178,-4018.842663,-4018.753072,8.1974
*Nc1cccc(NC(=O)c2cnn(C)c2C(*)=O)c1C(=O)O,-1022.624426,0.99824536,211.75491,-8.1885,-0.2638,0.80026661,0.00094421,0.20312467,0.06415354,6.160102566,-1022.421301,-1021.823215,7.9247
*Nc1ccc(Oc2cc(Oc3ccc(NC(=O)CSc4ccc(SCC(*)=O)nn4)cc3)cc(C(=O)O)c2)cc1,-2508.94796,0.9640008,407.6966,-8.1414,-0.2783,0.48803992,0.00094421,0.38971121,0.09927292,6.801877051,-2508.558249,-2508.458976,7.8631
*Nc1ccc(NC(=O)Cc2cc(F)ccc2C(*)=O)c(C(=O)O)c1F,-1227.172677,0.99957615,223.19867,-8.2067,-0.1416,0.28283231,0.00094421,0.21356776,0.07020876,5.610721999,-1226.959109,-1226.8889,8.0651
*Nc1nc(NC(=O)c2c(Cl)cc(Cl)c(Cl)c2C(*)=O)c(C(=O)O)cc1Cl,-2843.783999,0.9974039,270.49645,-8.829,-0.5199,0.22151033,0.00094421,0.14609091,0.07636364,5.316149343,-2843.637908,-2843.561544,8.3091
*Nc1cccc(C(=O)O)c1NC(=O)c1ccc(-c2ccc(C(*)=O)o2)o1,-1216.004389,0.99880517,268.06446,-8.1367,-0.5689,0.29079867,0.00094421,0.22219603,0.06954685,3.793890651,-1215.782193,-1215.712647,7.5678
*Nc1ccc(-c2ccc(NC(=O)CN(CC(*)=O)C(=O)CC(C)=O)c(S(=O)(=O)O)c2)cc1S(=O)(=O)O,-2487.828603,0.93899685,345.66376,-8.6728,-0.1382,0.4482951,0.00094421,0.35190583,0.09733348,8.412840422,-2487.476697,-2487.379364,8.5346
*Nc1cccc2c(S(=O)(=O)O)ccc(NC(=O)C3CCC(C(*)=O)N3C(=O)OCc3ccccc3)c12,,0.8444611,,,,0.48129705,0.00094421,0.39385128,0.08838997,7.227842916,0.39385128,0.48224126,
*Nc1ccc(NC(=O)CN(CC(*)=O)c2ccccc2)c(C(=O)O)c1Cl,-1582.878621,0.99950826,251.09683,-8.0611,0.3093,0.33623949,0.00094421,0.26416847,0.07301522,1.33220486,-1582.614452,-1582.541437,8.3704
*Nc1ccc(C(F)(F)F)c(C(=O)O)c1NC(=O)C(Cc1ccc(Br)cc1F)C(*)=O,-4077.761696,0.9943909,259.7026,-8.79,0.0433,0.31908058,0.00094421,0.23854248,0.08148231,2.134431208,-4077.523154,-4077.441671,8.8333
*Nc1ccc(NC(=O)CC(CC(*)=O)c2ccccc2C)c(S(=O)(=O)O)c1,-1581.849464,0.9994746,257.48197,-8.1853,0.2444,0.38782627,0.00094421,0.31245141,0.07631907,3.814979208,-1581.537013,-1581.460694,8.4297
*Nc1nccc(C(=O)O)c1NC(=O)CN(CC(*)=O)N=Cc1ccccc1Cl,-1692.35693,0.98555213,262.46562,-8.4769,-0.2317,0.34734916,0.00094421,0.27104705,0.07724633,3.611931898,-1692.085883,-1692.008636,8.2452
*Nc1cc(NC(=O)Cc2cc(Br)cnc2C(*)=O)c(S(=O)(=O)O)cc1S(=O)(=O)O,-4677.320168,0.9931694,278.74706,-9.1011,-1.079,0.29747593,0.00094421,0.21913703,0.0792831,7.712331021,-4677.101031,-4677.021748,8.0221
*Nc1ccc(OC)c(NC(=O)CS(=O)(=O)c2ccccc2C(*)=O)c1C(=O)O,-1691.818031,0.99961853,250.85139,-7.904,-0.3754,0.34540748,0.00094421,0.27019357,0.07615813,4.935577694,-1691.547838,-1691.471679,7.5286
*Nc1cc(Br)cc(NC(=O)CSc2cccc(SCC(*)=O)c2)c1C(=O)O,-4437.741244,0.9996911,285.20396,-8.6276,-0.1695,0.32351015,0.00094421,0.2459224,0.07853196,5.316726289,-4437.495322,-4437.41679,8.4581
*NCCCCC(NC(=O)C(CCCNC(=O)OCc1ccccc1)C(*)=O)C(=O)O,-1395.293881,0.8733904,267.88523,-9.1643,0.2118,1.55050878,0.00094421,0.42969635,0.08743115,4.147386056,-1394.864184,-1393.742428,9.3761
*Nc1cc(C(=O)O)cc(Br)c1NC(=O)CN(CC(*)=O)CC(N)=O,-3673.690056,0.997783,229.24549,-8.4393,0.1538,0.31083621,0.00094421,0.23753237,0.07424806,3.932039386,-3673.452524,-3673.378276,8.5931
*Nc1cc(C(=O)O)cc(Br)c1NC(=O)c1cc(C)c(C(*)=O)s1,-3922.832127,0.9993563,251.32003,-8.576,-0.8754,0.25441934,0.00094421,0.18407845,0.0712851,4.529403378,-3922.648048,-3922.576763,7.7006
*Nc1ccc(NC(=O)c2cc(Cl)cc(C(*)=O)n2)c(C(=O)O)c1Cl,-1924.578144,0.99866986,241.34755,-8.026,-0.6132,0.23820493,0.00094421,0.16941996,0.06972918,1.082029885,-1924.408724,-1924.338995,7.4128
*Nc1cc(Br)c(C(=O)O)cc1NC(=O)C(Cc1ccc(C(C)(C)C)cc1)(Cc1ccc(C(C)(C)C)cc1)C(*)=O,-4226.163328,0.9150814,417.7068,-8.4074,0.0832,0.66861989,0.00094421,0.5648561,0.104708,5.250167858,-4225.598472,-4225.493764,8.4906
*Nc1ccc2cc(S(=O)(=O)O)ccc2c1NC(=O)C12CCCC(C(*)=O)(CCC1)C2,-1698.585462,0.74279505,302.74601,-8.2196,-0.0437,0.45652934,0.00094421,0.37838188,0.07909168,4.420930403,-1698.20708,-1698.127988,8.1759
*Nc1ccc(Nc2ccc(NC(=O)C(C)S(=O)C(C)C(*)=O)cc2S(=O)(=O)O)cc1,-2110.606045,0.99447733,307.06182,-7.9025,0.1808,0.41235499,0.00094421,0.32681132,0.08648789,6.218185986,-2110.279233,-2110.192745,8.0833
*Nc1cc(NC(=O)C(CCc2ccccn2)C(*)=O)c(Cl)c(C(=O)O)c1,-1582.890164,0.99832886,255.84823,-8.3741,0.2522,0.33624308,0.00094421,0.26067223,0.07651506,3.768654737,-1582.629492,-1582.552977,8.6263
*Nc1cc(CCC(=O)O)cc(NC(=O)C(C)S(=O)C(C)C(*)=O)c1,-1467.511597,0.9933717,239.01298,-8.0747,-0.1108,0.36713046,0.00094421,0.28998621,0.07808846,2.39021282,-1467.221611,-1467.143522,7.9639
*Nc1c(C(=O)O)ccc(OC)c1NC(=O)CC(C)(N)C(*)=O,-1046.099204,0.9965301,203.37408,-8.0369,0.0514,0.32379427,0.00094421,0.25579698,0.0689415,7.065325415,-1045.843407,-1045.774466,8.0883
*Nc1cc(CC(=O)O)c(Br)c(NC(=O)CN(CC(*)=O)N=Cc2ccc(CC)cc2)c1,-3908.045726,0.9961903,323.29684,-8.0628,0.022,0.4477781199999999,0.00094421,0.35996608,0.08875625,5.360677834,-3907.68576,-3907.597004,8.0848
*Nc1cc(NC(=O)C(C)(C)SC(=S)SC(C)(C)C(*)=O)c(CC(=O)O)cc1Cl,-2725.678877,0.93798214,310.27777,-8.3942,-0.3191,0.39463434,0.00094421,0.30820163,0.08737692,3.637981487,-2725.370676,-2725.283299,8.0751
*Nc1cc(C(=O)O)cc(NC(=O)c2cc(Br)cnc2C(*)=O)c1Cl,-4038.391436,0.99927634,246.03531,-8.8171,-0.5262,0.2380789,0.00094421,0.1677234,0.07129971,9.092312079,-4038.223713,-4038.152413,8.2909
*Nc1cccc(CC(=O)O)c1NC(=O)CN(CC(*)=O)N=Cc1ccccc1C,-1295.323237,0.9919145,280.94979,-8.0607,0.2676,0.42753912,0.00094421,0.34966612,0.07881721,2.20371555,-1294.973571,-1294.894754,8.3283
*Nc1c(Br)ccc(CC(=O)O)c1NC(=O)C(C(*)=O)c1ccc(Cl)cc1,-4100.963193,0.99793327,266.69067,-8.5598,0.0515,0.31017389,0.00094421,0.23538165,0.07573645,1.519123336,-4100.727811,-4100.652075,8.6113
*Nc1cc(Br)c(C(=O)O)cc1NC(=O)Cc1ccc(Br)cc1C(*)=O,-6175.46914,0.9996692,266.58209,-8.6911,-0.6995,0.27958634,0.00094421,0.20485757,0.07567299,6.582701524,-6175.264283,-6175.18861,7.9916
*Nc1c(F)ccc(C(=O)O)c1NC(=O)c1[nH]c(C(*)=O)c(C)c1C(C)=O,-1258.516374,0.99650973,243.19661,-8.7792,-0.5073,0.3125045,0.00094421,0.23980354,0.07364517,7.747329897,-1258.276571,-1258.202926,8.2719
*Nc1c(C(=O)O)ccc(C#N)c1NC(=O)C(CCCCCC)C(*)=O,-1125.67688,0.9648386,240.0854,-8.8037,-0.4445,0.38979117,0.00094421,0.31261681,0.07811857,4.785454543,-1125.364263,-1125.286144,8.3592
*Nc1nc(NC(=O)c2cccc(NC(=O)c3ccccc3Br)c2C(*)=O)nc(C(=O)O)n1,,0.9922219,,,,,,,,,,,
*NNC(=O)c1cc(C(=O)NNC(=O)C(Cc2ccc(OC)c(OC)c2)C(*)=O)cc(S(=O)(=O)O)c1,-2069.670952,0.93015754,320.04579,-8.3796,-0.5277,0.45855609,0.00094421,0.36156104,0.09793926,5.600926343,-2069.309391,-2069.211452,7.8519
*Nc1cc(C(=O)O)cc(NC(=O)CC(CC(*)=O)c2cccnc2Br)c1CC,-3775.324821,0.99829596,279.76556,-8.3802,0.0513,0.3953739,0.00094421,0.31445263,0.08186547,5.599986075,-3775.010368,-3774.928503,8.4315
*Nc1cc(Cl)c(CC(=O)O)cc1NC(=O)c1c(Cl)c(Cl)c(C(*)=O)c(Cl)c1Cl,-3326.611113,0.99757034,295.32855,-8.5781,-0.7192,0.25457308,0.00094421,0.17353125,0.08198604,4.223086692,-3326.437582,-3326.355596,7.8589
*Nc1cc(Br)cc(C(=O)O)c1NC(=O)CN(CC(*)=O)N=Cc1ccccc1Cl,-4249.724987,0.9863631,294.98841,-8.0629,0.1504,0.35068626,0.00094421,0.27061064,0.08101983,4.724574307,-4249.454376,-4249.373357,8.2133
*Nc1cc(Cl)c(S(=O)(=O)NC(=O)CN(CC(*)=O)NC(=O)OCC)cc1C(=O)O,-2223.03736,0.99695444,254.40753,-8.9691,-0.035,0.35851395,0.00094421,0.27483647,0.08462169,4.082384089,-2222.762524,-2222.677902,8.9341
*NC(=N)SCCCC(NC(=O)CCN(CCC(*)=O)S(=O)(=O)c1ccc(C)c(C)c1)C(=O)O,-2247.013298,0.6987408,308.69168,-9.1904,0.1644,0.53853493,0.00094421,0.44478126,0.09469789,4.894765813,-2246.568517,-2246.473819,9.3548
*Nc1cc(F)c(C(=O)O)cc1NC(=O)CN(CC(*)=O)N=Cc1ccccc1Cl,-1775.566214,0.98387814,279.59924,-8.4627,-0.163,0.35234512,0.00094421,0.27226691,0.08102241,6.818039008,-1775.293947,-1775.212925,8.2997
*Nc1cc(Cl)c(CC(=O)O)cc1NC(=O)C12CC3CC(CC(C(*)=O)(C1)C3=O)C2=O,-1794.766856,0.61404693,275.42566,-8.2442,0.0369,0.3970568,0.00094421,0.31916004,0.07884097,6.659373969,-1794.447696,-1794.368855,8.2811
*Nc1ccc(C#N)c(C(=O)O)c1NC(=O)CS(=O)(=O)c1ccc(-c2ccc(S(=O)(=O)CC(*)=O)cc2)cc1,-2488.555896,0.8800292,369.25364,-8.9235,-0.7541,0.43979564,0.00094421,0.34598597,0.09475389,3.786712381,-2488.20991,-2488.115156,8.1694
*Nc1nccc(C(=O)O)c1NC(=O)CC(C)(CC(*)=O)c1ccc(OC)cc1,-1277.143092,0.99938214,257.59952,-8.2324,-0.2397,0.40906393,0.00094421,0.33269615,0.07731199,4.661587868,-1276.810396,-1276.733084,7.9927
*Nc1nc(CC(=O)O)nc(NC(=O)CC(NCC(F)(F)F)C(*)=O)n1,-1356.177352,0.99528164,193.44254,-9.7218,0.0951,0.29151438,0.00094421,0.21503566,0.07742293,2.803894967,-1355.962316,-1355.884893,9.8169
*Nc1c(Br)ccc(CC(=O)O)c1NC(=O)C1CSCC(C(*)=O)N1,-3980.57054,0.9688562,235.1901,-8.7045,0.0863,0.32015953,0.00094421,0.24772756,0.07337618,1.393952056,-3980.322812,-3980.249436,8.7908
*Nc1ccc2c(S(=O)(=O)O)cccc2c1NC(=O)C(Cc1ccc(Br)cc1F)C(*)=O,-4329.561702,0.99746895,306.84151,-8.3147,-1.8024,0.36248355,0.00094421,0.28053177,0.082896,3.543224066,-4329.28117,-4329.198274,6.5123
*Nc1ccc(NC(=O)C(C)(CC)C(*)=O)c(C(=O)O)c1Cl,-1375.096066,0.9984542,203.54485,-8.2077,-0.0017,0.29140343,0.00094421,0.22440475,0.06794289,4.5221427,-1374.871661,-1374.803719,8.206
*Nc1ccc(S(=O)(=O)O)c(NC(=O)C23CC4CC(CC(C(*)=O)(C4)C2)C3)c1,-1583.077167,0.9051757,255.07137,-8.6604,0.1925,0.41391564,0.00094421,0.34180875,0.0730511,3.691943064,-1582.735358,-1582.662307,8.8529
*Nc1cc(Cl)c(CC(=O)O)cc1NC(=O)Nc1ccc(Br)c(Cl)c1C(*)=O,-4576.628241,0.99918324,296.07711,-8.3243,-0.7596,0.29015182,0.00094421,0.21220868,0.07888734,4.123986401,-4576.416032,-4576.337145,7.5647
*Nc1cc(C)c(C(=O)O)c(NC(=O)CCc2cc(C)c(CCC(*)=O)cc2C)c1,,0.9992387,,,,,,,,,,,
*Nc1cccc(CC(=O)O)c1NC(=O)C(=O)CC(C)C(*)=O,-1028.852048,0.9986646,199.68793,-8.4414,-0.2819,0.3119412,0.00094421,0.24381097,0.06907444,2.203870466,-1028.608237,-1028.539163,8.1595
*Nc1cc(F)c(S(=O)(=O)NC(=O)C(F)(F)C(F)(F)C(F)(F)C(F)(F)C(*)=O)cc1C(=O)O,-2357.557221,0.790409,216.0947,-9.2667,-0.0307,0.24764376,0.00094421,0.16182613,0.08676185,5.523527885,-2357.395395,-2357.308633,9.236
*Nc1cccc2c(S(=O)(=O)O)ccc(NC(=O)C(CCCc3ccccc3)(CCCc3ccccc3)C(*)=O)c12,,0.8749855,,,,0.61369688,0.00094421,0.51750189,0.0971392,4.813191614,0.51750189,0.61464109,
*Nc1cc(CC(=O)O)cc(NC(=O)C(CC(F)(F)F)C(*)=O)c1Br,-3786.754268,0.99888617,209.44307,-8.4518,0.1831,0.27052961,0.00094421,0.19621659,0.07525723,1.173962111,-3786.558051,-3786.482794,8.6349
*Nc1ccnc(NC(=O)Cc2c(F)cccc2C(*)=O)c1C(=O)O,-1143.965172,0.9994746,212.31638,-8.9063,-0.509,0.27770575,0.00094421,0.21081519,0.06783478,5.099775575,-1143.754357,-1143.686522,8.3973
*Nc1ccccc1CC(NC(=O)c1cccc(C(*)=O)c1NCc1cccc(Cl)c1)C(=O)O,,0.99176437,,,,3.61905745,0.00094421,0.36832257,0.08426018,4.02694215,0.36832257,3.62000166,
*Nc1cc(C(=O)O)cc(NC(=O)C(C)(Cc2ccc(Cl)cc2)C(*)=O)c1C(F)F,-1804.696513,0.9992778,257.8409,-8.6409,0.0023,0.3637927,0.00094421,0.28501644,0.07972047,2.27618396,-1804.411497,-1804.331776,8.6432
*Nc1ccc(C(=O)O)cc1NC(=O)C(C)(CCC)C(*)=O,-954.8127485,0.9987696,199.33135,-8.2512,0.2491,0.3296983,0.00094421,0.26192338,0.06871913,4.718930748,-954.5508252,-954.482106,8.5003
*Nc1nc(NC(=O)c2ccc(C(*)=O)c(F)c2F)c(C(=O)O)cc1Cl,-1663.522781,0.9988213,232.25159,-8.7783,-0.5747,0.23232816,0.00094421,0.16222797,0.0710444,7.178748792,-1663.360553,-1663.289509,8.2036
*Nc1ccc(NC(=O)c2cccc(N)c2C(*)=O)c(CC(=O)O)c1Br,-3657.428704,0.9962126,257.20284,-8.1473,0.0192,0.30653593,0.00094421,0.23444898,0.07303115,3.519780655,-3657.194255,-3657.121224,8.1665
*Nc1ccc(OC)c(NC(=O)c2ncccc2-c2cccnc2C(*)=O)c1C(=O)O,-1366.997491,0.9988373,282.52483,-7.9876,-0.2886,0.36309431,0.00094421,0.28488685,0.07915167,2.983779698,-1366.712604,-1366.633453,7.699
*Nc1cc(C(=O)O)cc(NC(=O)CC2(CC(*)=O)OCCO2)n1,-1120.138016,0.9983321,201.23341,-8.1272,0.2727,0.30652524,0.00094421,0.23805188,0.06941757,5.234182132,-1119.899965,-1119.830547,8.3999
*Nc1cc(NC(=O)C(CCCCCCCCCCCC)C(*)=O)c(C(=O)O)cc1F,-1368.518949,0.94332147,291.29909,-8.6381,0.1974,0.5620143,0.00094421,0.47270828,0.09025023,1.848434522,-1368.04624,-1367.95599,8.8355
*Nc1ccc(OC)c(NC(=O)C(Cc2ccc(OC)cc2OC)C(*)=O)c1C(=O)O,-1411.531713,0.9997352,282.27248,-7.7864,0.3486,0.43138449,0.00094421,0.34776804,0.08456066,2.381964925,-1411.183945,-1411.099385,8.135
*Nc1ccc(C(=O)O)c(NC(=O)CN(CC(*)=O)N=Cc2cccc(Cl)c2Cl)c1C,-2175.20732,0.99816847,290.89912,-8.4341,-0.0292,0.38076479,0.00094421,0.29960141,0.08210759,6.872539604,-2174.907719,-2174.825611,8.4049
*Nc1cc(C(=O)O)c(NC(=O)CCC(=O)NC(C(*)=O)C(C)C)c(C(F)(F)F)c1,-1499.964505,0.9862709,246.68291,-8.5056,0.1683,0.39764883,0.00094421,0.31283586,0.08575719,6.421189965,-1499.651669,-1499.565912,8.6739
*Nc1c(Br)ccc(CC(=O)O)c1NC(=O)c1n[nH]c(C)c1C(*)=O,-3635.349838,0.99789256,233.06495,-8.1375,-0.1546,0.28806919,0.00094421,0.21615068,0.07286272,8.863864612,-3635.133688,-3635.060825,7.9829
*Nc1ccc(Oc2cc(Oc3ccc(NC(=O)CCC(NC(=O)CCl)C(*)=O)cc3)cc(C(=O)O)c2)cc1,-2156.38831,0.97788346,372.10726,-8.2602,0.0744,0.50286513,0.00094421,0.40467155,0.0991378,2.592811682,-2155.983638,-2155.8845,8.3346
*Nc1cc(C(=O)O)c(NC(=O)CNc2ccccc2C(*)=O)cc1Br,-3657.416076,0.9993575,255.37269,-8.1792,-0.2545,0.3066235,0.00094421,0.23425311,0.07331461,1.17592296,-3657.181823,-3657.108508,7.9247
*Nc1ccc(NC(=O)C(C)(CCc2ccccc2)C(*)=O)c(C(=O)O)c1,-1146.550363,0.99879575,261.96956,-8.0716,-0.0334,0.38571131,0.00094421,0.31145911,0.07519642,6.706927613,-1146.238904,-1146.163707,8.0382
*Nc1cc(C(=O)O)ccc1S(=O)(=O)NC(=O)CN(CC(*)=O)N=Cc1cccc(OC)c1OC,,0.9903943,,,,,,,,,,,
*Nc1cc(S(=O)(=O)O)c(NC(=O)CN(CC(*)=O)N=Cc2ccc(C(C)C)cc2)cc1S(=O)(=O)O,,0.8733798,,,,,,,,,,,
*Nc1nc(NC(=O)CC(CC(*)=O)C(OCC)OCC)c(C(=O)O)cc1Cl,-1698.848914,0.9880504,256.39398,-8.5478,0.223,0.40976736,0.00094421,0.32595665,0.08475493,2.4688294,-1698.522958,-1698.438203,8.7708
*Nc1cc(C)c(C(=O)O)cc1NC(=O)C1CCCC(C(*)=O)N1C(=O)OC(C)(C)C,-1394.123852,0.9720058,281.11947,-8.0401,0.171,0.49070043,0.00094421,0.40726234,0.0843823,5.708593932,-1393.71659,-1393.632207,8.2111
*Nc1cc(CCC(=O)O)cc(NC(=O)C(Cc2ccc(C(C)(C)C)cc2)C(*)=O)c1,-1303.773435,0.9995461,301.59372,-7.9714,0.2846,0.5038462,0.00094421,0.41794629,0.08684413,2.082430027,-1303.355489,-1303.268645,8.256
*Nc1ccc(NC(=O)c2cccc(Sc3cccc(C(*)=O)c3)c2)c(CC(=O)O)c1Br,,0.9981505,,,,,,,,,,,
*NCc1ccccc1CC(NC(=O)CN(CC(*)=O)C(=O)c1cccc(OC)c1)C(=O)O,-1469.089377,0.98975134,298.78902,-8.9781,0.1403,0.48174628,0.00094421,0.39363874,0.08905176,6.311436771,-1468.695738,-1468.606687,9.1184
*Nc1nc(NC(=O)CN(CC(*)=O)C(=O)c2ccc(Br)cc2)c(C(=O)O)nc1Br,-6415.59877,0.99827933,296.82755,-8.5621,-0.0644,0.31413248,0.00094421,0.23179149,0.08328519,6.611532533,-6415.366979,-6415.283693,8.4977
*Nc1cc(C)cc(NC(=O)CSCc2ccc(C(*)=O)cc2)c1C(=O)O,-1505.440311,0.99959475,276.21672,-8.1746,-0.0981,0.71599696,0.00094421,0.28212386,0.07634136,5.326489584,-1505.158188,-1504.72337,8.0765
*Nc1c(C(=O)O)ccc(C(F)(F)F)c1NC(=O)C1CN(C)CC1C(*)=O,-1346.088216,0.98686606,219.08264,-8.5383,-0.0868,0.33402142,0.00094421,0.26109088,0.07387475,4.772786806,-1345.827125,-1345.75325,8.4515
*NCc1ccccc1CC(NC(=O)CN(CC(*)=O)C(=O)CCCCl)C(=O)O,-1701.026892,0.98989886,255.95423,-9.0673,0.0671,0.44282402,0.00094421,0.35931871,0.08444953,5.23941775,-1700.667573,-1700.583124,9.1344
*Nc1ccc(C(=O)O)cc1NC(=O)C(F)(CCC(C)C)C(*)=O,-1093.378892,0.99916553,212.15057,-8.4412,0.1242,0.35208935,0.00094421,0.27990543,0.07312813,5.43464247,-1093.098987,-1093.025859,8.5654
*Nc1cc(C(F)(F)F)cc(NC(=O)c2cccc(C(=O)c3cccc(C(*)=O)c3)c2)c1C(=O)O,-1670.873371,0.9622497,321.55047,-8.5627,-0.5498,0.37269185,0.00094421,0.28776871,0.08586736,7.767677888,-1670.585602,-1670.499735,8.0129
*Nc1cc(Cl)c(CC(=O)O)cc1NC(=O)c1cc(C(*)=O)c(C)nc1Cl,-2003.194482,0.99835473,264.086,-8.4253,-0.7066,1.18074142,0.00094421,0.22332816,0.07310169,6.975560542,-2002.971154,-2002.012796,7.7187
*Nc1nc(NC(=O)CN(CC(*)=O)N=Cc2ccco2)c(C(=O)O)cc1Br,-3803.994518,0.97702265,277.72966,-7.9646,0.1649,0.31596555,0.00094421,0.23840954,0.07850022,2.549397662,-3803.756108,-3803.677608,8.1295
*Nc1cc(Cl)cc(NC(=O)C(Cc2ccc(Br)c(F)c2)C(*)=O)c1C(=O)O,-4200.230978,0.9997192,267.36443,-8.478,-0.0879,0.3023461,0.00094421,0.22457137,0.07871894,2.478279868,-4200.006407,-4199.927688,8.3901
*Nc1cc(F)c(C(=O)O)cc1NC(=O)CN(CC(*)=O)NC(C)=O,-1199.499707,0.9989434,210.26403,-8.5735,-0.0708,0.31057183,0.00094421,0.23770678,0.07380926,5.50958024,-1199.262,-1199.18819,8.5027
*Nc1ccc(C)c(C(=O)O)c1NC(=O)COCC(=O)Nc1ccccc1CC(*)=O,-1390.500844,0.99895155,278.13407,-8.4144,0.1217,0.42110104,0.00094421,0.33922943,0.08281582,6.031919259,-1390.161615,-1390.078799,8.5361
*Nc1c(C(=O)O)cc(Cl)c(Br)c1NC(=O)C(C(*)=O)C1C=CCCC1,-4064.033579,0.9801103,256.09086,-8.3498,0.0092,0.32732853,0.00094421,0.25408255,0.0741902,2.799476061,-4063.779496,-4063.705306,8.359
*Nc1cc(C)c(C(=O)O)cc1NC(=O)c1cccc2c1oc1c(C(*)=O)cccc12,-1333.739776,0.98213416,304.54636,-8.3198,-0.2776,0.36436783,0.00094421,0.28826126,0.07705078,8.331378031,-1333.451515,-1333.374464,8.0422
*Nc1ccc(C)c(C(=O)O)c1NC(=O)C(Cc1ccc(Br)cc1)C(*)=O,-3680.662456,0.9989267,268.14746,-8.144,0.2571,0.34764463,0.00094421,0.27250233,0.07608651,1.780096617,-3680.389953,-3680.313867,8.4011
*Nc1cc(C(=O)O)c(NC(=O)C(c2ccccc2)C(C(*)=O)c2ccccc2)cc1Br,-3872.409779,0.9962346,324.24511,-8.1462,0.0396,0.40329084,0.00094421,0.32133073,0.08290432,5.623914237,-3872.088449,-3872.005544,8.1858
*Nc1ccc(C)c(NC(=O)CN(CC(*)=O)C(=O)CCc2ccccc2)c1C(=O)O,-1354.575596,0.9992649,287.99745,-8.3042,0.0615,0.44533908,0.00094421,0.36236852,0.08391477,7.547148531,-1354.213227,-1354.129312,8.3657
*Nc1c(F)ccc(C(=O)O)c1NC(=O)CSc1cccc2cccc(C(*)=O)c12,-1679.731279,0.9988167,273.37798,-8.3711,-0.437,0.34226734,0.00094421,0.26864154,0.07457001,3.483970491,-1679.462637,-1679.388067,7.9341
*Nc1c(Br)ccc(CC(=O)O)c1NC(=O)c1ccccc1OC(=O)CCC(=O)Oc1ccccc1C(*)=O,-4288.936507,0.97516644,371.47599,-8.2077,-0.4127,1.86629733,0.00094421,0.37455026,0.0928987,4.185123487,-4288.561957,-4287.069265,7.795
*Nc1nc(NC(=O)c2ccccc2Nc2ccccc2C(*)=O)c(C(=O)O)nc1Cl,-1767.459182,0.9988305,301.33878,-8.3153,-0.2501,0.33822856,0.00094421,0.26168366,0.07748912,3.606129939,-1767.197499,-1767.12001,8.0652
*Nc1cc(Br)cc(NC(=O)c2n[nH]c(C)c2C(*)=O)c1C(=O)O,-3596.058012,0.9986749,233.17048,-8.3283,-0.0425,0.25824659,0.00094421,0.1889982,0.0701926,7.731601273,-3595.869014,-3595.798822,8.2858
*Nc1c(Br)ccc(CC(=O)O)c1NC(=O)C1SC(=S)SC1C(*)=O,-4681.093961,0.85223025,266.77759,-8.643,-0.6011,0.25489962,0.00094421,0.18317961,0.07266423,1.947517506,-4680.910782,-4680.838118,8.0419
*Nc1nc(NC(=O)c2cccc(NC(=O)c3ccccc3C(*)=O)c2)c(C(=O)O)cc1Cl,-1864.784564,0.998912,323.72942,-8.332,-0.434,0.36312839,0.00094421,0.28294496,0.08112764,5.665005143,-1864.501619,-1864.420491,7.898
*Nc1cc(C)c(C(=O)O)c(NC(=O)c2cccc(C(*)=O)c2C(=O)C(C)Br)c1,-3794.020311,0.99876,291.59748,-8.5734,-0.398,0.35891698,0.00094421,0.27961031,0.08025089,7.341238935,-3793.740701,-3793.66045,8.1754
*Nc1cc(NC(=O)c2ccc(C=O)cc2C(*)=O)c(C(=O)O)nc1Cl,-1578.335089,0.9834387,248.33799,-8.9059,-0.8903,0.7731020999999999,0.00094421,0.18785716,0.07011809,3.954246716,-1578.147232,-1577.561043,8.0156
*Nc1cc(NC(=O)C(OC(=O)c2ccccc2C)C(OC(=O)c2ccccc2C)C(*)=O)c(C)c(C(=O)O)c1C,-1833.419511,0.79402584,380.93826,-7.8835,0.1117,0.56400666,0.00094421,0.46315253,0.10179834,4.799205333,-1832.956358,-1832.85456,7.9952
*Nc1cc(C(=O)O)cc(NC(=O)c2cc(NC(=S)NCC)cc(C(*)=O)c2)n1,-1631.027069,0.9922219,297.72806,-8.3354,-0.2496,0.36052673,0.00094421,0.28020888,0.08126205,5.36980198,-1630.74686,-1630.665598,8.0858
*Nc1cc(NC(=O)CCC(NC(=O)OCC2c3ccccc3-c3ccccc32)C(*)=O)c(C)cc1CC(=O)O,-1738.310136,0.842418,393.97027,-8.0683,0.1349,0.57401761,0.00094421,0.47515287,0.09980896,0.837279553,-1737.834983,-1737.735174,8.2032
*Nc1cc(C(=O)O)cc(NC(=O)CS(=O)(=O)c2ccc(-c3ccc(S(=O)(=O)CC(*)=O)cc3)cc2)c1C(F)F,-2634.141159,0.9033262,373.01923,-8.6598,-0.7403,0.45536221,0.00094421,0.35624068,0.10006574,4.370771623,-2633.784919,-2633.684853,7.9195
*Nc1cc(OC)c(C(=O)O)cc1NC(=O)C(NC(=O)OC(C)(C)C)C(*)=O,-1313.319603,0.99731654,247.11403,-8.4598,0.0589,0.39967901,0.00094421,0.3196523,0.08097092,5.698893459,-1312.99995,-1312.91898,8.5187
*Nc1cc(NC(=O)c2cc(C(*)=O)[nH]n2)c(OC)cc1C(=O)O,-1097.854319,0.9987281,218.8792,-7.8043,-0.3511,0.27277492,0.00094421,0.20583684,0.0678823,4.709514959,-1097.648483,-1097.5806,7.4532
*Nc1c(F)ccc(C(=O)O)c1NC(=O)CN(CC(*)=O)c1ccc(OC)cc1,-1337.080494,0.99960643,255.16492,-8.1955,0.1895,0.37200049,0.00094421,0.29476817,0.07817654,3.557128706,-1336.785726,-1336.707549,8.385
*Nc1ccc2c(S(=O)(=O)O)cc(S(=O)(=O)O)cc2c1NC(=O)C(C(*)=O)C12CC3CC(CC(C3)C1)C2,-2399.915835,0.7348813,346.08486,-8.5969,-0.8723,0.51304945,0.00094421,0.42499932,0.08899434,3.407152149,-2399.490836,-2399.401842,7.7246
*Nc1cc(NC(=O)CC(C(*)=O)c2cccs2)c(F)c(C(=O)O)c1,-1487.966772,0.9987381,224.83619,-8.2906,0.2755,0.28538702,0.00094421,0.2146112,0.07172002,3.791954391,-1487.752161,-1487.680441,8.5661
*Nc1ccc(Oc2cc(Oc3ccc(NC(=O)C(C(*)=O)c4ccc(Cl)cc4)cc3)cc(C(=O)O)c2)cc1,-2100.788003,0.97578543,391.4773,-8.2843,0.0591,0.46863286,0.00094421,0.37355994,0.09601713,5.50005296,-2100.414443,-2100.318426,8.3434
*Nc1cc(C(=O)O)c(NC(=O)c2ccccc2OC(=O)CCC(=O)Oc2ccccc2C(*)=O)cc1Cl,-2135.800921,0.9957188,357.89481,-8.0688,-0.0452,0.43633343,0.00094421,0.34471586,0.09256178,1.937980761,-2135.456205,-2135.363644,8.0236
*Nc1cc(C(=O)O)ccc1S(=O)(=O)NC(=O)C(CCCCCCCCCCCCC)C(*)=O,-1857.204461,0.9377118,324.91135,-9.1629,-0.4825,0.6122878599999999,0.00094421,0.51529972,0.09793235,5.935193367,-1856.689161,-1856.591229,8.6804
*Nc1cc(C(=O)O)c(NC(=O)C(C(*)=O)c2ncccn2)cc1Br,-3634.162585,0.9861914,235.60572,-8.1831,-0.0988,0.26401418,0.00094421,0.19433141,0.07062698,7.092403478,-3633.968254,-3633.897627,8.0843
*Nc1nc(NC(=O)CC(NC=O)C(*)=O)c(C(=O)O)cc1Br,-3595.104456,0.8369547,207.66276,-8.522,0.2543,0.25071171,0.00094421,0.18203493,0.06962099,1.852759527,-3594.922421,-3594.8528,8.7763
*Nc1cccc2c(S(=O)(=O)O)ccc(NC(=O)COc3ncccc3C(*)=O)c12,-1708.851523,0.99320906,287.47289,-8.0853,-0.7198,0.34234962,0.00094421,0.26677635,0.07651748,13.15420787,-1708.584747,-1708.508229,7.3655
*Nc1ccc(Cl)c(NC(=O)CC(CC(*)=O)c2occc2C)c1C(=O)O,-1603.951316,0.9975032,247.43736,-8.3817,-0.0442,0.69129894,0.00094421,0.27114211,0.07498134,6.513243482,-1603.680174,-1603.259073,8.3375
*Nc1cc(Cl)c(NC(=O)C2CCC(C)CC2C(*)=O)c(C(=O)O)c1,-1491.824536,0.96295285,231.10247,-8.2989,0.1499,0.35837023,0.00094421,0.28747857,0.07183587,3.281276846,-1491.537058,-1491.465222,8.4488
*Nc1ccc(C(=O)O)c(Br)c1NC(=O)C(OC(=O)c1ccccc1)C(OC(=O)c1ccccc1)C(*)=O,-4249.614252,0.8709047,361.98271,-8.6628,0.037,0.43797345,0.00094421,0.34474834,0.09416932,2.390257164,-4249.269504,-4249.175334,8.6998
*Nc1cc(CC(=O)O)c(Br)c(NC(=O)CC(CC(*)=O)C2COC(C)(C)O2)c1,-3834.727748,0.9742149,270.8464,-8.3126,0.2028,0.42767159,0.00094421,0.34312734,0.08548846,4.647495305,-3834.38462,-3834.299132,8.5154
*Nc1cc(NC(=O)c2cccc(OC)c2C(*)=O)c(C(=O)O)c(OC)c1,-1218.391564,0.99928755,257.93427,-8.459,0.1613,0.33735552,0.00094421,0.26314948,0.07515025,5.358268082,-1218.128415,-1218.053265,8.6203
*Nc1cc(S(=O)(=O)O)c(NC(=O)CN(CC(*)=O)C(=O)OCc2ccccc2)cc1S(=O)(=O)O,-2410.432302,0.9269842,290.96118,-8.956,-0.2805,0.41365806,0.00094421,0.32727388,0.08732839,3.692304383,-2410.105028,-2410.017699,8.6755
*Nc1cc(Cl)c(C(=O)O)cc1NC(=O)CN(CC(*)=O)S(=O)(=O)c1c(C)cc(C)cc1C,-2249.456625,0.998662,315.02869,-8.6098,0.142,0.43798256,0.00094421,0.34789501,0.09103176,4.79375742,-2249.10873,-2249.017698,8.7518
*Nc1cc(Br)c(C(=O)O)cc1NC(=O)CCCc1ccccc1CCCC(*)=O,-3798.581221,0.9993135,286.43996,-8.3315,0.0536,0.43755585,0.00094421,0.35591553,0.08258452,6.560716528,-3798.225305,-3798.142721,8.3851
*Nc1ccc(C(=O)O)c(C)c1NC(=O)CCSCc1ccccc1CC(*)=O,-1584.044644,0.99900913,291.74838,-8.4786,0.1541,1.6703397,0.00094421,0.33855609,0.07998019,3.544199466,-1583.706088,-1582.37336,8.6327
*Nc1ccc(C(NC(=O)CN(CC(*)=O)N=Cc2ccc(OCc3ccccc3)c(OC)c2)C(=O)O)cc1,-1716.107684,0.9749527,374.22967,-7.6934,0.2608,0.55269702,0.00094421,0.4540506,0.09959064,3.671056301,-1715.653634,-1715.554043,7.9542
*NCc1ccccc1CC(NC(=O)CN(CC(*)=O)c1ccccc1)C(=O)O,-1241.181519,0.9974039,266.5606,-7.852,0.078,0.43392119,0.00094421,0.35391517,0.08095023,2.515857796,-1240.827604,-1240.746654,7.93
*Nc1ccc(S(=O)(=O)NC(=O)C(OC(=O)C(C)(C)C)C(OC(=O)C(C)(C)C)C(*)=O)cc1C(=O)O,-2077.208272,0.81938803,316.14794,-8.9625,0.0257,0.52413069,0.00094421,0.42357631,0.10149859,6.793770175,-2076.784695,-2076.683197,8.9882
*Nc1nc(NC(=O)CC(CC(*)=O)C(C)(C)F)c(C(=O)O)nc1Br,-3698.921169,0.9820483,232.25099,-8.8243,-0.0868,0.31878411,0.00094421,0.24382295,0.07590537,1.840130377,-3698.677346,-3698.601441,8.7375
*Nc1cc(NC(=O)c2cc(N)c(C(*)=O)s2)c(C(=O)O)nc1Cl,-1841.117456,0.9931029,242.29689,-8.6488,-0.8186,0.23096651,0.00094421,0.162042,0.06986873,7.962196221,-1840.955414,-1840.885545,7.8302
*Nc1nc(NC(=O)C(C(*)=O)c2cccc(OC)c2)nc(C(=O)O)n1,-1191.346242,0.9955142,217.73614,-8.6848,0.0023,0.29576314,0.00094421,0.22412788,0.07257947,6.415525097,-1191.122114,-1191.049534,8.6871
*Nc1cc(NC(=O)CS(=O)c2ccccc2C(*)=O)c(C)c(C(=O)O)c1C,-1580.645383,0.99956864,255.76876,-8.1122,-0.2553,0.36308955,0.00094421,0.28625601,0.07777775,3.605758266,-1580.359127,-1580.28135,7.8569
*Nc1ccc(C(=O)O)c(NC(=O)C(C)(C)C(*)=O)c1F,-975.4625164,0.99919754,177.17248,-8.7122,0.151,0.26244335,0.00094421,0.19907808,0.06430949,3.699854733,-975.2634383,-975.1991288,8.8632
*Nc1c(C(=O)O)ccc(C#N)c1NC(=O)CC(NC(=O)Oc1ccccc1)C(*)=O,-1404.181059,0.9906509,260.1228,-8.7709,-0.6135,0.36284613,0.00094421,0.28492818,0.07886216,4.670800286,-1403.896131,-1403.817269,8.1574
*Nc1cc(NC(=O)CS(=O)(=O)c2ccc(-c3ccc(S(=O)(=O)CC(*)=O)cc3)cc2)c(Br)c(C(=O)O)c1,-4969.708165,0.9605651,379.46406,-8.5167,-0.7147,0.43033439,0.00094421,0.33350533,0.09777327,3.112380907,-4969.37466,-4969.276886,7.802
*Nc1cc(Cl)cc(NC(=O)C2CC(C(*)=O)N(C)N2C)c1CC(=O)O,-1563.192479,0.93315727,237.94307,-8.4136,0.0628,0.36448914,0.00094421,0.29081389,0.07461947,5.872692912,-1562.901665,-1562.827046,8.4764
*Nc1cc(C(=O)O)cc(NC(=O)c2cc(C(*)=O)c(Br)o2)c1C#N,-3652.812471,0.9982692,229.48176,-8.9631,-0.7176,0.22745203,0.00094421,0.15738246,0.07101378,3.549806684,-3652.655088,-3652.584075,8.2455
*Nc1cc(C)cc(NC(=O)C(Cc2ccc(C(C)(C)C)cc2)(Cc2ccc(C(C)(C)C)cc2)C(*)=O)c1C(=O)O,,0.9371389,,,,4.935668799999998,0.00094421,0.60310791,0.10320801,7.263594016,0.60310791,4.93661301,
*Nc1cc(F)cc(NC(=O)CN(CC(*)=O)C(=O)CN(C)C)c1C(=O)O,-1278.136771,0.9993068,231.37563,-8.3835,0.2757,0.37040989,0.00094421,0.29313493,0.07821917,3.929862114,-1277.843636,-1277.765417,8.6592
*Nc1cc(NC(=O)c2cc(OC)cc(C(*)=O)n2)c(Br)c(C(=O)O)c1,-3693.337233,0.9992693,250.37499,-8.12,-0.2893,0.28139867,0.00094421,0.20920317,0.07313972,6.606671377,-3693.12803,-3693.05489,7.8307
*Nc1nc(NC(=O)CN(CC(*)=O)C(=O)c2ccc(F)cc2)nc(C(=O)O)n1,-1384.109265,0.99852777,233.26406,-9.5759,0.1011,0.31347836,0.00094421,0.23670874,0.07771383,5.183445038,-1383.872557,-1383.794843,9.677
*Nc1c(Cl)ccc(C(=O)O)c1NC(=O)c1ccc(Sc2ccc(C(*)=O)cc2)cc1,-2078.17072,0.99911517,338.35872,-8.4777,-0.3988,0.34741175,0.00094421,0.26845524,0.07990072,4.079423351,-2077.902264,-2077.822364,8.0789
*Nc1nc(NC(=O)CN(CC(*)=O)N=Cc2ccc(Cl)cc2)c(C(=O)O)nc1Cl,-2168.016434,0.985663,299.76494,-8.2558,-0.0751,0.326614,0.00094421,0.24582884,0.08172938,3.540910649,-2167.770605,-2167.688876,8.1807
*NCC(NC(=O)c1ncnc(C(*)=O)c1C)C(=O)O,-908.2840479,0.97796774,161.44712,-9.7559,-0.6719,0.24699544,0.00094421,0.18470479,0.06323487,5.451301856,-908.0993431,-908.0361083,9.084
*Nc1ccc(OC)c(C(=O)O)c1NC(=O)c1ccc(C(*)=O)c(F)c1F,-1302.383904,0.99635005,235.59869,-8.0395,-0.6174,0.28796512,0.00094421,0.21664436,0.07226498,5.82968762,-1302.16726,-1302.094995,7.4221
*Nc1ccc(S(=O)(=O)O)cc1NC(=O)CC(CC(*)=O)c1ccc(Br)c(C)c1,-4155.270304,0.99910825,281.60649,-8.6898,0.0284,0.37852047,0.00094421,0.29698752,0.08247716,8.914859339,-4154.973316,-4154.890839,8.7182
*Nc1cc(C#N)cc(NC(=O)COCc2cc(Br)ccc2C(*)=O)c1C(=O)O,-3808.855571,0.9995745,284.83352,-8.485,-0.9046,0.32440651,0.00094421,0.2476853,0.07766541,7.915598015,-3808.607885,-3808.53022,7.5804
*Nc1cc(C(=O)O)cc(NC(=O)CCC(NC(=O)c2ccc(C)cc2)C(*)=O)c1Br,-3888.711252,0.99820733,305.55584,-8.5736,0.1397,2.43598076,0.00094421,0.32287916,0.08456474,5.185922125,-3888.388373,-3886.274327,8.7133
*Nc1cc(C(=O)O)cc(NC(=O)CN(CC(*)=O)C(=O)OC(C)(C)C)c1C,-1277.391218,0.9993424,249.54286,-8.5242,-0.0556,0.42332892,0.00094421,0.34132443,0.0829487,8.923164102,-1277.049894,-1276.966945,8.4686
*Nc1ccc(NC(=O)Cc2ccc(C(*)=O)cc2)c(C(=O)O)c1,-1028.641739,0.99966335,223.85946,-7.9834,-0.3191,0.29692705,0.00094421,0.23102599,0.06684527,2.804522492,-1028.410713,-1028.343868,7.6643
*Nc1cc(Br)cc(NC(=O)C(OC(=O)c2ccccc2C)C(OC(=O)c2ccccc2C)C(*)=O)c1C(=O)O,-4328.240371,0.8829194,382.51393,-8.5046,-0.0275,0.49631907,0.00094421,0.39647856,0.10078473,5.864778596,-4327.843892,-4327.743107,8.4771
*Nc1ccc(C(=O)O)c(NC(=O)c2cccc(C(*)=O)c2C(=O)C(C)Br)n1,-3770.770496,0.99910825,270.43855,-8.709,-0.5457,0.31732214,0.00094421,0.24042696,0.07783939,5.875627928,-3770.530069,-3770.45223,8.1633
*Nc1cc(C)c(C(=O)O)cc1NC(=O)c1cc(C(*)=O)cc(N2C(=O)c3ccccc3C2=O)c1,-1540.595206,0.9921003,340.67591,-8.3504,-0.7286,0.40078168,0.00094421,0.31614952,0.08557637,6.317558454,-1540.279057,-1540.19348,7.6218
*Nc1cccc(CC(=O)O)c1NC(=O)CN(CC(*)=O)C(=O)CCCCl,-1622.432314,0.99835795,244.22903,-8.5766,0.1218,0.3830776,0.00094421,0.30616525,0.07785656,4.028698288,-1622.126148,-1622.048292,8.6984
*Nc1ccc(C)c(C(=O)O)c1NC(=O)c1ccc(OC(=O)c2ccc(C(=O)Oc3ccc(C(*)=O)cc3)cc2)cc1,-1867.946388,0.9150909,426.38836,-8.0659,-0.6861,0.50165466,0.00094421,0.4040166,0.09858227,4.977206679,-1867.542371,-1867.443789,7.3798
*Nc1cc(Cl)c(C(=O)O)c(NC(=O)C(*)=O)c1,-1217.868942,0.9755304,160.31575,-8.8972,-0.4291,0.1728734,0.00094421,0.11690258,0.05691504,5.026818901,-1217.752039,-1217.695124,8.4681
*Nc1c(Br)ccc(CC(=O)O)c1NC(=O)c1ccc(C(=O)CSC(C)C(*)=O)cc1,-4231.507304,0.99801993,320.3449,-8.3188,-0.4122,0.39126414,0.00094421,0.30557244,0.08663592,2.981487641,-4231.201732,-4231.115096,7.9066
*Nc1nc(CC(=O)O)nc(NC(=O)c2ccc(S(=O)(=O)N3CCN(S(=O)(=O)c4ccc(C(*)=O)cc4)CC3)cc2)n1,-2671.928751,0.82892156,395.46924,-9.3721,-0.6327,0.50801134,0.00094421,0.40567342,0.10328213,4.742721121,-2671.523077,-2671.419795,8.7394
*Nc1nc(CC(=O)O)nc(NC(=O)COCCSc2ccccc2C(*)=O)n1,-1668.151679,0.9984542,268.27516,-8.8427,-0.1924,0.35897317,0.00094421,0.2768261,0.08309128,6.530651235,-1667.874853,-1667.791762,8.6503
*Nc1ccc(SCC(NC(=O)c2ccc(NC(=O)CC(=O)Nc3ccc(C(*)=O)cc3)cc2)C(=O)O)cc1,-2073.940714,0.9594022,402.46612,-8.2722,0.0253,0.5050949499999999,0.00094421,0.40581179,0.10022738,7.336217315,-2073.534902,-2073.434674,8.2975
*Nc1cc(Br)c(CC(=O)O)cc1NC(=O)C1C2CCC(C2)C1C(*)=O,-3643.747857,0.90632194,247.62498,-8.3844,0.069,0.36627492,0.00094421,0.29402048,0.07319865,3.930670707,-3643.453836,-3643.380638,8.4534
*Nc1ccc(C(=O)O)c(Br)c1NC(=O)C(=O)N1CCC(C(*)=O)CC1,-3695.748849,0.99950445,237.9294,-8.7455,0.2438,0.32948054,0.00094421,0.25575371,0.07467104,3.535953303,-3695.493095,-3695.418424,8.9893
*NNC(=O)c1cc(C(=O)NNC(=O)CN(CC(*)=O)NC(=O)CC(C)(C)C)cc(S(=O)(=O)O)c1,,0.8767742,,,,,,,,,,,
*NOCC(NC(=O)Cc1ccc(-c2ccc(CC(*)=O)cc2)cc1)C(=O)O,-1221.728968,0.9980276,265.1776,-8.712,0.2434,0.3916464,0.00094421,0.31391238,0.07867823,2.370431858,-1221.415056,-1221.336378,8.9554
*Nc1c(C(=O)O)ccc(C(F)(F)F)c1NC(=O)CNC(C)C(*)=O,-1268.684891,0.99766326,198.08593,-8.4501,0.0106,0.29738889,0.00094421,0.22732009,0.07101301,3.860319383,-1268.457571,-1268.386558,8.4607
*Nc1cc(C#N)cc(NC(=O)CCSCC(NC(=O)OCC2c3ccccc3-c3ccccc32)C(*)=O)c1C(=O)O,,0.73777264,,,,0.5480344199999999,0.00094421,0.44895849,0.10002015,5.15184318,0.44895849,0.54897863,
*NNC(=O)c1cc(C(=O)NNC(=O)CN(CC(*)=O)NS(=O)(=O)c2ccc(OC)cc2)cc(S(=O)(=O)O)c1,-2614.491406,0.85939103,341.21779,-9.4787,-0.4828,0.47299364,0.00094421,0.37253358,0.10140427,4.360771756,-2614.118873,-2614.017468,8.9959
*Nc1cc(C(=O)O)cc(NC(=O)c2cccc3ccc4cccc(C(*)=O)c4c23)c1Cl,-1756.195724,0.9896618,323.53153,-8.3893,-0.1509,0.35752826,0.00094421,0.28207303,0.07639944,7.079279019,-1755.913651,-1755.837251,8.2384
*Nc1cc(Br)cc(NC(=O)CN(CC(*)=O)N=Cc2ccc(Br)cc2)c1C(=O)O,-6363.550523,0.9982109,318.30926,-8.1849,-0.3574,1.74934783,0.00094421,0.26965878,0.08075524,6.068190726,-6363.280864,-6361.800231,7.8275
*Nc1cc(C(=O)O)cc(NC(=O)c2ccc(C(=O)C(=O)c3ccc(C(*)=O)cc3)cc2)c1C(F)(F)F,-1784.202487,0.9622497,339.80684,-8.7069,-1.163,0.38402858,0.00094421,0.29448032,0.09049247,4.413034244,-1783.908006,-1783.817514,7.5439
*Nc1ccc2c(S(=O)(=O)O)cc(S(=O)(=O)O)cc2c1NC(=O)c1ccccc1C(=O)NC(CCCC)C(*)=O,,0.7736014,,,,0.51533175,0.00094421,0.41542203,0.10085393,5.961234871,0.41542203,0.51627596,
*Nc1cc(C(=O)O)cc(NC(=O)c2ccc(OC(=O)c3ccc(C(=O)Oc4ccc(C(*)=O)cc4)cc3)cc2)c1C(F)F,-2066.483402,0.9072198,427.10989,-8.5004,-0.7691,0.48798509,0.00094421,0.38520475,0.10372456,5.783965559,-2066.098197,-2065.994472,7.7313
*Nc1cc(C(=O)O)cc(NC(=O)C(Br)C(Br)C(*)=O)c1OCC,-6137.571533,0.99609274,237.71804,-8.5432,-0.1979,0.28879974,0.00094421,0.21388438,0.07585957,2.992022636,-6137.357649,-6137.281789,8.3453
*Nc1cc(C)cc(C(=O)O)c1NC(=O)C(C)(C(*)=O)c1cccc(C)c1,-1146.558348,0.99887305,255.61855,-7.9912,0.2009,0.38434018,0.00094421,0.30921174,0.07607266,3.644146249,-1146.249136,-1146.173064,8.1921
*Nc1nc(NC(=O)CCC(=O)Nc2ccccc2CC(*)=O)c(C(=O)O)nc1Cl,-1767.703891,0.9996125,259.14459,-8.5958,-0.0679,0.35468718,0.00094421,0.27758535,0.07804605,3.845527958,-1767.426306,-1767.34826,8.5279
*Nc1cc(C(=O)O)cnc1NC(=O)c1ccc(C=Nc2ccc(N=Cc3ccc(C(*)=O)cc3)cc2)cc1,-1654.371946,0.9223076,414.80376,-8.1452,-0.6692,0.47346383,0.00094421,0.38150062,0.09290742,2.747738564,-1653.990445,-1653.897538,7.476
*Nc1ccc(C(=O)O)c(NC(=O)c2cc(C(*)=O)ncn2)n1,-1037.497264,0.9972584,201.79916,-8.6445,-1.0278,0.2309915,0.00094421,0.1672469,0.06468881,4.614888208,-1037.330017,-1037.265328,7.6167
*Nc1ccc(C(=O)O)cc1NC(=O)CC(C(*)=O)c1ccccc1C#N,-1160.212019,0.9977349,232.41496,-8.7092,-0.2745,0.32702932,0.00094421,0.25584692,0.07212661,8.694035417,-1159.956172,-1159.884045,8.4347
*Nc1nc(NC(=O)CNc2ccc(NCC(*)=O)cc2)c(C(=O)O)cc1Br,-3768.132081,0.9992022,277.44549,-7.3499,0.1547,0.34195685,0.00094421,0.26333248,0.07956858,5.204941034,-3767.868749,-3767.78918,7.5046
*Nc1ccc(C(=O)O)c(S(=O)(=O)NC(=O)C2CC(C(*)=O)c3ccccc32)c1,-1654.706184,0.99040353,255.30947,-8.9094,-0.0008,0.34702703,0.00094421,0.27198251,0.07598874,4.578636193,-1654.434201,-1654.358213,8.9086
*Nc1ccnc(NC(=O)c2c3ccccc3c(C(*)=O)c3ccccc23)c1C(=O)O,,0.9627432,,,,0.3541049,0.00094421,0.27990428,0.07514483,5.499853569,0.27990428,0.35504911,
*Nc1cc(C(=O)O)c(NC(=O)c2cc(F)c(C(*)=O)cc2F)cc1F,-1287.135223,0.99601597,221.79909,-8.3262,-0.7001,0.24538703,0.00094421,0.17710566,0.06922558,7.493299018,-1286.958118,-1286.888892,7.6261
*Nc1cc(C(=O)O)cc(NC(=O)C2CN(C(=O)OCc3ccccc3)CC2C(*)=O)c1C#N,-1520.900482,0.8841144,311.3789,-8.6843,-0.3458,2.14434733,0.00094421,0.34309562,0.08666557,1.445489498,-1520.557387,-1518.755191,8.3385
*Nc1cc(NC(=O)CN(CC(*)=O)C(=O)OCC2c3ccccc3-c3ccccc32)c(Br)c(C(=O)O)c1,-4193.796541,0.9060314,374.80325,-8.3107,0.1672,0.4752766,0.00094421,0.38110554,0.09511528,2.58490941,-4193.415436,-4193.32032,8.4779
*NCCCC(NC(=O)CC(NC(=O)Oc1ccccc1)C(*)=O)C(=O)O,-1238.073122,0.96295285,227.06127,-9.378,0.3082,0.39666861,0.00094421,0.31883217,0.07878066,1.397373609,-1237.75429,-1237.675509,9.6862
*Nc1ccc(S(=O)(=O)O)cc1NC(=O)C(C)(Cc1ccc(F)cc1)C(*)=O,-1641.806778,0.99935883,253.25918,-8.6251,-0.012,0.35038631,0.00094421,0.27370417,0.07762636,7.187091535,-1641.533073,-1641.455447,8.6131
*Nc1cc(NC(=O)CNc2cc(Cl)ccc2C(*)=O)c(C(=O)O)cc1Cl,-2003.216329,0.9995827,263.92963,-8.4622,-0.3529,0.8965056699999999,0.00094421,0.22626847,0.07280051,2.381192386,-2002.99006,-2002.318879,8.1093
*Nc1cc(C(=O)O)ccc1S(=O)(=O)NC(=O)c1ccccc1CSC(C)C(*)=O,-2054.096851,0.996852,275.39826,-8.45,-0.0625,0.37229335,0.00094421,0.29237779,0.08085977,8.280364834,-2053.804474,-2053.723614,8.3875
*Nc1c(C(=O)O)ccc(C(F)(F)F)c1NC(=O)CC(CC(*)=O)c1ccccc1Cl,-1903.988269,0.9979412,268.57662,-8.494,-0.1601,0.35644152,0.00094421,0.2767103,0.08067543,3.565541069,-1903.711559,-1903.630883,8.3339
*Nc1cncc(C(=O)O)c1NC(=O)C(CCCNC(=O)OCc1ccccc1)C(*)=O,-1445.881458,0.9943691,278.39126,-8.8181,-0.1217,0.44144283,0.00094421,0.35851818,0.08386886,3.236218284,-1445.52294,-1445.439071,8.6964
*Nc1cc(C(=O)O)cc(NC(=O)CC(NC(=O)c2ccc(Br)cc2)C(*)=O)c1OCC,,0.9988463,,,,0.41334645,0.00094421,0.32932015,0.0849705,4.984473289,0.32932015,0.41429066,
*Nc1cccc(NC(=O)C(F)(CC(C)C)C(*)=O)c1C(=O)O,-1054.071623,0.9989975,202.90357,-8.3829,-0.051,0.3220428299999999,0.00094421,0.25329405,0.06969299,8.937124289,-1053.818329,-1053.748636,8.3319
*Nc1ccc(Oc2cc(Oc3ccc(NC(=O)C45c6ccccc6C(C(*)=O)(c6ccccc64)c4ccccc45)cc3)cc(C(=O)O)c2)cc1,,0.5080559,,,,0.6318772,0.00094421,0.52487181,0.1079496,4.258067685,0.52487181,0.63282141,
*Nc1cc(F)c(S(=O)(=O)NC(=O)c2ccc(C(*)=O)cc2)cc1C(=O)O,-1637.260907,0.99957615,237.9332,-9.0405,-0.7558,0.27351186,0.00094421,0.2015668,0.07288927,5.887084504,-1637.05934,-1636.986451,8.2847
*Nc1cc(NC(=O)c2ccccc2N=Cc2ccc(C=Nc3ccccc3C(*)=O)cc2)c(C(=O)O)cc1Br,,0.95443547,,,,,,,,,,,
*Nc1ccc(NC(=O)c2ccnc(OCCOc3cc(C(*)=O)ccn3)c2)c(C(=O)O)c1C,-1520.855786,0.99489516,322.53149,-8.0306,-0.4525,0.42901599,0.00094421,0.34312064,0.08683956,4.357017801,-1520.512665,-1520.425826,7.5781
*Nc1ccc(C(F)(F)F)c(C(=O)O)c1NC(=O)C(F)(F)C(F)(F)C(*)=O,-1571.091501,0.98244,177.53344,-9.0906,-0.1824,0.21988364,0.00094421,0.14799396,0.07283389,2.182802723,-1570.943507,-1570.870673,8.9082
*Nc1cc(Cl)c(CC(=O)O)cc1NC(=O)c1ccc(CSc2ccc(C(*)=O)cc2)cc1,-2156.780019,0.9988531,343.68879,-8.3341,-0.298,0.40663688,0.00094421,0.32057981,0.08700129,8.679561875,-2156.45944,-2156.372438,8.0361
*Nc1cc(C(=O)O)cc(NC(=O)CCc2ccc(SCC(*)=O)cc2)c1C#N,-1597.700909,0.99933976,278.55503,-8.6971,-0.3893,0.35927282,0.00094421,0.27927868,0.08093836,2.124132515,-1597.42163,-1597.340692,8.3078
*Nc1ccc(C(F)(F)F)c(C(=O)O)c1NC(=O)CCC(NS(=O)(=O)c1ccccc1)C(*)=O,-2048.402201,0.9107143,284.62556,-8.6472,0.068,0.39737898,0.00094421,0.31252931,0.08579387,6.241880889,-2048.089672,-2048.003878,8.7152
*Nc1c(C(=O)O)cc(Cl)c(Br)c1NC(=O)c1ccccc1NS(=O)(=O)c1ccc(-c2ccc(S(=O)(=O)Nc3ccccc3C(*)=O)cc2)cc1,-5923.538274,0.8715637,533.50589,-8.4906,-0.3273,3.41884978,0.00094421,0.45686969,0.11387754,1.597408877,-5923.081405,-5920.11848,8.1633
*Nc1cc(C(=O)O)cc(NC(=O)c2ccc(NC(=O)OCc3ccccc3)cc2C(*)=O)c1C(F)(F)F,-1840.787747,0.98065484,343.35074,-8.6943,-0.2834,0.42693308,0.00094421,0.3343329,0.0935444,8.228435068,-1840.453414,-1840.359869,8.4109
*Nc1cc(NC(=O)C(F)(F)OC(F)(F)C(F)(F)OC(F)(F)C(F)(F)OC(F)(F)C(*)=O)c(CC(=O)O)cc1Br,-5023.809409,0.64074826,266.3668,-8.4192,-0.0786,0.30862182,0.00094421,0.20751139,0.10205464,0.789763128,-5023.601897,-5023.499843,8.3406
*Nc1cc(C)cc(C(=O)O)c1NC(=O)c1cnc(C(*)=O)[nH]1,-1022.655002,0.9972584,215.56836,-8.2669,-0.422,0.53343546,0.00094421,0.20396654,0.06322248,5.474846189,-1022.451036,-1022.120622,7.8449
*Nc1ccc2c(S(=O)(=O)O)cc(S(=O)(=O)O)cc2c1NC(=O)CC(CC(*)=O)c1ccc(OCc2ccccc2)cc1,,0.8015089,,,,0.54841773,0.00094421,0.4479347,0.10142724,6.975501428,0.4479347,0.54936194,
*NNC(=N)N(CC(=O)O)NC(=O)c1sc(C(*)=O)c(OC)c1OC,-1551.515979,0.90479785,220.36442,-9.1706,-0.5355,0.30872823,0.00094421,0.23224214,0.07743031,5.734807136,-1551.283737,-1551.206307,8.6351
*Nc1ccc(NC(=O)c2cc(C(*)=O)cc(-n3c(C)ccc3C)c2)c(C(=O)O)c1F,-1376.197288,0.99567693,302.28426,-7.924,-0.2891,0.38525799,0.00094421,0.30502562,0.08117658,3.201136138,-1375.892262,-1375.811086,7.6349
*Nc1cc(F)c(S(=O)(=O)NC(=O)c2c(C)sc(C)c2C(*)=O)cc1C(=O)O,-2036.63896,0.99700147,252.76642,-8.9604,-0.027,0.29869862,0.00094421,0.22043187,0.07921096,2.985612271,-2036.418528,-2036.339317,8.9334
*Nc1cc(NC(=O)c2cc(N)c(C(*)=O)cc2Cl)c(C(=O)O)c(OC)c1,-1618.838167,0.9975466,266.9595,-8.2129,-0.141,0.31208152,0.00094421,0.23823237,0.07479337,6.862083586,-1618.599935,-1618.525142,8.0719
*Nc1cc(Br)c(NC(=O)c2cc(C(*)=O)c(C(N)=O)nc2C(N)=O)c(C(=O)O)c1,-3916.271605,0.96413624,275.09639,-8.37,-0.7147,0.30627494,0.00094421,0.22601718,0.08120197,8.192508522,-3916.045588,-3915.964386,7.6553
*Nc1cc(OC)c(NC(=O)CCCc2ccc(CCCC(*)=O)cc2)cc1C(=O)O,-1339.701336,0.99936634,308.79902,-7.6951,0.0681,0.48104417,0.00094421,0.39475516,0.08723323,9.317468069,-1339.306581,-1339.219347,7.7632
*Nc1cc(C)c(NC(=O)C(CCCCCCCCCCCC)C(*)=O)c(C(=O)O)c1,-1308.548844,0.96691406,309.50427,-8.1476,0.1709,0.59820496,0.00094421,0.50673766,0.09241151,5.271177679,-1308.042106,-1307.949695,8.3185
*Nc1ccc(NC(=O)C2(C(*)=O)Cc3ccccc3C2)c(C(=O)O)c1F,-1205.313371,0.9795506,244.3264,-8.2492,0.0494,0.32568809,0.00094421,0.25574582,0.07088648,3.159678455,-1205.057625,-1204.986738,8.2986
*Nc1cc(C(=O)O)cc(NC(=O)c2cc(NS(=O)(=O)c3ccccc3)cc(C(*)=O)c2)c1Cl,-2284.003552,0.99029154,328.96052,-8.6767,-0.5883,0.37646013,0.00094421,0.29102833,0.08637601,6.523618287,-2283.712524,-2283.626148,8.0884
*Nc1cc(F)cc(C(=O)O)c1NC(=O)CC(=O)CSc1ccccc1C(*)=O,-1678.74564,0.9986142,257.98077,-8.3275,-0.3635,0.33353798,0.00094421,0.25818307,0.07629912,7.69738952,-1678.487456,-1678.411157,7.964
*Nc1cc(C(=O)O)cc(NC(=O)c2cc(NC(=O)C(Cl)Cl)cc(C(*)=O)c2)c1OC,-2231.087481,0.99508506,299.39954,-8.4604,-0.3739,0.34542528,0.00094421,0.26088904,0.08548045,8.806137193,-2230.826592,-2230.741112,8.0865
*Nc1cc(NC(=O)c2ccc(F)c(Br)c2C(*)=O)c(Br)c(C(=O)O)c1,-6235.421145,0.99908006,259.14004,-8.5387,-0.2437,0.24216464,0.00094421,0.16918136,0.0739275,4.054009024,-6235.251963,-6235.178036,8.295
*Nc1ccc(C(=O)O)cc1NC(=O)c1c(C)sc(C)c1C(*)=O,-1388.718574,0.9988463,233.03404,-8.5302,-0.019,0.29242612,0.00094421,0.22204002,0.07133032,5.827333401,-1388.496534,-1388.425204,8.5112
*Nc1cc(S(=O)(=O)O)c(NC(=O)C(CCCN)C(*)=O)c(S(=O)(=O)O)c1,-2030.061002,0.8333076,232.22196,-9.1301,-0.3087,0.34006448,0.00094421,0.26363736,0.07737134,2.452089572,-2029.797364,-2029.719993,8.8214
*Nc1ncnc(NC(=O)CCC(=O)NC(C(*)=O)c2ccccc2)c1C(=O)O,-1308.107975,0.9954704,247.1437,-9.4039,0.1409,0.3634147,0.00094421,0.2894634,0.0748955,2.240379282,-1307.818511,-1307.743616,9.5448
*Nc1cc(C(=O)O)cc(NC(=O)CC(C(*)=O)c2ncccn2)c1Cl,-1559.645601,0.9976265,237.14062,-8.378,0.1223,0.29428503,0.00094421,0.22252962,0.07269962,7.997689544,-1559.423071,-1559.350371,8.5003
*Nc1ccc(C(=O)O)c(NC(=O)CSc2ccc(Oc3ccc(SCC(*)=O)cc3)cc2)c1C,-2209.900641,0.99862766,367.70939,-8.4642,0.1723,0.45146085,0.00094421,0.3597946,0.09261046,3.563216651,-2209.540846,-2209.448236,8.6365
*Nc1cc(CC(=O)O)c(Br)c(NC(=O)c2cccc(OC)c2CSCC(*)=O)c1,-4193.383338,0.9994797,309.06741,-8.3159,0.1903,0.38562037,0.00094421,0.30111377,0.08545082,4.744964712,-4193.082224,-4192.996773,8.5062
*Nc1ccc(C(F)(F)F)c(C(=O)O)c1NC(=O)Cc1ccccc1Oc1ccccc1CC(*)=O,-1711.359406,0.9970708,309.93338,-8.6904,0.2046,0.42498915,0.00094421,0.33873061,0.08720275,1.147523261,-1711.020675,-1710.933473,8.895
*Nc1nc(NC(=O)CC2CN(C(=O)OC(C)(C)C)CC2CC(*)=O)nc(C(=O)O)n1,-1442.291096,0.7649355,264.91178,-9.2623,-0.0749,0.45511527,0.00094421,0.36748469,0.08857479,8.725463797,-1441.923612,-1441.835037,9.1874
*Nc1cc(F)c(NC(=O)c2ncsc2C(*)=O)c(C(=O)O)c1,-1425.423475,0.9977216,204.76662,-8.4208,-0.699,0.21429381,0.00094421,0.15018776,0.06505026,4.29681818,-1425.273288,-1425.208237,7.7218
*Nc1ncnc(NC(=O)CN(CC(*)=O)N=Cc2ccc(Cl)cc2Cl)c1C(=O)O,-2168.02336,0.99509466,287.07155,-8.6282,-0.4558,0.32774911,0.00094421,0.24861837,0.08007495,5.893625988,-2167.774742,-2167.694667,8.1724
*Nc1cc(NC(=O)CCNS(=O)(=O)c2ccc(C(*)=O)cc2)c(CC(=O)O)cc1Br,-4284.706905,0.9989309,294.51429,-8.2645,-0.9546,0.38098216,0.00094421,0.30005175,0.08187462,3.899831908,-4284.406853,-4284.324978,7.3099
*Nc1cc(F)cc(NC(=O)c2ccc(C(=O)c3ccccc3C(*)=O)cc2)c1C(=O)O,-1433.005297,0.99826247,309.37782,-8.4656,-0.7627,0.35722695,0.00094421,0.27852013,0.07965103,3.285699134,-1432.726777,-1432.647126,7.7029
*Nc1cc(C)c(NC(=O)C(Cc2cccs2)C(*)=O)c(C(=O)O)c1,-1428.012716,0.9988508,232.04426,-8.2009,0.1645,0.3218029099999999,0.00094421,0.25062225,0.07212487,5.898022449,-1427.762094,-1427.689969,8.3654
*Nc1cccc2c(S(=O)(=O)O)ccc(NC(=O)c3nonc3C(*)=O)c12,-1608.09569,0.9747011,241.60175,-8.5869,-0.7453,0.26307952,0.00094421,0.19311579,0.07090795,3.17752357,-1607.902575,-1607.831667,7.8416
*Nc1nc(NC(=O)c2cccc(C(*)=O)c2NC(=O)OCc2ccccc2)c(C(=O)O)cc1Br,-4093.156012,0.9959378,337.84091,-8.5556,0.0097,0.3979847,0.00094421,0.31205393,0.08687498,3.52973441,-4092.843958,-4092.757083,8.5653
*Nc1cc(NC(=O)c2cccc(Br)c2C(*)=O)cc(C(=O)O)c1,-3562.744585,0.9991943,237.1526,-8.4623,-0.1835,0.25834978,0.00094421,0.19093063,0.06836336,4.766271897,-3562.553655,-3562.485291,8.2788
*Nc1cc(S(=O)(=O)O)c(NC(=O)C2CC(C)=C(C)CC2C(*)=O)cc1S(=O)(=O)O,-2129.520677,0.7102767,271.23168,-8.631,-0.3547,0.39329964,0.00094421,0.30942547,0.08481838,6.284232327,-2129.211251,-2129.126433,8.2763
*Nc1cc(Cl)cc(NC(=O)c2ccc3ccc4ccc(C(*)=O)nc4c3n2)c1C(=O)O,-1788.341708,0.97275317,327.78484,-7.8512,-1.2293,0.33347935,0.00094421,0.25886621,0.07555735,10.26486849,-1788.082842,-1788.007284,6.6219
*Nc1cc(C(=O)O)c(NC(=O)c2ccc(-c3ccc(-c4ccc(-c5ccc(C(*)=O)cc5)cc4)cc3)cc2)cc1F,-1781.766832,0.9511422,488.90738,-8.0464,-0.3925,0.5167436599999999,0.00094421,0.422883,0.09480487,6.553848405,-1781.343949,-1781.249144,7.6539
*Nc1ccc(C#N)c(C(=O)O)c1NC(=O)CC(C(*)=O)c1ccccc1SC,-1597.687272,0.9853984,280.3148,-8.5959,0.0363,0.35901023,0.00094421,0.28031634,0.0796381,11.55467445,-1597.406956,-1597.327318,8.6322
*NC(=NCCC(=O)O)NC(=O)c1ccnc(C(*)=O)c1,-946.3943407,0.9510968,175.2463,-9.6875,-0.5031,0.25299144,0.00094421,0.18892489,0.06501076,5.605988118,-946.2054158,-946.1404051,9.1844
*Nc1ccc(OC)c(NC(=O)CNc2ccc(NCC(*)=O)cc2)c1C(=O)O,-1293.168193,0.99964297,262.89284,-7.409,0.2371,0.39761145,0.00094421,0.3187108,0.07984486,5.243329331,-1292.849482,-1292.769637,7.6461
*Nc1cc(S(=O)(=O)O)c(NC(=O)c2cccc(C(*)=O)c2C(=O)CC)c(S(=O)(=O)O)c1,-2240.474245,0.9177829,286.82405,-9.1774,-0.3112,0.35840812,0.00094421,0.27358769,0.08576465,11.79200854,-2240.200657,-2240.114892,8.8662
*Nc1ccc(C#N)c(C(=O)O)c1NC(=O)C(CSCCC(NC(=O)OC(C)(C)C)C(*)=O)NC(=O)OC(C)(C)C,-2247.662325,0.7475238,375.14583,-8.692,-0.2209,0.6407705699999999,0.00094421,0.53099659,0.11071819,2.605054095,-2247.131329,-2247.02061,8.4711
*Nc1cc(Br)cc(C(=O)O)c1NC(=O)c1cc(NS(=O)(=O)c2ccc(NC(C)=O)cc2)cc(C(*)=O)c1,-4605.875582,0.9537728,373.16063,-8.4323,-0.3179,0.43585004,0.00094421,0.34361764,0.09317661,7.933854884,-4605.531965,-4605.438788,8.1144
*Nc1cc(C(=O)O)cc(NC(=O)c2ccc(CNCc3ccc(C(*)=O)o3)o2)c1OC,-1464.487651,0.9961004,293.26548,-8.2946,-0.1234,0.40398812,0.00094421,0.32104174,0.08389059,8.297961968,-1464.166609,-1464.082719,8.1712
*Nc1cc(NC(=O)CC(F)(F)CC(*)=O)c(CC(=O)O)cc1Cl,-1573.655308,0.9989287,203.12364,-8.3652,0.1028,0.27781332,0.00094421,0.20651621,0.07224132,2.329920898,-1573.448792,-1573.37655,8.468
*Nc1cc(NC(=O)c2ccc(F)cc2C(*)=O)c(C(=O)O)cc1Br,-3662.033176,0.9991573,242.11883,-8.6588,-0.2962,0.25159688,0.00094421,0.18293081,0.06961028,4.775224801,-3661.850245,-3661.780634,8.3626
*Nc1cccc2c(S(=O)(=O)O)ccc(NC(=O)CC(CC(*)=O)c3ccc(C)cc3C)c12,,0.9979966,,,,0.46704169,0.00094421,0.38278416,0.08520174,6.217023206,0.38278416,0.4679859,
*Nc1nc(NC(=O)CN(CC(*)=O)C(=O)CC)c(C(=O)O)cc1Br,-3673.697835,0.9964134,230.17532,-8.6824,0.13,0.30977334,0.00094421,0.23434531,0.07637224,4.175286809,-3673.463489,-3673.387117,8.8124
*Nc1cc(NC(=O)CN(CC(*)=O)N=Cc2ccc(OCc3ccccc3)cc2)c(C#N)cc1C(=O)O,-1654.568301,0.9564718,352.27855,-8.5138,0.0314,0.48909234,0.00094421,0.39813449,0.09190207,5.728823114,-1654.170166,-1654.078264,8.5452
*Nc1ccc(F)c(C(=O)O)c1NC(=O)C(F)(F)C(F)(F)C(*)=O,-1333.2187,0.9975656,163.17704,-8.8166,-0.1226,0.20434959,0.00094421,0.13747172,0.06782209,3.268514996,-1333.081229,-1333.013406,8.694
*Nc1cc(C(=O)O)cc(NC(=O)c2cc(F)ccc2-c2ccc(F)cc2C(*)=O)c1C,-1458.227546,0.9975466,287.62139,-8.3591,-0.5629,0.36748049,0.00094421,0.28798232,0.08044239,8.099976785,-1457.939564,-1457.859121,7.7962
*Nc1ccc(C)c(NC(=O)c2cc(C(*)=O)c(C)cc2C)c1C(=O)O,-1107.25625,0.9986853,251.38266,-7.9512,-0.1374,0.35479642,0.00094421,0.28259841,0.07314222,3.749192961,-1106.973652,-1106.90051,7.8138
*Nc1cc(NC(=O)c2sc(C(*)=O)c3c2OCCO3)c(C(=O)O)cc1F,-1637.246814,0.9982039,253.06565,-8.4674,-0.3954,0.27469098,0.00094421,0.20368834,0.07194686,4.001035366,-1637.043126,-1636.971179,8.072
*Nc1ccc(S(=O)(=O)O)c(NC(=O)c2ccccc2NN=Cc2ccc(C=NNc3ccccc3C(*)=O)cc2)c1,-2184.300523,0.8168816,465.06475,-7.6987,-0.2644,0.52333065,0.00094421,0.42514651,0.09912836,6.760172382,-2183.875377,-2183.776248,7.4343
*Nc1cccc(NC(=O)c2cccc(C(*)=O)c2C)c1C(=O)O,-1028.640986,0.99944717,229.26994,-8.1725,-0.1847,0.29672522,0.00094421,0.22996371,0.06770572,4.583932432,-1028.411022,-1028.343317,7.9878
*Nc1cnc(C(=O)O)cc1NC(=O)c1c(C)oc(C)c1C(*)=O,-1081.809225,0.9979888,210.20968,-9.0081,-0.1029,0.28311562,0.00094421,0.21418101,0.06987882,7.932052913,-1081.595044,-1081.525165,8.9052
*Nc1cc(C)cc(C(=O)O)c1NC(=O)Cc1ccc(-c2ccc(CC(*)=O)cc2)cc1,,0.9993475,,,,,,,,,,,
*Nc1cc(C(=O)O)cc(NC(=O)c2cc(NS(=O)(=O)c3ccccc3)cc(C(*)=O)c2)c1C(F)(F)F,-2161.529884,0.9509604,329.6387,-8.755,-0.5212,0.39289763,0.00094421,0.30314234,0.09069949,7.387680623,-2161.226742,-2161.136042,8.2338
*Nc1cc(CCC(=O)O)cc(NC(=O)CC(S)C(*)=O)c1,-1313.686726,0.8171736,209.50872,-8.1931,0.0522,0.30135025,0.00094421,0.23170731,0.07058715,5.828345004,-1313.455019,-1313.384431,8.2453
*Nc1ccc(C(=O)O)c(Br)c1NC(=O)c1cccc(C(*)=O)c1C(=O)CCCl,-4214.306664,0.99789655,288.28987,-8.8124,-0.6614,0.64322793,0.00094421,0.2413434,0.08121761,5.676435635,-4214.065321,-4213.662492,8.151
*Nc1ccc(F)c(C(=O)O)c1NC(=O)c1ccc(C(*)=O)c2ccccc12,-1242.092385,0.99720997,251.62824,-8.3433,-1.2923,0.30605294,0.00094421,0.23452422,0.07247293,2.990729682,-1241.85786,-1241.785387,7.051
*Nc1ccc(Br)c(NC(=O)CC(CC(*)=O)NC(=O)OCc2ccccc2)c1C(=O)O,,0.99675864,,,,,,,,,,,
*Nc1cc(C(=O)O)cc(NC(=O)CN(CC(*)=O)NC(=O)c2ccc(OC)cc2)c1C#N,-1498.787724,0.9994,288.23944,-8.4533,-0.1607,0.40930732,0.00094421,0.32529877,0.08495276,4.667045175,-1498.462425,-1498.377473,8.2926
*Nc1ccc(C(=O)O)cc1S(=O)(=O)NC(=O)CN(CC(*)=O)c1ccc(OCC)cc1,-1825.785408,0.9997131,283.41245,-7.8822,0.2669,0.42293092,0.00094421,0.33904579,0.08482934,3.171826612,-1825.446362,-1825.361533,8.1491
*Nc1cc(C(=O)O)cc(NC(=O)c2cc(Oc3c(F)c(F)c(F)c(F)c3F)cc(C(*)=O)c2)c1OC,-1906.445354,0.9451974,311.70153,-8.5823,-0.5939,0.7123650300000001,0.00094421,0.26735762,0.08928974,4.833823801,-1906.177997,-1905.732045,7.9884
*Nc1ccc(CC(NC(=O)CC(CC(*)=O)c2ccccc2C#N)C(=O)O)cc1,-1278.11644,0.99803144,275.08894,-8.4542,0.0408,0.41625263,0.00094421,0.3354908,0.08170604,4.399067841,-1277.780949,-1277.699243,8.495
*Nc1cc(C#N)c(NC(=O)CC(OC(=O)c2ccccc2)C(*)=O)cc1C(=O)O,-1348.806405,0.9936241,271.29822,-8.3907,-0.5766,0.3441668,0.00094421,0.26500836,0.08010265,7.908512637,-1348.541397,-1348.461294,7.8141
*Nc1cc(Cl)cc(NC(=O)C(C(*)=O)C2CCOC2)c1C(=O)O,-1488.441776,0.996682,216.69031,-8.4789,0.0821,0.30544043,0.00094421,0.23702599,0.06935865,4.158993025,-1488.20475,-1488.135392,8.561
*Nc1ccc(S(=O)(=O)O)cc1NC(=O)C1CC=C(C)CC1C(*)=O,-1466.304834,0.9811669,224.62122,-8.8346,-0.1503,0.34450821,0.00094421,0.27287133,0.0725811,9.43608259,-1466.031962,-1465.959381,8.6843
*Nc1cc(CC(=O)O)c(NC(=O)COCC(=O)Nc2ccccc2C(*)=O)cc1Cl,-1810.80627,0.9993845,0.46575,-8.1405,0.0813,0.38471761,0.00094421,0.30501163,0.08065019,4.295572681,-1810.501259,-1810.420609,8.2218
*Nc1cc(F)c(C(=O)O)cc1NC(=O)c1ccc(C(*)=O)c(Cl)c1,-1548.200327,0.9990452,232.88323,-8.7022,-0.9139,0.25196846,0.00094421,0.18462958,0.06828309,2.416492803,-1548.015697,-1547.947414,7.7883
*Nc1cc(C(F)(F)F)cc(NC(=O)CC(CC(*)=O)c2ccc[nH]2)c1C(=O)O,-1422.322299,0.9933717,243.15258,-8.2858,-0.4781,0.34614784,0.00094421,0.26689945,0.08019261,8.564351581,-1422.055399,-1421.975207,7.8077
*Nc1cc(NC(=O)CSC(SCC(*)=O)c2ccc(OC)cc2)c(S(=O)(=O)O)cc1S(=O)(=O)O,,0.91061497,,,,0.41791196,0.00094421,0.32382311,0.09503307,4.495748714,0.32382311,0.41885617,
*Nc1c(C(=O)O)cc(Cl)c(F)c1NC(=O)c1cccc(C(*)=O)c1C(Cl)C(C)=O,-2199.754341,0.9901592,269.52643,-8.9892,-0.4581,0.31378406,0.00094421,0.23373918,0.0809891,9.18107955,-2199.520602,-2199.439613,8.5311
*Nc1cc(NC(=O)CC(NC(=O)C(Cl)Cl)C(*)=O)c(C)c(C(=O)O)c1C,-2042.720097,0.99744415,245.67808,-8.0267,0.2063,0.34330221,0.00094421,0.26382212,0.0804243,1.970093729,-2042.456275,-2042.375851,8.233
*Nc1ccc(S(=O)(=O)NC(=O)Cc2c3ccccc3c(CC(*)=O)c3ccccc23)cc1C(=O)O,,0.97439826,,,,0.43928362,0.00094421,0.35558229,0.08464555,6.285556857,0.35558229,0.44022783,
*Nc1ccc(C(=O)O)cc1NC(=O)CC(CC(*)=O)c1ccc(C)cc1C,-1185.863021,0.9986142,257.53432,-8.4549,0.0431,1.24373873,0.00094421,0.33798336,0.07723195,4.426970186,-1185.525038,-1184.618338,8.498
*Nc1cc(NC(=O)c2cc(C(*)=O)cc(C(=O)CCBr)c2)c(C(=O)O)nc1Cl,-4230.365396,0.99796116,294.7387,-8.8871,-0.7956,0.9274318899999999,0.00094421,0.22904615,0.0803705,3.391488319,-4230.136349,-4229.437019,8.0915
*Nc1cc(C(=O)O)cc(NC(=O)CC(NC(=O)Oc2ccccc2)C(*)=O)c1Cl,-1771.519228,0.9985104,260.52844,-8.5498,0.0456,0.35380763,0.00094421,0.27496837,0.07978346,7.046413199,-1771.244259,-1771.164476,8.5954
*Nc1cc(Br)c(NC(=O)C(C(*)=O)c2cccc(OC)c2)c(C(=O)O)c1,-3716.57762,0.9995435,253.70322,-8.5242,0.162,0.32272184,0.00094421,0.24782178,0.07584427,6.228788062,-3716.329798,-3716.253954,8.6862
*Nc1ccc(C)c(C(=O)O)c1NC(=O)CC(CC(*)=O)c1ncccc1Br,-3736.028881,0.9971439,263.6318,-7.9967,0.258,0.36511648,0.00094421,0.28887055,0.07719014,3.601605077,-3735.740011,-3735.662821,8.2547
*Nc1ccc(C(=O)O)c(NC(=O)CN(C)c2ccccc2C(*)=O)c1C,-1162.595264,0.99944717,261.24946,-8.2693,0.1797,0.37385377,0.00094421,0.30001896,0.07477901,6.039912061,-1162.295245,-1162.220466,8.449
*Nc1ccc(NC(=O)CN(CC(*)=O)S(=O)(=O)c2c(C)cc(C)cc2C)c(C(=O)O)c1C#N,-1882.118554,0.98765194,319.04021,-8.169,-0.2777,1.33755419,0.00094421,0.35743857,0.08873503,3.948988904,-1881.761116,-1880.780056,7.8913
*Nc1ccc2c(S(=O)(=O)O)cc(S(=O)(=O)O)cc2c1NC(=O)CC(Cc1ccccc1)C(*)=O,,0.9183705,,,,0.42729675,0.00094421,0.33995389,0.08828707,1.251482335,0.33995389,0.42824096,
*Nc1cc(NC(=O)c2cc(C(*)=O)cc(C(=O)C(C)Cl)c2)cc(C(=O)O)c1,-1640.895037,0.9987453,271.04567,-8.4249,-0.8558,0.32973875,0.00094421,0.25315103,0.07753194,7.027058062,-1640.641886,-1640.564354,7.5691
*Nc1cc(C(=O)O)cc(Br)c1NC(=O)c1cc(SC(F)(F)F)cc(C(*)=O)c1,-4298.068046,0.9994461,275.22985,-8.7507,-0.763,0.26938432,0.00094421,0.19120784,0.07912069,2.431912546,-4297.876839,-4297.797718,7.9877
*Nc1ccc(Br)c(NC(=O)CSC2(SCC(*)=O)CCCCC2)c1C(=O)O,-4441.321114,0.9929061,295.78437,-8.4496,-0.0135,0.39366817,0.00094421,0.3122193,0.08239309,7.353766267,-4441.008895,-4440.926502,8.4361
*Nc1nc(NC(=O)CC(CC(*)=O)c2ccncc2Br)c(C(=O)O)nc1Br,-6302.243193,0.9925103,272.71027,-8.9514,-0.276,0.30295137,0.00094421,0.22451477,0.07938081,4.510376775,-6302.018679,-6301.939298,8.6754
*Nc1nc(CC(=O)O)nc(NC(=O)c2cc(Br)ccc2NC(=O)c2cc(Cl)c(Cl)cc2C(*)=O)n1,-4969.230822,0.9622497,365.9401,-9.0443,-0.6854,0.35169747,0.00094421,0.26091342,0.09172826,7.969763696,-4968.969909,-4968.87818,8.3589
*Nc1cc(C#N)c(NC(=O)CC(C)(NC(=O)OC(C)(C)C)C(*)=O)cc1C(=O)O,-1369.672241,0.96562505,271.1928,-8.2219,-0.4131,0.42371563,0.00094421,0.3399535,0.08470634,3.47306218,-1369.332287,-1369.247581,7.8088
*Nc1cc(C(=O)O)cc(NC(=O)Cc2ccc(COCc3ccc(CC(*)=O)cc3)cc2)c1C,,0.99909604,,,,,,,,,,,
*Nc1c(Br)ccc(C(=O)O)c1NC(=O)CC(CC)CC(*)=O,-3528.225487,0.9982003,221.86522,-8.5838,-0.0855,0.32203221,0.00094421,0.25137866,0.07159776,4.012197917,-3527.974108,-3527.90251,8.4983
*Nc1cc(C#N)cc(NC(=O)Cc2ccccc2Oc2ccccc2CC(*)=O)c1C(=O)O,-1466.498395,0.99909604,319.78951,-8.5741,-0.2186,0.41747756,0.00094421,0.33668226,0.08173951,9.107799323,-1466.161713,-1466.079974,8.3555
*Nc1ccc(C(=O)O)c(NC(=O)c2ccc(Oc3nc(OC)nc(Oc4ccc(C(*)=O)cc4)n3)cc2)c1Br,-4338.051899,0.95649225,389.99328,-8.5773,-0.1466,0.43880629,0.00094421,0.34198589,0.0977646,4.343191993,-4337.709913,-4337.612148,8.4307
*Nc1cc(C(=O)O)cc(NC(=O)C2(C(*)=O)Cc3ccccc3C2)c1C#N,-1198.322927,0.8795871,256.22169,-8.7859,-0.3737,0.3330761699999999,0.00094421,0.26050657,0.0735138,2.31894905,-1198.06242,-1197.988906,8.4122
*Nc1ccc(C(=O)O)c(C)c1NC(=O)C(F)(F)C(F)(F)C(F)(F)C(F)(F)C(*)=O,-1748.946844,0.8475502,204.45235,-8.7277,-0.1404,0.27110961,0.00094421,0.19086061,0.08119321,3.852412258,-1748.755984,-1748.674791,8.5873
*Nc1cc(C(=O)O)cc(NC(=O)CN(CC(*)=O)C(=O)CCc2ccccc2)c1C,-1354.586828,0.999529,276.395,-8.3171,0.1832,0.44655945,0.00094421,0.36517928,0.08232438,5.514746456,-1354.221648,-1354.139324,8.5003
*Nc1cc(Br)c(NC(=O)CC(C(*)=O)c2cccc(Br)c2)c(C(=O)O)c1,-6214.777085,0.99933714,259.95483,-8.6796,-0.0952,0.30903782,0.00094421,0.23401733,0.0759647,7.240822831,-6214.543068,-6214.467103,8.5844
*Nc1nc(NC(=O)Cc2sccc2C(*)=O)c(C(=O)O)cc1Cl,-1825.073106,0.99911517,227.04636,-8.6038,-0.1872,0.24284647,0.00094421,0.17467868,0.069112,3.365759579,-1824.898427,-1824.829315,8.4166
*Nc1ccc(Cl)c(NC(=O)c2cccnc2SCC(C)C(*)=O)c1C(=O)O,-1981.076992,0.9992706,266.56696,-8.3796,0.1501,0.33802082,0.00094421,0.2613551,0.07760994,1.546471859,-1980.815637,-1980.738027,8.5297
*Nc1cc(C)cc(C(=O)O)c1NC(=O)CCSc1sc(=S)sc1SCCC(*)=O,-3060.074164,0.9808576,332.5562,-8.0133,-0.4637,0.36381896,0.00094421,0.27855535,0.08620782,2.244189593,-3059.795609,-3059.709401,7.5496
*Nc1ccc(NC(=O)c2cccc(C(*)=O)c2Br)c(C(=O)O)c1,-3562.745361,0.9993081,236.08901,-8.0582,-0.417,0.25858702,0.00094421,0.19133834,0.0681929,3.041923063,-3562.554023,-3562.48583,7.6412
*NCC(NC(=O)C(Cc1ccccc1Br)C(*)=O)C(=O)O,-3488.909509,0.9962999,196.30984,-9.5303,0.1488,0.29262402,0.00094421,0.22483404,0.06873419,3.546052544,-3488.684674,-3488.61594,9.6791
*Nc1cc(NC(=O)CN(CC(*)=O)C(=O)Cc2ccccc2)c(C(=O)O)cc1Br,-3849.398649,0.9992175,283.24612,-8.4997,0.2332,0.37775905,0.00094421,0.29752269,0.08118057,2.149730399,-3849.101127,-3849.019946,8.7329
*Nc1cc(Cl)c(S(=O)(=O)NC(=O)CC(CC(*)=O)c2ccsc2)cc1C(=O)O,-2436.277966,0.99648935,256.41542,-9.0626,-0.1337,0.32842065,0.00094421,0.25114408,0.07822078,3.616036631,-2436.026821,-2435.948601,8.9289
*Nc1ccc(C(=O)O)c(S(=O)(=O)NC(=O)c2ccc3c4c(ccc(C(*)=O)c24)CC3)c1,-1769.03605,0.86493915,303.01215,-8.5644,-0.3394,0.36668971,0.00094421,0.28873696,0.07889695,8.73769893,-1768.747313,-1768.668416,8.225
*Nc1c(Br)ccc(CC(=O)O)c1NC(=O)C(Cc1ccc(C(C)(C)C)cc1)(Cc1ccc(C(C)(C)C)cc1)C(*)=O,,0.8843892,,,,,,,,,,,
*Nc1ccc(NC(=O)c2ccnc(C(*)=O)c2)c(C(=O)O)c1Cl,-1464.966643,0.9987257,224.591,-8.3503,-0.677,0.24663266,0.00094421,0.18065991,0.06691696,6.088839375,-1464.785983,-1464.719066,7.6733
*Nc1nc(NC(=O)c2[nH]cc(C)c2C(*)=O)c(C(=O)O)nc1Br,-3612.116532,0.99389064,237.05917,-8.8314,-0.3824,0.24583908,0.00094421,0.17703956,0.06974373,5.217779435,-3611.939492,-3611.869749,8.449
*Nc1cc(CC(=O)O)cc(NC(=O)c2cccc(Cl)c2C(*)=O)c1Br,-4061.649605,0.9995703,260.26735,-8.5501,-0.171,0.28002326,0.00094421,0.20642862,0.07453886,6.075676814,-4061.443176,-4061.368637,8.3791
*Nc1cc(NC(=O)CC(C(*)=O)c2cc(F)cc(F)c2)c(C)cc1CC(=O)O,-1345.097977,0.99896574,249.08198,-7.9047,0.2442,0.37145776,0.00094421,0.29417548,0.0782265,2.553102714,-1344.803802,-1344.725576,8.1489
*Nc1cc(C(=O)O)c(NC(=O)c2ccc(C=Nc3ccc(N=Cc4ccc(C(*)=O)cc4)cc3)cc2)cc1F,-1737.597465,0.93010986,429.23963,-8.0025,-0.5846,0.47848938,0.00094421,0.3856219,0.09381169,7.568696885,-1737.211843,-1737.118032,7.4179
*Nc1cc(C(=O)O)cc(NC(=O)CN(CC(*)=O)C(=O)c2cc(C)cc(C)c2)c1C#N,-1407.54579,0.99916553,296.76134,-8.4366,-0.1129,0.41519373,0.00094421,0.32955474,0.0865832,4.990482139,-1407.216235,-1407.129652,8.3237
*Nc1ccc(C(=O)O)cc1S(=O)(=O)NC(=O)c1cc(Br)cc(C(*)=O)c1,-4111.410182,0.99919754,255.17638,-9.0156,-0.7039,0.27217814,0.00094421,0.19819762,0.07492473,6.082072863,-4111.211984,-4111.137059,8.3117
*Nc1cc(C(=O)O)cc(NC(=O)C(F)(F)C(F)(F)C(F)(F)C(F)(F)C(F)(F)C(F)(F)C(F)(F)C(F)(F)C(*)=O)c1F,-2760.267029,0.57320064,243.87097,-8.9322,-0.2274,0.29407969,0.00094421,0.19245805,0.10256585,4.398988334,-2760.074571,-2759.972005,8.7048
*Nc1cccc2c(S(=O)(=O)O)ccc(NC(=O)CN(CC(*)=O)NS(=O)(=O)c3ccc(NC(C)=O)cc3)c12,,0.9140225,,,,0.48756636,0.00094421,0.39460521,0.09390536,3.625481807,0.39460521,0.48851057,
*Nc1ccc(NC(=O)CCN(C(=O)OC(C)(C)C)C(C)(C)C(*)=O)c(C(=O)O)c1C,-1395.301872,0.9807473,279.113,-7.8361,0.1776,0.51195064,0.00094421,0.42456835,0.0883265,4.776820415,-1394.877304,-1394.788977,8.0137
*Nc1ccc(C)c(C(=O)O)c1NC(=O)C1CS(=O)(=O)CC1C(*)=O,-1502.273977,0.9704086,218.26528,-8.3895,0.1881,0.32155715,0.00094421,0.25205671,0.07044465,4.974787116,-1502.02192,-1501.951476,8.5776
*Nc1cccc(C(=O)O)c1NC(=O)c1c(Br)c(N)c(Br)c(C(*)=O)c1Br,-8764.947628,0.99095356,287.74834,-8.3375,-0.3284,0.25904525,0.00094421,0.18287512,0.07711434,3.638292717,-8764.764753,-8764.687639,8.0091
*Nc1ccc(C(=O)O)c(NC(=O)c2ccccc2SSc2ccccc2C(*)=O)c1C,-2056.072812,0.9973322,329.084,-8.384,0.0517,0.3879031,0.00094421,0.30649846,0.08234885,5.695449692,-2055.766313,-2055.683964,8.4357
*Nc1cc(NC(=O)c2csc(C)c2-c2c(C(*)=O)csc2C)c(C#N)cc1C(=O)O,-2032.816076,0.97856975,318.87788,-8.5094,0.1373,0.34462127,0.00094421,0.26214215,0.08342333,7.827076572,-2032.553934,-2032.47051,8.6467
*Nc1ccc2cc(S(=O)(=O)O)ccc2c1NC(=O)c1ccccc1C(=O)N1CCN(C(=O)c2ccccc2C(*)=O)CC1,,0.9543293,,,,,,,,,,,
*Nc1cc(Br)cc(NC(=O)CC(C(*)=O)c2ccccc2SC)c1C(=O)O,-4078.851644,0.9989956,281.63335,-8.7674,-0.1749,0.34984484,0.00094421,0.27181783,0.07897122,4.385745141,-4078.579826,-4078.500855,8.5925
*Nc1nc(NC(=O)C(F)(F)OC(F)(F)C(F)(F)OC(F)(F)C(F)(F)OC(F)(F)C(*)=O)c(C(=O)O)nc1Br,-5016.615588,0.6217706,246.86279,-8.9532,-0.1957,0.25419543,0.00094421,0.15679418,0.09834546,3.89655283,-5016.458794,-5016.360449,8.7575
*Nc1ccc(C(=O)O)c(Br)c1NC(=O)CN(CC(*)=O)NS(=O)(=O)c1ccccc1,-4300.692611,0.9993625,288.80781,-8.6453,0.0114,0.36739926,0.00094421,0.28575608,0.08258739,8.260946336,-4300.406855,-4300.324267,8.6567
*Nc1cncc(C(=O)O)c1NC(=O)c1ccc(C(*)=O)c(F)c1,-1104.65495,0.998884,212.32359,-8.6639,-0.908,0.24850442,0.00094421,0.18492604,0.06452258,1.647625937,-1104.470024,-1104.405501,7.7559
*Nc1cc(S(=O)(=O)O)cc(NC(=O)C(CCCCCCCCCCCCC)C(*)=O)c1C,,0.9670699,,,,,,,,,,,
*Nc1cc(C#N)cc(NC(=O)CC2(CC(*)=O)CCOCC2)c1C(=O)O,-1199.717023,0.9964064,243.58696,-8.548,-0.532,0.37349708,0.00094421,0.30059189,0.07384939,9.887745484,-1199.416431,-1199.342582,8.016
*Nc1cc(NC(=O)C(C)(C)N2CC(C(*)=O)CC2=O)c(C(=O)O)c(OC)c1,-1276.185628,0.99922514,252.35266,-8.4726,0.1548,0.40196492,0.00094421,0.3246919,0.07821723,5.140591215,-1275.860936,-1275.782719,8.6274
*Nc1c(C(=O)O)cc(Cl)c(F)c1NC(=O)CC(CC(*)=O)c1cc(C)ccc1F,-1804.690563,0.9907589,272.21392,-8.4879,0.0733,0.36319754,0.00094421,0.28154516,0.08259658,4.252479031,-1804.409018,-1804.326421,8.5612
*Nc1cc(CC(=O)O)c(Br)c(NC(=O)CC(CC(*)=O)c2cc(Br)co2)c1,-6291.189379,0.999134,270.39448,-8.3336,0.1119,0.33773529,0.00094421,0.2563425,0.082337,2.493394685,-6290.933037,-6290.8507,8.4455
*NCc1ccccc1CC(NC(=O)CN(CC(*)=O)NS(=O)(=O)c1ccc(NC(C)=O)cc1)C(=O)O,-2053.220147,0.90386844,332.61502,-8.9267,-0.0102,0.5250620500000001,0.00094421,0.4290164,0.09698987,5.830745265,-2052.791131,-2052.694141,8.9165
*Nc1cc(Br)c(C(=O)O)cc1NC(=O)CSCc1ccc(C(*)=O)cc1,-4039.557057,0.9995566,262.83223,-8.4392,-0.0543,0.32079342,0.00094421,0.24665833,0.07507931,5.276032711,-4039.310398,-4039.235319,8.3849
*NN=C(C(=O)O)c1ccccc1NC(=O)CN(CC(*)=O)NC(=O)OC,-1268.912012,0.98625773,226.14241,-8.5159,0.1022,0.34768995,0.00094421,0.27155875,0.0770754,5.925650791,-1268.640454,-1268.563378,8.6181
*Nc1cc(Cl)c(C(=O)O)c(NC(=O)C2COC3C(C(*)=O)COC23)c1,-1601.783533,0.8021684,231.84204,-8.7826,0.1651,0.31783502,0.00094421,0.2467409,0.07203834,4.378825149,-1601.536792,-1601.464754,8.9477
*Nc1c(F)ccc(C(=O)O)c1NC(=O)CN(CCN(CC(*)=O)N=O)N=O,-1384.143892,0.85214514,227.70132,-8.638,0.0084,0.32787553,0.00094421,0.2517859,0.07703384,5.407279431,-1383.892106,-1383.815072,8.6464
*Nc1cc(C#N)c(NC(=O)c2ccnc(OCCOc3cc(C(*)=O)ccn3)c2)cc1C(=O)O,,0.9865328,,,,,,,,,,,
*Nc1cc(Cl)cc(NC(=O)CN(CC(*)=O)c2ccc(C)cc2)c1CC(=O)O,-1661.502685,0.999652,271.91963,-8.0546,0.0606,0.39489083,0.00094421,0.31662507,0.07920998,7.893652141,-1661.18606,-1661.10685,8.1152
*Nc1cc(C)c(C(=O)O)c(NC(=O)C(C(*)=O)C2CCOC2)c1,-1068.146964,0.9907946,217.42249,-8.5691,0.1534,0.34329748,0.00094421,0.27388641,0.07035528,5.832789522,-1067.873077,-1067.802722,8.7225
*NC(=N)SCCCC(NC(=O)c1ccc(-c2ccc(-c3ccc(-c4ccc(-c5ccc(-c6ccc(C(*)=O)cc6)cc5)cc4)cc3)cc2)cc1)C(=O)O,-2562.412257,0.65379035,674.73335,-8.0823,-0.3603,0.7551834500000001,0.00094421,0.63277808,0.12334958,3.716842113,-2561.779479,-2561.65613,7.722
*Nc1ccccc1CC(NC(=O)c1cc(C(*)=O)cc(S(=O)(=O)Cl)c1)C(=O)O,,0.9989267,,,,,,,,,,,
*Nc1ccc(C(=O)O)c(Br)c1NC(=O)CN(CC(*)=O)C(=O)C(C)C,-3696.937252,0.9992986,242.74704,-8.5918,0.201,0.35073613,0.00094421,0.27356678,0.07811357,2.114418896,-3696.663685,-3696.585572,8.7928
*Nc1cc(Cl)c(C(=O)O)cc1NC(=O)CCCNC(=O)c1ccccc1C(*)=O,-1735.580397,0.9983223,261.17033,-8.8542,-0.3285,0.37937531,0.00094421,0.30199218,0.07832734,10.50530121,-1735.278405,-1735.200078,8.5257
*Nc1cc(C(F)(F)F)cc(NC(=O)CC(C(*)=O)c2ccccc2Br)c1C(=O)O,-3978.494114,0.99318933,270.27758,-8.4964,-0.1814,0.32629256,0.00094421,0.2445808,0.08265596,6.538516469,-3978.249534,-3978.166878,8.315
*Nc1cc(NC(=O)c2cc(C(*)=O)ncn2)c(C)c(C(=O)O)c1C,-1100.049167,0.9987453,230.54546,-8.0541,-1.02,0.30194373,0.00094421,0.23227726,0.07061068,3.048101753,-1099.81689,-1099.746279,7.0341
*Nc1cc(NC(=O)C(CCCCCCCCCC)C(*)=O)cc(C(=O)O)c1,-1190.627123,0.9647889,271.84446,-8.3861,0.1792,0.50908471,0.00094421,0.42317093,0.086858,3.680754957,-1190.203952,-1190.117094,8.5653
*Nc1ccc(C)c(NC(=O)CN(CC(*)=O)Cc2ccc(C)cc2)c1C(=O)O,-1241.191027,0.9996352,277.94338,-8.3158,0.1312,3.44642907,0.00094421,0.35272922,0.07901773,6.671436769,-1240.838297,-1237.743653,8.447
*Nc1cccc(CC(=O)O)c1NC(=O)CCCC(=O)NC(CCCC)C(*)=O,-1280.765904,0.9907946,264.8543,-8.4264,0.039,0.48040572,0.00094421,0.39822636,0.08312356,7.055476368,-1280.367678,-1280.284554,8.4654
*Nc1cc(C#N)cc(NC(=O)CN(CC(*)=O)C(=O)C2CCCCC2)c1C(=O)O,-1332.511937,0.9959693,264.83066,-9.1962,-1.0329,0.42807838,0.00094421,0.34796642,0.08105617,8.824199935,-1332.163971,-1332.082915,8.1633
*Nc1cc(NC(=O)c2oc(C(*)=O)c(Cl)c(=O)c2Cl)c(C(=O)O)cc1Cl,-2479.271985,0.99719363,259.53152,-8.7015,-1.2025,0.22283891,0.00094421,0.14932219,0.07446093,3.971938563,-2479.122663,-2479.048202,7.499
*Nc1cc(C(=O)O)cc(NC(=O)CC(Cc2ccccc2)C(*)=O)n1,-1123.306604,0.99923575,226.86683,-8.3672,0.1113,0.34415838,0.00094421,0.27373525,0.07136735,3.165489617,-1123.032869,-1122.961502,8.4785
*Nc1ccc(Oc2cc(Oc3ccc(NC(=O)C(CCCc4ccccc4)(CCCc4ccccc4)C(*)=O)cc3)cc(C(=O)O)c2)cc1,-2108.075438,0.8593026,507.03714,-7.9866,0.1337,0.74188709,0.00094421,0.62715604,0.11567527,4.874866852,-2107.448282,-2107.332606,8.1203
*Nc1cc(Cl)c(S(=O)(=O)NC(=O)CN(CC(*)=O)C(=O)c2ccc(C)cc2)cc1C(=O)O,-2284.222423,0.9902822,293.88538,-8.7015,0.0178,0.39099099,0.00094421,0.30435713,0.08757807,10.01841919,-2283.918065,-2283.830487,8.7193
*Nc1nc(NC(=O)C(C)(C)SC(=S)SC(C)(C)C(*)=O)c(C(=O)O)cc1Br,-4816.256167,0.9280998,320.16504,-8.6941,-0.3816,0.35235399,0.00094421,0.26615391,0.0871443,6.0595185,-4815.990013,-4815.902869,8.3125
*Nc1ccc(OC)c(C(=O)O)c1NC(=O)c1ncccc1-c1cccnc1C(*)=O,-1367.004518,0.9981067,290.25368,-7.7287,-0.1491,0.36343982,0.00094421,0.2863416,0.07804244,4.824086695,-1366.718176,-1366.640134,7.5796
*Nc1ccc2c(S(=O)(=O)O)cccc2c1NC(=O)c1ccnc(C(*)=O)c1N,-1649.669513,0.9463493,284.24645,-8.4123,-0.7056,0.32461153,0.00094421,0.25113498,0.07442077,2.411655688,-1649.418378,-1649.343958,7.7067
*Nc1ccc(C(=O)O)cc1S(=O)(=O)NC(=O)CN(CC(*)=O)C(=O)c1ccc(C)cc1,-1824.623914,0.99941504,283.65308,-9.0004,0.0257,0.39926587,0.00094421,0.31480869,0.0854014,6.85045809,-1824.309106,-1824.223704,9.0261
*Nc1cc(CCC(=O)O)cc(NC(=O)C2OCCOC2C(*)=O)c1,-1143.365817,0.99776566,215.94995,-8.126,0.1717,0.34873596,0.00094421,0.27759003,0.07209015,3.243425736,-1143.088227,-1143.016137,8.2977
*Nc1ccc(OC)c(C(=O)O)c1NC(=O)c1oc(C(*)=O)c(Cl)c(=O)c1Cl,-2134.185738,0.9914308,259.59764,-8.0741,-1.1957,0.26612787,0.00094421,0.19099367,0.07607841,5.643714779,-2133.994744,-2133.918666,6.8784
*Nc1ccc(C(=O)O)c(Br)c1NC(=O)C1CCCC(C(*)=O)C1,-3566.341601,0.998319,230.77488,-8.5925,0.2002,0.32976928,0.00094421,0.26065856,0.07005493,2.132748271,-3566.080942,-3566.010887,8.7927
*Nc1ccc(-c2ccc(NC(=O)C(C(*)=O)C3C4CC5CC(C4)CC3C5)cc2S(=O)(=O)O)c(S(=O)(=O)O)c1,,0.61022115,,,,0.54901853,0.00094421,0.45640063,0.09356211,8.165736982,0.45640063,0.54996274,
*Nc1nccc(C(=O)O)c1NC(=O)c1c(F)cccc1SSc1cccc(F)c1C(*)=O,-2231.347993,0.9969957,303.72859,-8.5014,-0.6035,0.33201861,0.00094421,0.25115129,0.08181154,1.973281642,-2231.096842,-2231.01503,7.8979
*Nc1c(F)ccc(C(=O)O)c1NC(=O)CN(CC(*)=O)C(=O)CC(C)C,-1262.102429,0.99908364,229.52343,-8.4266,0.1684,0.38253642,0.00094421,0.3057902,0.07769042,3.247754721,-1261.796639,-1261.718948,8.595
*Nc1cc(C#N)c(NC(=O)CN(CC(*)=O)C(=O)CBr)cc1C(=O)O,-3710.593596,0.9972045,232.14445,-9.1332,-0.9106,0.29228146,0.00094421,0.21743867,0.075787,9.468027511,-3710.376157,-3710.30037,8.2226
*Nc1cc(C)cc(C(=O)O)c1NC(=O)CCCCOC(=O)c1ccccc1C(*)=O,-1374.465456,0.9973425,286.70236,-7.9511,-0.1145,0.4337649,0.00094421,0.35105649,0.08365261,3.658685399,-1374.114399,-1374.030747,7.8366
*Nc1nc(NC(=O)C(CCCCCCCCCC)C(*)=O)c(C(=O)O)nc1Cl,-1682.334242,0.876337,284.6785,-8.7571,0.0667,0.47636566,0.00094421,0.38800178,0.08930808,4.153478421,-1681.94624,-1681.856932,8.8238
*Nc1cc(C)cc(NC(=O)C(Cc2cc(OC)ccc2F)C(*)=O)c1C(=O)O,-1321.062053,0.9996587,253.05048,-8.3511,0.1267,1.15114017,0.00094421,0.30764947,0.076371,7.626017863,-1320.754404,-1319.909969,8.4778
*Nc1ccc(CC(NC(=O)c2nonc2C(*)=O)C(=O)O)cc1,-1097.784567,0.9984022,190.8421,-8.3079,-0.6103,0.27125652,0.00094421,0.20574419,0.06645654,2.403145921,-1097.578822,-1097.512366,7.6976
*Nc1cc(C)cc(C(=O)O)c1NC(=O)c1ccc(Nc2ccc(C(*)=O)cc2)cc1,-1315.053348,0.99923277,333.38508,-8.0716,-0.1696,0.40023098,0.00094421,0.3204531,0.08072208,4.573522102,-1314.732895,-1314.652173,7.902
*Nc1cc(NC(=O)CNCc2ccc(C(*)=O)cc2)c(C(=O)O)cc1Cl,-1582.906039,0.9995939,265.63479,-8.5557,0.1363,0.33686905,0.00094421,0.26266858,0.07514469,5.370481079,-1582.64337,-1582.568226,8.692
*Nc1ccc(C(F)(F)F)c(NC(=O)c2ccc3cc(C(*)=O)ccc3c2)c1C(=O)O,-1480.113657,0.9941744,287.85582,-8.6488,-0.7435,0.32455074,0.00094421,0.24925857,0.07623638,3.63515148,-1479.864398,-1479.788162,7.9053
*Nc1ccc(NC(=O)c2ccc(CSCc3ccc(C(*)=O)cc3)cc2)c(C(=O)O)c1C,-1736.482841,0.99818975,363.96322,-7.853,-0.0799,0.44439441,0.00094421,0.35817632,0.08716231,7.86588737,-1736.124665,-1736.037503,7.7731
*Nc1nc(NC(=O)c2c(C)oc(C)c2C(*)=O)c(C(=O)O)nc1Br,-3671.287384,0.99248135,237.05322,-8.8696,-0.0793,0.26173748,0.00094421,0.18880533,0.07387636,3.643747447,-3671.098579,-3671.024702,8.7903
*Nc1nc(CC(=O)O)nc(NC(=O)CCOc2ccc(OCCC(*)=O)cc2)n1,-1384.516954,0.9993869,256.24468,-8.2727,0.3205,0.39118755,0.00094421,0.31234353,0.07978823,3.416403506,-1384.20461,-1384.124822,8.5932
*Nc1cc(C)cc(C(=O)O)c1NC(=O)CSc1nc2ccccc2nc1SCC(*)=O,-2089.378964,0.99723166,324.9624,-8.1585,-0.5041,0.77101526,0.00094421,0.30484202,0.08113759,2.817477239,-2089.074122,-2088.607005,7.6544
*Nc1nc(NC(=O)c2ccc(NC(=O)OC(C)(C)C)cc2C(*)=O)c(C(=O)O)nc1Cl,-1882.250132,0.98507166,312.86714,-8.8075,-0.2338,0.38793698,0.00094421,0.30193426,0.08694693,4.924275746,-1881.948197,-1881.86125,8.5737
*NNC(=N)N(CC(=O)O)NC(=O)C(Cc1ccc(C(C)(C)C)cc1)(Cc1ccc(C(C)(C)C)cc1)C(*)=O,-1665.100306,0.7240418,379.38278,-8.9467,0.1792,0.68182494,0.00094421,0.57816195,0.1046072,2.813681555,-1664.522144,-1664.417537,9.1259
*Nc1cc(C)c(C(=O)O)c(NC(=O)CN(CC(*)=O)C(=O)C2CCCCC2)c1,-1279.552324,0.99888617,269.095,-8.4018,0.0526,0.45697771,0.00094421,0.37726845,0.08065347,4.540531204,-1279.175055,-1279.094402,8.4544
*Nc1cc(C(=O)O)cc(NC(=O)COc2ccc(F)c(C(*)=O)c2)n1,-1219.177794,0.9996929,227.82218,-8.6546,-0.1072,0.28227748,0.00094421,0.21096298,0.07225872,6.691578756,-1218.966831,-1218.894572,8.5474
*Nc1cc(Cl)cc(NC(=O)c2ccc(OC)cc2CC(*)=O)c1CC(=O)O,-1642.078053,0.99966395,269.80383,-8.5203,0.0544,0.3537603499999999,0.00094421,0.27709271,0.07761186,6.781651714,-1641.80096,-1641.723348,8.5747
*NCCCCC(NC(=O)C(Cc1ccc(Br)c(F)c1)C(*)=O)C(=O)O,-3706.085046,0.99596137,241.88345,-9.3599,0.1641,0.37444566,0.00094421,0.29400438,0.0813855,2.175588374,-3705.791042,-3705.709656,9.524
*Nc1cc(C(=O)O)cc(NC(=O)CC(CC(*)=O)c2ncccc2C)c1Br,-3736.029205,0.99861693,272.44516,-8.3576,0.1618,0.36504734,0.00094421,0.2859954,0.07999615,5.632144257,-3735.74321,-3735.663214,8.5194
*Nc1ccc(-c2ccc(NC(=O)Nc3cccc(Cl)c3C(*)=O)c(S(=O)(=O)O)c2)cc1S(=O)(=O)O,-2794.551004,0.9637459,365.92414,-8.6337,-0.3393,0.38404577,0.00094421,0.29435134,0.09063865,9.478486278,-2794.256653,-2794.166014,8.2944
*Nc1cc(F)c(NC(=O)c2ccc(OC)cc2NC(=O)c2ccccc2C(*)=O)c(C(=O)O)c1,-1602.915519,0.9923934,337.60419,-8.3037,-0.1365,0.41086964,0.00094421,0.32549568,0.08631817,9.522138926,-1602.590024,-1602.503706,8.1672
*Nc1cc(C)cc(C(=O)O)c1NC(=O)C1CCC(C(=O)NC(CC)C(*)=O)CC1,-1318.886016,0.9920002,281.06678,-8.002,0.2651,0.48709337,0.00094421,0.40325118,0.0847864,2.129074017,-1318.482765,-1318.397978,8.2671
*Nc1cc(NC(=O)CC(C(=O)OC)C(CC(*)=O)C(=O)OC)c(CC(=O)O)cc1Br,,0.9142046,,,,,,,,,,,
*Nc1cc(NC(=O)CC(CCSC)CC(*)=O)c(C)cc1C(=O)O,-1431.605787,0.99779594,251.79256,-8.0231,0.1999,0.39206595,0.00094421,0.3133911,0.07961906,3.808773968,-1431.292396,-1431.212777,8.223
*Nc1ccc(C#N)c(C(=O)O)c1NC(=O)c1cc(OC)cc(C(*)=O)c1C,-1235.432591,0.99494946,263.68954,-8.7164,-0.3274,0.33234583,0.00094421,0.2579418,0.07534824,2.245216811,-1235.17465,-1235.099301,8.389
*Nc1ccc(NC(=O)c2cc(NS(=O)(=O)c3ccc(C)cc3)cc(C(*)=O)c2)c(C(=O)O)c1F,-1962.975402,0.9774355,334.68892,-8.2315,-0.4602,0.40682526,0.00094421,0.31797686,0.08979262,9.459553426,-1962.657425,-1962.567633,7.7713
*Nc1ccc(S(=O)(=O)O)c(NC(=O)CCCCSc2ccccc2C(*)=O)c1,-1980.038819,0.9975751,285.73387,-8.6533,-0.3474,0.39121026,0.00094421,0.31253972,0.07961476,4.3281125,-1979.726279,-1979.646664,8.3059
*Nc1c(C(=O)O)ccc(C#N)c1NC(=O)c1ccccc1C(=O)NC(C(*)=O)c1ccccc1,-1520.682513,0.9939672,327.531,-8.4804,-0.3765,0.41262083,0.00094421,0.32720539,0.08635964,2.286998,-1520.355307,-1520.268948,8.1039
*Nc1cc(NC(=O)CC(NC(=O)c2ccc(Br)cc2)C(*)=O)c(CC(=O)O)cc1Br,-6422.819757,0.99867237,313.72088,-8.3891,0.0489,0.36953436,0.00094421,0.28334423,0.08713434,5.575041744,-6422.536412,-6422.449278,8.438
*Nc1cc(C(=O)O)cc(Br)c1NC(=O)CNc1ccccc1C(*)=O,-3657.414165,0.99954,250.24339,-8.6361,-0.4147,0.30650406,0.00094421,0.2345755,0.07287278,3.589645626,-3657.179589,-3657.106716,8.2214
*Nc1cc(NC(=O)CC(C(*)=O)c2ccccc2SC)c(C(=O)O)nc1Cl,-1981.09287,0.9989454,277.8151,-8.6816,0.0509,1.01275519,0.00094421,0.25982747,0.07802086,3.983204207,-1980.833043,-1980.079171,8.7325
*NC(=Nc1ccc(C(=O)O)cc1)NC(=O)CS(=O)(=O)CC(NC(=O)OCc1ccccc1)C(*)=O,-2032.63393,0.7918613,319.10033,-9.1279,-0.3732,0.45977209,0.00094421,0.36692426,0.09379205,7.718099489,-2032.267006,-2032.173214,8.7547
*Nc1cc(C(=O)O)cc(Br)c1NC(=O)C1CCC(C(*)=O)N1C(=O)OCc1ccccc1,-4002.060335,0.98331094,310.28316,-8.7205,0.0338,0.4208663,0.00094421,0.33538291,0.0864276,4.913497879,-4001.724952,-4001.638525,8.7543
*Nc1ccc(C(=O)O)cc1NC(=O)c1cc(C#N)cc(C(*)=O)c1,-1081.597796,0.99837387,221.34255,-8.9089,-0.6565,0.26738963,0.00094421,0.20020537,0.06812848,5.080446574,-1081.39759,-1081.329462,8.2524
*Nc1ccc(NC(=O)CN(CC(*)=O)N=Cc2ccc(C(C)(C)C)cc2)c(C(=O)O)c1C,-1413.222194,0.9955662,336.68137,-7.9671,0.2115,2.05634618,0.00094421,0.42603612,0.08851187,3.342653785,-1412.796157,-1411.164903,8.1786
*Nc1ccc(C(=O)O)c(C)c1NC(=O)CC(CC(*)=O)c1c(F)cccc1F,-1345.09472,0.9990872,249.5513,-8.412,0.2687,0.37174458,0.00094421,0.29462777,0.07806101,2.397685524,-1344.800092,-1344.722031,8.6807
*Nc1c(C(=O)O)cc(Cl)c(F)c1NC(=O)C(C)NC(C)C(*)=O,-1529.724287,0.9974837,210.6157,-8.4863,0.1275,0.30242595,0.00094421,0.22999663,0.07337353,5.230809163,-1529.49429,-1529.420916,8.6138
*Nc1cc(NC(=O)CN(CC(*)=O)C(=O)CCCC(=O)OCC)c(C(=O)O)c(OC)c1,-1505.286424,0.99694854,283.97369,-8.3552,0.1545,0.47254512,0.00094421,0.3844473,0.08904203,7.317204485,-1504.901977,-1504.812935,8.5097
*Nc1cc(OC)c(NC(=O)C(CCCc2ccccc2)C(*)=O)cc1C(=O)O,-1261.09038,0.9994937,277.99796,-7.7165,0.1942,1.26324691,0.00094421,0.34259114,0.07876525,4.153757816,-1260.747789,-1259.826189,7.9107
*Nc1c(Br)ccc(C(=O)O)c1NC(=O)CCC(C(*)=O)N(Cc1ccccc1)Cc1ccccc1,,0.9955576,,,,0.51099521,0.00094421,0.42116111,0.09077831,6.102148411,0.42116111,0.51193942,
*Nc1cc(C)cc(NC(=O)CN(CC(*)=O)C(=O)CC#N)c1C(=O)O,-1176.486436,0.998662,223.04616,-8.2682,0.2678,0.33031068,0.00094421,0.25667072,0.07458417,2.063491527,-1176.229766,-1176.155181,8.536
*Nc1ccnc(NC(=O)c2ccccc2Nc2ccccc2C(*)=O)c1C(=O)O,-1291.803312,0.99896777,303.9782,-7.8004,-0.0386,0.35888142,0.00094421,0.28423013,0.07559551,9.069921052,-1291.519082,-1291.443486,7.7618
*Nc1c(C)c(NC(=O)CSCc2ccc(CC(*)=O)cc2)c(C)c(S(=O)(=O)O)c1C,,0.99415165,,,,0.44884674,0.00094421,0.36363896,0.08615199,4.60600275,0.36363896,0.44979095,
*Nc1cc(Br)c(C(=O)O)cc1NC(=O)CN(CC(*)=O)C(=O)C1CCCC1,-3774.355483,0.9991491,265.90071,-8.3217,0.124,0.38968973,0.00094421,0.30920568,0.08142825,7.003340124,-3774.046277,-3773.964849,8.4457
*Nc1cnc(C(=O)O)cc1NC(=O)CSCc1c(Cl)cccc1C(*)=O,,0.99911004,,,,,,,,,,,
*Nc1cc(C)c(NC(=O)CN(C)c2ccccc2C(*)=O)c(C(=O)O)c1,-1162.591939,0.9995159,251.64949,-8.1973,0.0737,0.37412832,0.00094421,0.30195178,0.07312075,3.713189311,-1162.289987,-1162.216867,8.271
*Nc1nc(NC(=O)CN(CC(*)=O)NC(=O)c2ccc(OC)cc2)c(C(=O)O)nc1Br,-4012.044788,0.9971551,305.79164,-8.7395,-0.135,0.37573235,0.00094421,0.28913022,0.08754634,6.014745455,-4011.755658,-4011.668112,8.6045
*Nc1cccc(CC(=O)O)c1NC(=O)CC(C)(CC(*)=O)c1cccc(OC)c1,-1300.38476,0.9994407,282.44068,-8.226,0.2317,0.45085885,0.00094421,0.37035908,0.08144398,3.652359615,-1300.014401,-1299.932957,8.4577
*Nc1cc(C(=O)O)cnc1NC(=O)CSC(SCC(*)=O)c1cc(OC)c(OC)c(OC)c1,-2263.264256,0.9925249,333.19423,-8.3422,0.0765,0.45495328,0.00094421,0.36102786,0.09486964,3.964193231,-2262.903229,-2262.808359,8.4187
*Nc1ccc(C)c(NC(=O)C(CCc2ccccc2Br)C(*)=O)c1C(=O)O,-3719.974864,0.9993487,276.69593,-8.0799,0.2642,0.37691629,0.00094421,0.29909095,0.07876955,2.861237143,-3719.675773,-3719.597003,8.3441
*Nc1cc(NC(=O)C2CC(C(*)=O)CN(C(=O)OCc3ccccc3)C2)c(C#N)cc1C(=O)O,-1560.218148,0.81857365,319.37545,-8.5644,0.084,0.46039272,0.00094421,0.3733969,0.08794004,5.302415228,-1559.844752,-1559.756812,8.6484
*Nc1cc(F)c(S(=O)(=O)NC(=O)CN(C)c2ccccc2C(*)=O)cc1C(=O)O,-1771.205237,0.9992834,263.709,-8.9275,-0.02,0.35067052,0.00094421,0.27108675,0.08052798,5.558853994,-1770.93415,-1770.853622,8.9075
*Nc1ccc2c(S(=O)(=O)O)cccc2c1NC(=O)CC(*)=O,-1386.513027,0.98888505,212.33134,-8.4129,-0.4238,0.52358752,0.00094421,0.19778361,0.06447312,3.315620239,-1386.315243,-1385.988495,7.9891
*Nc1cc(S(=O)(=O)O)c(NC(=O)CSCC(NC(=O)OC(C)(C)C)C(*)=O)c(S(=O)(=O)O)c1,-2734.779956,0.8225101,303.24087,-9.1467,-0.0174,0.44693132,0.00094421,0.35300859,0.09486695,2.070983625,-2734.426947,-2734.33208,9.1293
*Nc1cc(C(=O)O)cnc1NC(=O)CN(CC(*)=O)C(=O)C(C)C,-1139.568677,0.9977393,218.14079,-8.8789,-0.057,0.34727083,0.00094421,0.27261161,0.07560342,6.617390589,-1139.296065,-1139.220462,8.8219
*Nc1nc(NC(=O)c2ccccc2C(=O)OCCOCCOC(=O)c2ccccc2C(*)=O)c(C(=O)O)nc1Cl,-2321.752243,0.88533133,362.20827,-8.8335,-0.1264,0.48061752,0.00094421,0.38356587,0.09799586,5.518338405,-2321.368678,-2321.270682,8.7071
*Nc1c(F)ccc(C(=O)O)c1NC(=O)CSC1(SCC(*)=O)CCCCC1,-1967.173465,0.9894907,272.6657,-8.093,0.1647,0.39513208,0.00094421,0.31639547,0.07968083,8.746007187,-1966.857069,-1966.777388,8.2577
*Nc1cc(C(=O)O)c(NC(=O)CN(CC(*)=O)Cc2ccc(Cl)cc2)c(C(F)(F)F)c1,-1959.314766,0.9976859,274.28821,-8.7112,0.1213,0.3735306,0.00094421,0.29163731,0.0828375,2.260387796,-1959.023128,-1958.940291,8.8325
*Nc1c(F)ccc(C(=O)O)c1NC(=O)c1cc(NS(=O)(=O)c2ccc(NC(C)=O)cc2)cc(C(*)=O)c1,-2131.719126,0.9447403,342.91236,-8.7709,-0.4847,0.43677932,0.00094421,0.34600252,0.09172102,6.57022,-2131.373123,-2131.281402,8.2862
*Nc1cc(C(=O)O)cc(NC(=O)C2(C(*)=O)CCC(=O)CC2)c1CC,-1145.581554,0.99415743,232.87166,-8.3922,0.138,0.37899236,0.00094421,0.30591249,0.07402408,6.210787373,-1145.275641,-1145.201617,8.5302
*Nc1cc(Br)c(CC(=O)O)cc1NC(=O)c1cccc2c1oc1c(C(*)=O)cccc12,-3907.15556,0.9955662,328.72972,-8.2974,-0.3207,0.35624919,0.00094421,0.27678672,0.08040668,9.32771459,-3906.878773,-3906.798366,7.9767
*Nc1ccc(C(=O)O)c(NC(=O)CC(S)(S)C(*)=O)c1C,-1672.578397,0.7403152,218.78198,-8.5029,0.2129,0.27210082,0.00094421,0.20462183,0.0684232,4.833353458,-1672.373775,-1672.305352,8.7158
*Nc1cccc2c(S(=O)(=O)O)ccc(NC(=O)C(F)(F)C(F)(F)C(*)=O)c12,-1822.881119,0.99595356,226.34619,-8.5222,-0.4561,0.26307409,0.00094421,0.18953888,0.07447942,3.789546095,-1822.69158,-1822.617101,8.0661
*Nc1cc(Br)c(CC(=O)O)cc1NC(=O)c1ccc(NC(=O)c2ccccc2C(*)=O)cc1Cl,-4461.425178,0.99839276,366.03712,-8.4214,-0.4096,0.39575565,0.00094421,0.30580094,0.09089892,5.418645088,-4461.119377,-4461.028478,8.0118
*Nc1cc(C(=O)O)cnc1NC(=O)CSc1cccc(SCC(*)=O)c1,-1880.352311,0.99939287,284.03312,-8.7039,0.1057,0.31931824,0.00094421,0.24095751,0.07930494,4.784914733,-1880.111353,-1880.032048,8.8096
*Nc1cc(NC(=O)CC(CC(*)=O)C(C)(C)F)c(S(=O)(=O)O)cc1S(=O)(=O)O,-2152.608046,0.9217107,251.76638,-9.233,-0.065,0.37397884,0.00094421,0.29341735,0.08150571,11.21079499,-2152.314628,-2152.233123,9.168
*Nc1cc(NC(=O)CN(CC(*)=O)C(=O)c2ccc(C)cc2)c(C(=O)O)cn1,,0.9995345,,,,,,,,,,,
*Nc1c(Br)ccc(C(=O)O)c1NC(=O)c1ccccc1C(=O)NCCCCCCNC(=O)c1ccccc1C(*)=O,-4367.088611,0.93903875,424.14779,-7.9974,-0.0028,0.58367711,0.00094421,0.47689537,0.10772594,8.207232655,-4366.611716,-4366.50399,7.9946
*Nc1ccc(S(=O)(=O)O)c(NC(=O)Cc2ccc(F)cc2C(*)=O)c1,-1563.204547,0.99966073,227.48785,-8.7821,-0.5881,0.29124228,0.00094421,0.22128183,0.07090466,5.872318366,-1562.983266,-1562.912361,8.194
*Nc1c(C)c(NC(=O)C2CCC(C(*)=O)N2Cc2ccccc2)c(C)c(S(=O)(=O)O)c1C,-1793.203991,0.92879725,316.75608,-8.173,0.0452,0.50098857,0.00094421,0.4136304,0.08830239,5.847111649,-1792.79036,-1792.702058,8.2182
*Nc1c(C(=O)O)cc(Cl)c(F)c1NC(=O)CCSC(C)C(*)=O,-1872.549677,0.99630713,228.38575,-8.5954,0.0902,0.28804778,0.00094421,0.21460787,0.07438412,2.024781285,-1872.335069,-1872.260685,8.6856
*Nc1ccc(NC(=O)CN(CC(*)=O)N=Cc2ccccc2Cl)c(S(=O)(=O)O)c1,-2111.606161,0.9978677,283.72594,-8.244,0.1319,0.36120368,0.00094421,0.2828912,0.07925669,4.724154956,-2111.32327,-2111.244013,8.3759
*NC(=Nc1ccc(C(=O)O)cc1)NC(=O)CC(CC(*)=O)c1cccc(Br)n1,-3790.182168,0.97850823,280.89039,-8.9997,-0.1269,0.71782064,0.00094421,0.28015501,0.07922645,5.2466717,-3789.902013,-3789.463403,8.8728
*Nc1ccc2c(S(=O)(=O)O)cccc2c1NC(=O)C(C)CSCC(C)C(*)=O,-1981.226306,0.98782945,292.76282,-7.8238,0.0188,0.41320803,0.00094421,0.33121372,0.08293853,10.09494919,-1980.895092,-1980.812154,7.8426
*Nc1nc(NC(=O)CN(CC(*)=O)C(=O)c2cc(OC)cc(OC)c2)c(C(=O)O)cc1Br,-4055.207493,0.99800056,315.27125,-8.5143,0.1782,0.40576596,0.00094421,0.31547274,0.09123744,2.002469124,-4054.89202,-4054.800782,8.6925
*Nc1ccc(C(=O)O)c(C)c1NC(=O)CC(CC)C(*)=O,-954.8114005,0.9988373,199.18025,-8.2617,0.165,0.32985957,0.00094421,0.26267598,0.0681278,6.24906979,-954.5487246,-954.4805968,8.4267
*Nc1ccc(C#N)c(C(=O)O)c1NC(=O)c1cnncc1C(*)=O,-1113.651075,0.98065484,220.36934,-9.0374,-1.1764,0.2432701,0.00094421,0.17762292,0.06659139,3.966041357,-1113.473452,-1113.406861,7.861
*Nc1ccc(C(=O)O)c(S(=O)(=O)NC(=O)c2cc(C(*)=O)cc(C(=O)C(C)Br)c2)c1,-4303.34755,0.9959299,297.6698,-8.9826,-0.946,0.34266707,0.00094421,0.25783677,0.0857745,5.123937254,-4303.089714,-4303.003939,8.0366
*Nc1cc(Br)cc(C(=O)O)c1NC(=O)CC(NC(=O)CC#N)C(*)=O,-3710.615437,0.9951609,229.32399,-8.6484,0.0514,0.29293729,0.00094421,0.21979969,0.07408182,5.849988094,-3710.395638,-3710.321556,8.6998
*Nc1nc(NC(=O)c2cccc(C(*)=O)c2Br)c(C(=O)O)nc1Br,-6168.278769,0.9980994,253.57672,-8.8701,-0.3793,0.22535017,0.00094421,0.15441093,0.07188345,3.352135446,-6168.124358,-6168.052475,8.4908
*Nc1cc(C(=O)O)cc(NC(=O)c2sc(C(*)=O)c(OC)c2OC)c1C,-1578.455219,0.9972904,263.59114,-8.3072,-0.4755,0.33334509,0.00094421,0.25553255,0.07875675,4.540864226,-1578.199687,-1578.12093,7.8317
*Nc1cc(S(=O)(=O)O)c(NC(=O)c2cc(F)c(Br)cc2C(*)=O)cc1S(=O)(=O)O,-4721.210952,0.9753314,275.33815,-9.1631,-0.4564,0.27233923,0.00094421,0.19189448,0.08138896,6.045270288,-4721.019057,-4720.937668,8.7067
*Nc1cc(OC)c(NC(=O)C(Cc2ccsc2)C(*)=O)cc1C(=O)O,-1503.240364,0.99930406,241.05242,-7.9086,-0.0028,0.32788833,0.00094421,0.25480385,0.0740287,9.118772944,-1502.98556,-1502.911532,7.9058
*Nc1cc(F)cc(NC(=O)CSCC(NS(=O)(=O)c2ccc(C)cc2)C(*)=O)c1C(=O)O,-2248.046784,0.96497095,311.57132,-8.5579,0.1395,0.41286984,0.00094421,0.3260092,0.08780485,4.912277291,-2247.720775,-2247.63297,8.6974
*Nc1ccc(C(=O)O)c(S(=O)(=O)NC(=O)CS(=O)(=O)CC(NC(=O)OCc2ccccc2)C(*)=O)c1,-2487.830069,0.9054478,319.904,-8.7274,0.1291,0.44906973,0.00094421,0.35566484,0.0943491,5.553479098,-2487.474404,-2487.380055,8.8565
*NN=C(C(=O)O)c1ccccc1NC(=O)C12CC3(C)CC(C)(CC(C(*)=O)(C3)C1)C2,-1319.824034,0.617282,284.2048,-8.7053,0.1822,0.49402557,0.00094421,0.416581,0.07838879,2.654096663,-1319.407453,-1319.329064,8.8875
*Nc1cc(NC(=O)c2ccc(C=Nc3ccc(C(*)=O)cc3)cc2)c(C)cc1CC(=O)O,-1392.454079,0.9888958,366.01666,-7.9186,-0.784,0.4357398,0.00094421,0.35279364,0.08389037,3.136379554,-1392.101286,-1392.017395,7.1346
*Nc1c(F)ccc(C(=O)O)c1NC(=O)C(OC(=O)C(C)(C)C)C(OC(=O)C(C)(C)C)C(*)=O,,0.7783125,,,,,,,,,,,
*Nc1cc(F)c(NC(=O)c2ccccc2COc2ccccc2C(*)=O)c(C(=O)O)c1,-1434.176911,0.9989225,293.60902,-8.3506,0.0079,0.38060747,0.00094421,0.30171002,0.07984167,6.589083441,-1433.875201,-1433.79536,8.3585
*Nc1cc(NC(=O)CCCc2cccc(CCCC(*)=O)c2)c(C#N)cc1C(=O)O,-1317.458949,0.9975561,288.521,-8.2896,0.2052,0.44698409,0.00094421,0.36683073,0.08109758,4.272670732,-1317.092119,-1317.011021,8.4948
*Nc1cc(C#N)cc(NC(=O)CCNS(=O)(=O)c2ccc(C(*)=O)cc2)c1C(=O)O,-1764.221306,0.99456775,291.83663,-8.8035,-0.7298,0.35917678,0.00094421,0.27539861,0.08472238,11.34487176,-1763.945907,-1763.861185,8.0737
*Nc1cc(F)cc(C(=O)O)c1NC(=O)c1ccc(Br)c(C(*)=O)c1,-3662.024733,0.9993563,239.17384,-8.4341,-0.4801,0.25157773,0.00094421,0.18386135,0.06866059,1.795720127,-3661.840871,-3661.772211,7.954
*Nc1cc(Br)cc(NC(=O)CC(CC(*)=O)C(C)(C)C)c1C(=O)O,-3606.83884,0.9989225,250.10172,-8.2522,0.0245,0.3796208,0.00094421,0.3034588,0.07710621,6.005118144,-3606.535381,-3606.458275,8.2767
*Nc1nc(CC(=O)O)nc(NC(=O)c2ccc(C(=O)CSC(C)C(*)=O)cc2)n1,-1706.276754,0.9927039,285.47066,-8.9896,-0.5589,0.36368763,0.00094421,0.27910659,0.08552525,5.514101199,-1705.997647,-1705.912122,8.4307
*Nc1cc(NC(=O)c2ccc(OC)cc2NC(=O)CCC(*)=O)c(C#N)cc1C(=O)O,-1443.47723,0.9980122,297.8592,-8.4904,0.0445,0.39253178,0.00094421,0.30958927,0.08388673,7.272447146,-1443.167641,-1443.083754,8.5349
*Nc1ccc(C(=O)O)c(Br)c1NC(=O)CN(CC(*)=O)S(=O)(=O)c1ccccc1,-4245.356262,0.999572,285.59539,-8.6179,0.0049,0.34991276,0.00094421,0.26911244,0.08174454,6.498006308,-4245.08715,-4245.005405,8.6228
*Nc1ccc(C(=O)O)c(NC(=O)c2ccc(C(*)=O)c(Cl)c2)c1F,-1548.196166,0.9986356,231.1918,-8.7623,-0.7061,0.25164371,0.00094421,0.18375439,0.06883353,4.281130312,-1548.012412,-1547.943578,8.0562
*Nc1cc(Br)c(C(=O)O)cc1NC(=O)c1cc(F)c(C(*)=O)cc1F,-3761.272913,0.9993487,240.38565,-8.8317,-0.8639,0.24386836,0.00094421,0.1720792,0.07273336,5.572588605,-3761.100834,-3761.028101,7.9678
*Nc1cc(NC(=O)c2cccc(C(*)=O)c2NN)c(C)cc1C(=O)O,-1139.330645,0.82439125,252.3717,-8.0826,-0.4763,0.33391308,0.00094421,0.2631597,0.0716976,2.235102238,-1139.067485,-1138.995788,7.6063
*Nc1ccc(C(=O)O)c(Br)c1NC(=O)c1ccccc1C(=O)OCCOCCOC(=O)c1ccccc1C(*)=O,,0.94157356,,,,0.5042250699999999,0.00094421,0.40473526,0.10043402,5.720488719,0.40473526,0.50516928,
*Nc1ccc(Oc2cc(Oc3ccc(NC(=O)c4cc(OC)ccc4Sc4ccc(OC)cc4C(*)=O)cc3)cc(C(=O)O)c2)cc1,-2460.197543,0.92271763,487.05791,-8.004,-0.2082,0.6063515199999999,0.00094421,0.49820251,0.10909323,5.337858227,-2459.69934,-2459.590247,7.7958
*Nc1ccc(NC(=O)CC(CC(*)=O)c2ncccn2)c(C(=O)O)c1C#N,-1231.617618,0.9965771,241.8988,-8.3293,-0.3487,0.33277799,0.00094421,0.25872402,0.07499819,3.170266817,-1231.358894,-1231.283896,7.9806
*Nc1cc(OC)c(C(=O)O)cc1NC(=O)c1ccc(F)c(C(*)=O)c1,-1203.128802,0.99885976,238.12104,-8.3217,-0.4116,0.29525659,0.00094421,0.22530482,0.07089598,5.039681067,-1202.903497,-1202.832601,7.9101
*Nc1cc(NC(=O)CN(CC(*)=O)N=Cc2c(F)cccc2Cl)c(C#N)cc1C(=O)O,-1867.854224,0.98704207,294.61858,-8.5848,0.1475,0.35271559,0.00094421,0.27076021,0.0828996,1.217845245,-1867.583464,-1867.500564,8.7323
*Nc1ccc(NC(=O)C(C(*)=O)c2ccsc2)c(C(=O)O)c1F,-1448.662764,0.9969957,211.93062,-8.202,0.2266,0.25549208,0.00094421,0.18898211,0.06745418,1.618948063,-1448.473781,-1448.406327,8.4286
*Nc1cc(C(=O)O)c(NC(=O)C2Cc3ccccc3CC2C(*)=O)cc1Br,-3718.784238,0.99790895,280.93935,-8.2367,-0.0974,0.35531514,0.00094421,0.27989707,0.07636228,5.569960525,-3718.504341,-3718.427979,8.1393
*Nc1ccc(C(=O)O)cc1NC(=O)C(CSSCC(NC(=O)OCC1c2ccccc2-c2ccccc21)C(*)=O)NC(=O)OCC1c2ccccc2-c2ccccc21,,0.5004883,,,,,,,,,,,
*Nc1ccc(C(=O)O)c(C)c1NC(=O)c1cccc(Br)c1C(*)=O,-3602.051643,0.99920374,248.23758,-8.569,-0.2229,0.28808451,0.00094421,0.21840701,0.07062171,4.932602044,-3601.833236,-3601.762614,8.3461
*Nc1cc(C)c(NC(=O)c2cc(OC)c(C(*)=O)cc2OC)c(C(=O)O)c1,-1257.70295,0.9990283,266.67891,-8.12,-0.3953,0.36667109,0.00094421,0.28991032,0.07770498,2.77855283,-1257.41304,-1257.335335,7.7247
*Nc1cc(F)c(S(=O)(=O)NC(=O)CSC(SCC(*)=O)c2ccc(Cl)cc2)cc1C(=O)O,-3011.139151,0.9646725,312.53337,-9.0895,0.0193,0.35992659,0.00094421,0.2720317,0.08883911,8.251526811,-3010.867119,-3010.77828,9.1088
*Nc1ccc(C(=O)O)c(NC(=O)C(CCc2ccccc2Br)C(*)=O)c1C,-3719.97262,0.99929726,275.02465,-8.5041,0.1931,0.37753337,0.00094421,0.29998466,0.07849293,3.311801371,-3719.672635,-3719.594142,8.6972
*Nc1cc(C(=O)O)cc(NC(=O)COc2cc(Br)ccc2C(*)=O)c1OCC,-3831.119279,0.9997483,275.79837,-8.5098,-0.189,0.35814218,0.00094421,0.27832754,0.08075886,4.621362002,-3830.840951,-3830.760193,8.3208
*Nc1cc(CC(=O)O)cc(NC(=O)c2cc3cc4ccccc4cc3cc2C(*)=O)c1Br,-3909.33565,0.99572706,368.39925,-8.0387,-0.7905,0.38710978,0.00094421,0.30571683,0.08233717,7.689823798,-3909.029933,-3908.947596,7.2482
*Nc1ccc(C(=O)O)c(NC(=O)CN(CC(*)=O)C(=O)CCCCl)n1,-1599.190442,0.9987331,223.52973,-8.6016,0.248,0.34082239,0.00094421,0.26539988,0.07636673,2.928474194,-1598.925042,-1598.848676,8.8496
*Nc1cc(OC)c(NC(=O)C(C(*)=O)C(C)c2ccccc2)cc1C(=O)O,-1221.788764,0.99853635,255.84439,-7.5773,0.2087,0.39171561,0.00094421,0.31666567,0.07599415,4.400879813,-1221.472098,-1221.396104,7.786
*Nc1cc(C(=O)O)cnc1NC(=O)CN(CC(*)=O)N=Cc1ccncc1,-1248.800415,0.9706043,252.58544,-8.653,-0.0279,0.34390856,0.00094421,0.26872026,0.07613252,4.812062281,-1248.531695,-1248.455562,8.6251
*Nc1cc(C#N)c(NC(=O)C23CC4CC(CC(C(*)=O)(C4)C2)C3)cc1C(=O)O,-1240.04862,0.8286899,266.10845,-8.2238,-0.5261,0.4125595,0.00094421,0.33942307,0.07408064,3.564395331,-1239.709197,-1239.635116,7.6977
*Nc1ccc(Br)c(C(=O)O)c1NC(=O)CC(C)(N)C(*)=O,-3504.977506,0.99545276,205.58931,-8.3486,0.1821,0.27973263,0.00094421,0.21254251,0.06813433,2.123318692,-3504.764963,-3504.696829,8.5307
*Nc1cc(OC)c(NC(=O)c2cc(C(*)=O)c(Br)cn2)cc1C(=O)O,-3693.331999,0.9994012,256.23898,-7.7553,-0.9044,0.8437164499999998,0.00094421,0.20872185,0.07276139,5.389657352,-3693.123277,-3692.487338,6.8509
*Nc1ccc(Oc2cc(Oc3ccc(NC(=O)CSc4cc(C)nc(SCC(*)=O)n4)cc3)cc(C(=O)O)c2)cc1,-2548.299836,0.93105614,414.69735,-7.5541,-0.4191,0.5176105200000001,0.00094421,0.41802366,0.10053107,11.09605212,-2547.881812,-2547.781281,7.135
*NN=C(C(=O)O)c1ccccc1NC(=O)CC(C(*)=O)c1ccccc1Br,-3734.789862,0.9589625,260.10876,-8.4768,0.0643,0.34178706,0.00094421,0.26786463,0.07486664,3.331962592,-3734.521997,-3734.44713,8.5411
*Nc1cc(NC(=O)CC(Nc2ccc(C)cc2)C(*)=O)c(CC(=O)O)cc1Cl,-1661.518,0.99952996,266.01829,-7.8285,0.0852,0.39580046,0.00094421,0.31768319,0.07906147,3.936534342,-1661.200317,-1661.121255,7.9137
*Nc1nc(NC(=O)c2ccccc2C(=O)Nc2ccccc2NC(=O)c2ccccc2C(*)=O)c(C(=O)O)nc1Cl,-2280.604168,0.9171358,399.96315,-8.3263,-0.3754,0.46603945,0.00094421,0.37040744,0.09657622,11.50516874,-2280.233761,-2280.137185,7.9509
*Nc1cc(C)c(NC(=O)C2CC(C(*)=O)CN(C(=O)OCc3ccccc3)C2)c(C(=O)O)c1,-1507.250681,0.9083947,301.12904,-8.1432,0.1358,0.48894244,0.00094421,0.40483844,0.08504821,2.548669867,-1506.845842,-1506.760794,8.279
*Nc1cc(C)c(NC(=O)CCC(NC(=O)Cc2ccccc2)C(*)=O)c(C(=O)O)c1,-1354.590027,0.99835795,287.39078,-8.163,0.1857,0.44549508,0.00094421,0.36156262,0.08487667,5.460876498,-1354.228464,-1354.143588,8.3487
*Nc1c(C(=O)O)ccc(OC)c1NC(=O)CC(CC(*)=O)c1ccc(C)c(C)c1,-1300.400435,0.9989778,277.34419,-8.577,0.1248,0.45012572,0.00094421,0.36790067,0.08316927,5.122749452,-1300.032535,-1299.949365,8.7018
*Nc1ccc(C(=O)O)c(NC(=O)c2ccccc2NCCNc2ccccc2C(*)=O)c1C,-1449.029679,0.9965301,325.86434,-7.9406,0.2249,0.47959582,0.00094421,0.39760855,0.08293148,3.794551545,-1448.632071,-1448.549139,8.1655
*Nc1cc(F)cc(NC(=O)CC(C(*)=O)N2C(=O)c3ccccc3C2=O)c1C(=O)O,-1448.122419,0.97719735,262.02724,-8.474,-0.3837,0.3382263,0.00094421,0.26040254,0.07876797,7.156835033,-1447.862016,-1447.783248,8.0903
*NCC(NC(=O)C1CN(Cc2ccccc2)CC1C(*)=O)C(=O)O,-1087.54829,0.98018634,222.58557,-9.0669,0.0824,0.38595629,0.00094421,0.31304737,0.07385313,4.167315317,-1087.235243,-1087.16139,9.1493
*Nc1ccc(C(=O)O)c(NC(=O)C(C)(Cc2ccc(Br)cc2)C(*)=O)c1C,-3719.972102,0.998844,274.63526,-8.4587,0.1169,0.37612132,0.00094421,0.29814422,0.07892131,3.863604396,-3719.673958,-3719.595037,8.5756
*Nc1ccc(S(=O)(=O)O)cc1NC(=O)C1CC2=C(CC1C(*)=O)CN(Cc1ccccc1)C2,-1830.116783,0.7783757,326.75527,-8.6673,-0.0533,0.48506716,0.00094421,0.39902835,0.08698302,9.097404908,-1829.717755,-1829.630772,8.614
*Nc1ccc(Br)c(C(=O)O)c1NC(=O)CS(=O)(=O)CC(NC(=O)OCc1ccccc1)C(*)=O,-4512.592808,0.9523531,325.56736,-8.5007,-0.0912,0.42717176,0.00094421,0.33532167,0.0927943,3.781330585,-4512.257487,-4512.164692,8.4095
*Nc1cc(F)cc(C(=O)O)c1NC(=O)c1ccc(S(=O)(=O)NC(CC(C)C)C(*)=O)cc1,-1889.146756,0.9965837,305.09875,-8.5957,-0.5006,0.44010801,0.00094421,0.35332777,0.08772445,4.870478266,-1888.793428,-1888.705704,8.0951
*Nc1ccc(C(NC(=O)c2ccc(OC(C)C)cc2C(*)=O)C(=O)O)cc1,-1221.777217,0.9994622,263.44804,-8.2714,-0.0447,0.39056649,0.00094421,0.31237424,0.07913646,7.278110548,-1221.464843,-1221.385707,8.2267
*Nc1ccc2cc(S(=O)(=O)O)ccc2c1NC(=O)CCSCc1ccccc1CC(*)=O,-2133.670001,0.9943963,343.2026,-8.2693,-0.0439,0.4401487,0.00094421,0.35321941,0.08787351,8.117026789,-2133.316781,-2133.228908,8.2254
*Nc1ccc(S(=O)(=O)NC(=O)c2cc(NC(=O)C(Cl)Cl)cc(C(*)=O)c2)cc1C(=O)O,-2665.218782,0.9793738,301.87988,-8.9034,-0.5166,0.32410615,0.00094421,0.23838905,0.08666132,6.322479275,-2664.980393,-2664.893732,8.3868
*Nc1nc(NC(=O)CC(CC(*)=O)c2cccc(Br)c2)c(C(=O)O)nc1Cl,-4172.376077,0.9979771,280.65753,-8.9794,-0.2407,0.31520136,0.00094421,0.2365828,0.07956277,4.064060987,-4172.139494,-4172.059931,8.7387
*Nc1c(C(=O)O)cc(Cl)c(F)c1NC(=O)c1coc(C(*)=O)c1,-1546.006178,0.9957104,212.46708,-8.5188,-0.3383,0.22128791,0.00094421,0.15578248,0.06644964,2.818439669,-1545.850396,-1545.783946,8.1805
*Nc1cccc2c(S(=O)(=O)O)ccc(NC(=O)c3cnc(C(*)=O)[nH]3)c12,-1572.266543,0.9797065,262.59244,-8.5076,-0.7361,0.2893166,0.00094421,0.21938954,0.07087128,6.727650793,-1572.047154,-1571.976282,7.7715
*Nc1cc(NC(=O)c2ccc(-c3ccc(-c4ccc(C(*)=O)cc4)cc3)cc2)c(CC(=O)O)cc1Br,-4064.173228,0.9746166,428.65242,-8.1888,-0.4137,0.45992213,0.00094421,0.37093916,0.08992718,2.849379971,-4063.802289,-4063.712362,7.7751
*Nc1cc(CC(=O)O)cc(NC(=O)c2ccc(OC)cc2NC(=O)CCC(*)=O)c1Br,-3963.933506,0.9996244,312.44691,-8.1975,0.1507,0.4131053,0.00094421,0.32647504,0.08757447,2.842618734,-3963.607031,-3963.519457,8.3482
*Nc1ccc(SCC(NC(=O)c2ccc(CSc3ccccc3C(*)=O)cc2)C(=O)O)cc1,,0.9993094,,,,,,,,,,,
*Nc1cc(NC(=O)C2CC(C)=C(C)CC2C(*)=O)c(C#N)cc1C(=O)O,-1162.59966,0.83340085,252.66055,-8.7095,0.112,0.37301072,0.00094421,0.2970874,0.07686753,6.33406436,-1162.302572,-1162.225705,8.8215
*Nc1cc(NC(=O)CC(NC(=O)OCC)C(*)=O)c(F)c(C(=O)O)c1,-1258.748057,0.9965233,218.2706,-8.3862,0.2306,0.32909672,0.00094421,0.25302953,0.0770114,1.937671563,-1258.495027,-1258.418016,8.6168
*Nc1cncc(C(=O)O)c1NC(=O)CC(NC(=O)C(F)(F)F)C(*)=O,-1358.793782,0.99213094,192.26694,-8.8088,-0.0558,0.26806364,0.00094421,0.19556113,0.07344672,3.536499283,-1358.598221,-1358.524774,8.753
*Nc1cc(F)c(C(=O)O)cc1NC(=O)c1cc(Br)cc(F)c1C(*)=O,-3761.273366,0.99909604,236.72277,-8.9388,-0.5598,0.24386314,0.00094421,0.17202585,0.07278149,7.503152109,-3761.10134,-3761.028559,8.379
*Nc1c(Br)ccc(CC(=O)O)c1NC(=O)Cc1cc(C)c(CC(*)=O)cc1C,-3759.287922,0.9995054,287.51411,-8.4391,0.2116,0.40625122,0.00094421,0.3254886,0.08170683,2.899145355,-3758.962434,-3758.880727,8.6507
*Nc1cc(C(=O)O)ccc1S(=O)(=O)NC(=O)C1=C(C(*)=O)CCC1,-1501.057243,0.9899768,218.5357,-8.9854,-0.6883,0.29791603,0.00094421,0.22780809,0.07105216,4.180753182,-1500.829435,-1500.758382,8.2971
*Nc1ccc(Cl)c(NC(=O)CCC(NC(=O)CC(=O)OCC)C(*)=O)c1C(=O)O,-1811.042896,0.99329424,262.25365,-8.4154,0.2008,0.39948022,0.00094421,0.3148034,0.08562104,6.681214111,-1810.728093,-1810.642472,8.6162
*NN=C(C(=O)O)c1ccccc1NC(=O)c1c2ccccc2c(C(*)=O)c2ccccc12,,0.90344334,,,,0.38973597,0.00094421,0.31211963,0.07856055,6.492544969,0.31211963,0.39068018,
*Nc1cc(Br)cc(C(=O)O)c1NC(=O)CSc1nnc(SCC(*)=O)nn1,-4501.858301,0.99759394,283.61934,-8.522,-1.3258,0.27259468,0.00094421,0.19278563,0.08075326,3.754990469,-4501.665515,-4501.584762,7.1962
*Nc1cc(S(=O)(=O)O)c(NC(=O)c2cccc3c2oc2c(C(*)=O)cccc23)c(S(=O)(=O)O)c1,-2353.654458,0.8093514,328.97435,-8.6517,-1.0335,0.35624922,0.00094421,0.27578877,0.08140466,7.758302382,-2353.378669,-2353.297265,7.6182
*Nc1cc(NC(=O)C(CC(F)(F)F)C(*)=O)c(C(=O)O)cc1Br,-3747.46112,0.9979888,205.26071,-8.6699,0.0971,0.24111539,0.00094421,0.1704949,0.07156471,3.040555479,-3747.290625,-3747.219061,8.767
*Nc1ccc(C(=O)O)c(Br)c1NC(=O)Cc1ccc(CC(*)=O)cc1,-3641.359829,0.9997092,252.21051,-8.5016,0.1801,0.31763665,0.00094421,0.24519846,0.07338241,2.949592574,-3641.11463,-3641.041248,8.6817
*Nc1nc(NC(=O)c2cc(C#N)cc(C(*)=O)c2)nc(C(=O)O)n1,-1129.779446,0.99705935,210.28776,-10.1924,-0.68,0.23183842,0.00094421,0.16459164,0.06819098,6.385122442,-1129.614854,-1129.546663,9.5124
*Nc1cc(C(=O)O)c(NC(=O)c2cncc(C(*)=O)n2)cc1Cl,-1481.030916,0.9982212,223.13158,-8.1336,-0.7378,0.2347008,0.00094421,0.16911309,0.06653192,2.454634642,-1480.861803,-1480.795271,7.3958
*Nc1cc(C(=O)O)c(NC(=O)CC(C(*)=O)P(=O)(OCC)OCC)cc1Br,-4135.29942,0.7457226,272.59994,-8.2045,-0.0414,0.38194893,0.00094421,0.2967705,0.08612265,3.640543579,-4135.002649,-4134.916527,8.1631
*Nc1nc(CC(=O)O)nc(NC(=O)CN(CC(*)=O)C(=O)C2(C(=O)OCC)CCCC2)n1,-1555.654454,0.9255334,274.91328,-9.5343,0.1598,0.46824418,0.00094421,0.37761568,0.09157271,6.287432515,-1555.276839,-1555.185266,9.6941
*Nc1ccc(NC(=O)c2ccc(F)c(Br)c2C(*)=O)c(C(=O)O)c1Cl,-4121.604469,0.9990207,248.39986,-8.0967,-0.5289,0.2427196,0.00094421,0.17149527,0.07216854,3.14071087,-4121.432974,-4121.360805,7.5678
*Nc1c(C(=O)O)ccc(C(F)(F)F)c1NC(=O)c1ccc(-c2ccc(-c3ccc(-c4ccc(C(*)=O)cc4)cc3)cc2)cc1,-2019.627876,0.8415328,496.14531,-8.4172,-0.4867,0.53242397,0.00094421,0.43381081,0.09955738,0.464339391,-2019.194065,-2019.094507,7.9305
*Nc1cnc(C(=O)O)cc1NC(=O)c1ccc(NC(=O)CC(=O)Nc2ccc(C(*)=O)cc2)cc1,,0.9975321,,,,,,,,,,,
*Nc1cc(C(=O)O)c(NC(=O)C2CCC(C(*)=O)N(Cc3ccccc3)C2)cc1F,-1378.597806,0.9967333,278.42416,-8.0933,0.15,0.43443985,0.00094421,0.3573247,0.07805937,6.43715606,-1378.240481,-1378.162422,8.2433
*NNC(=O)c1cc(C(=O)NNC(=O)CN(CC(*)=O)NC(=O)OC)cc(S(=O)(=O)O)c1,-1948.175199,0.91505283,255.53113,-9.9812,-0.109,0.38676324,0.00094421,0.30054607,0.08716138,3.648511451,-1947.874653,-1947.787491,9.8722
*Nc1cc(C)c(NC(=O)c2ccccc2C(=O)Nc2c(F)cccc2C(*)=O)c(C(=O)O)c1,-1527.682247,0.9961004,307.55598,-8.3218,-0.1368,0.40467222,0.00094421,0.32192803,0.0836884,4.24540607,-1527.360319,-1527.276631,8.185
*Nc1nc(CC(=O)O)nc(NC(=O)CCCC(=O)NC(CC(*)=O)c2ccccc2)n1,-1442.090373,0.9948153,278.70673,-9.6176,0.1587,0.44078167,0.00094421,0.35518461,0.08654128,2.855797632,-1441.735188,-1441.648647,9.7763
*Nc1cc(C(=O)O)cc(NC(=O)C(F)(F)C(F)(F)C(F)(F)C(F)(F)C(F)(F)C(F)(F)C(*)=O)n1,-2201.375481,0.6504673,214.67705,-8.7291,-0.1778,0.25903113,0.00094421,0.16967379,0.09030155,4.559422603,-2201.205808,-2201.115506,8.5513
*NOCC(NC(=O)C(C)(Cc1ccccc1Cl)C(*)=O)C(=O)O,-1489.575913,0.9885472,207.35283,-9.3317,0.3015,0.32751271,0.00094421,0.2554979,0.07295901,1.534361068,-1489.320415,-1489.247456,9.6332
*Nc1ccc(Br)c(C(=O)O)c1NC(=O)CSCC(F)(F)C(*)=O,-4046.33335,0.9974738,214.95614,-8.3865,0.1313,0.25023987,0.00094421,0.17860847,0.07257562,1.301070168,-4046.154742,-4046.082166,8.5178
*Nc1c(Cl)ccc(C(=O)O)c1NC(=O)c1c(Br)c(Br)c(Br)c(Br)c1C(*)=O,,0.99648935,,,,0.22379479,0.00094421,0.14404468,0.08069432,4.84080703,0.14404468,0.224739,
*Nc1c(F)ccc(C(=O)O)c1NC(=O)c1cccc(OC)c1Nc1ccccc1C(*)=O,-1489.558045,0.9990638,304.42289,-8.1296,-0.1055,0.39916601,0.00094421,0.32071236,0.07939786,4.222141421,-1489.237333,-1489.157935,8.0241
*Nc1ccc(C(F)(F)F)c(NC(=O)C2CC(C)C(C)CC2C(*)=O)c1C(=O)O,,0.77955264,,,,,,,,,,,
*Nc1cc(C(=O)O)cnc1NC(=O)c1ccccc1Nc1ccccc1C(*)=O,-1291.80198,0.9983865,305.71035,-8.1371,-0.2555,0.35928803,0.00094421,0.28498826,0.07524398,3.935287244,-1291.516992,-1291.441748,7.8816
*NC(NC(=O)CN(CC(*)=O)N=Cc1cc(OC)ccc1OC)C(=O)O,-1254.012739,0.99746895,235.85065,-8.1597,0.1405,0.38260269,0.00094421,0.30476482,0.07878208,8.160542245,-1253.707974,-1253.629192,8.3002
*Nc1cc(C(=O)O)cc(NC(=O)C23CCCC(C(*)=O)(CC2)C3)c1OC,-1184.868102,0.9000915,244.0101,-8.4235,0.1126,0.41006272,0.00094421,0.33611948,0.07488745,5.625386307,-1184.531982,-1184.457095,8.5361
*Nc1cc(C(=O)O)cc(NC(=O)CC(CC(*)=O)c2ccccc2Cl)c1C(F)(F)F,-1903.976283,0.99855906,272.66722,-8.6814,-0.1332,0.35613614,0.00094421,0.27403697,0.08304338,3.666746357,-1903.702246,-1903.619202,8.5482
*Nc1cc(C)c(NC(=O)CSc2cccc(C(*)=O)c2)c(C(=O)O)c1,-1466.131563,0.9994128,241.71867,-8.0882,-0.2086,0.32909626,0.00094421,0.25868614,0.07135433,5.362711249,-1465.872877,-1465.801523,7.8796
*Nc1cc(NC(=O)CCN(CCC(*)=O)C(=O)OCc2ccccc2)c(C(=O)O)c(OC)c1,,0.99712163,,,,,,,,,,,
*Nc1ccc(NC(=O)C2CC=C(C)CC2C(*)=O)c(C(=O)O)c1C#N,-1123.277147,0.8938666,237.20695,-8.3703,-0.3082,0.34336237,0.00094421,0.27166025,0.07264634,2.633656242,-1123.005487,-1122.93284,8.0621
*Nc1ccc(Br)c(C(=O)O)c1NC(=O)c1c(Cl)c(Cl)c(C(*)=O)c(Cl)c1Cl,,0.9983991,,,,0.67260712,0.00094421,0.14794865,0.0764652,2.725599927,0.14794865,0.67355133,
*Nc1cc(Cl)c(S(=O)(=O)NC(=O)CCC(=O)NC(CC(=O)OC)C(*)=O)cc1C(=O)O,-2320.388352,0.96683586,276.04247,-8.9397,0.0818,0.38296248,0.00094421,0.29186163,0.09204506,6.486617795,-2320.09649,-2320.004445,9.0215
*Nc1cc(C)c(C(=O)O)cc1NC(=O)CCCc1ccc(CCCC(*)=O)cc1,-1264.477114,0.9991204,282.63161,-8.2565,0.0773,0.47539878,0.00094421,0.3933348,0.08300819,7.548696746,-1264.083779,-1264.000771,8.3338
*Nc1cc(Br)c(C(=O)O)cc1NC(=O)c1ccc2c3c(ccc(C(*)=O)c13)CC2,-3793.811762,0.96606,287.96429,-8.4734,-0.5312,0.34464092,0.00094421,0.27073697,0.07484815,3.845906094,-3793.541025,-3793.466177,7.9422
*Nc1cc(C(=O)O)c(NC(=O)C(Br)C(Br)C(*)=O)c(C(F)(F)F)c1,-6320.855286,0.99396133,220.97287,-8.7568,-0.3432,0.23194378,0.00094421,0.15836515,0.07452284,8.540360665,-6320.696921,-6320.622398,8.4136
*Nc1cc(C#N)c(NC(=O)c2cc(NS(=O)(=O)c3ccc(NC(C)=O)cc3)cc(C(*)=O)c2)cc1C(=O)O,-2124.702963,0.9339297,372.93911,-8.5902,-0.8392,0.44417108,0.00094421,0.34934698,0.09576832,8.369014578,-2124.353616,-2124.257848,7.751
*Nc1cc(C(=O)O)cc(NC(=O)c2ccccc2C(=O)Nc2c(Cl)cccc2C(*)=O)c1OC,,0.99890554,,,,0.40999133,0.00094421,0.3246368,0.08629874,9.058076742,0.3246368,0.41093554,
*Nc1cc(Cl)c(C(=O)O)c(NC(=O)CN(CC(*)=O)N=Cc2ccccc2C)c1,-1715.616229,0.9948001,282.46363,-8.4678,0.1188,0.38858527,0.00094421,0.30916495,0.08036453,5.79488581,-1715.307064,-1715.2267,8.5866
*Nc1ccc(NC(=O)CC(CC(*)=O)c2ccccc2Br)c(C(=O)O)c1C,-3719.972012,0.9989141,271.62115,-7.9461,0.2858,0.37711407,0.00094421,0.30061686,0.07744142,1.687786273,-3719.671395,-3719.593954,8.2319
*Nc1cc(NC(=O)CC2(CC(*)=O)CCCC2)c(C(=O)O)cn1,-1048.288205,0.998345,213.84028,-8.6227,0.1846,0.35561503,0.00094421,0.28701083,0.06954841,5.218947431,-1048.001194,-1047.931646,8.8073
*Nc1cc(C)c(NC(=O)CC(C(*)=O)C(C)(C)C)c(C(=O)O)c1,-1033.422298,0.9981933,221.45937,-8.057,0.2928,0.38805425,0.00094421,0.31588844,0.07311002,2.037868508,-1033.106409,-1033.033299,8.3498
*Nc1ccc(CC(NC(=O)CC(OC(=O)c2ccccc2)C(*)=O)C(=O)O)cc1,-1335.16105,0.9969897,258.68175,-8.4489,0.1042,0.40381254,0.00094421,0.32514232,0.07961443,6.008856711,-1334.835907,-1334.756293,8.5531
*NOCC(NC(=O)CC(C(*)=O)c1ccc(OC)c(C)c1)C(=O)O,-1144.503422,0.9830688,211.78834,-8.6762,0.1581,0.37045033,0.00094421,0.29486548,0.07652906,6.552081679,-1144.208556,-1144.132027,8.8343
*Nc1ccc(Br)c(NC(=O)c2cn[nH]c2C(*)=O)c1C(=O)O,-3556.73514,0.9990434,212.81103,-8.4105,-0.3205,0.2290445,0.00094421,0.1642237,0.06576501,6.858762898,-3556.570916,-3556.505151,8.09
*Nc1cc(OC)c(C(=O)O)cc1NC(=O)c1cncc(C(*)=O)n1,-1135.95848,0.99789256,225.22498,-8.2891,-0.8669,0.2782821,0.00094421,0.20959922,0.06962708,4.96560872,-1135.748881,-1135.679254,7.4222
*Nc1cc(C(=O)O)cc(NC(=O)CN(CC(*)=O)C(=O)c2ccc(OC)cc2)n1,-1367.246186,0.99963236,270.122,-8.2995,0.2215,0.37959537,0.00094421,0.29894333,0.08159625,3.405873721,-1366.947242,-1366.865646,8.521
*Nc1cc(C#N)cc(NC(=O)CCC(NC(C)=O)C(*)=O)c1C(=O)O,,0.9913809,,,,,,,,,,,
*Nc1c(C(=O)O)cc(Cl)c(Br)c1NC(=O)CN(CC(*)=O)N=Cc1ccncc1,-4265.768717,0.96503687,289.49381,-8.6572,-0.2175,0.33932294,0.00094421,0.25927755,0.08098959,3.301323052,-4265.50944,-4265.42845,8.4397
*Nc1cc(NC(=O)C2C3CCC(C3)C2C(*)=O)c(C)c(C(=O)O)c1C,-1109.631789,0.93358237,239.40071,-7.985,0.1533,0.40374532,0.00094421,0.33140758,0.07328195,3.130243581,-1109.300381,-1109.227099,8.1383
*Nc1cccc(NC(=O)c2cc(NC(=O)C(Cl)Cl)cc(C(*)=O)c2)c1C(=O)O,-2116.565808,0.99909246,285.78042,-8.1741,-0.2985,0.9304016100000001,0.00094421,0.23283326,0.07789561,5.947625919,-2116.332975,-2115.634462,7.8756
*Nc1ccc(C(=O)O)c(NC(=O)C2CC=C(C(C)C)CC2C(*)=O)c1Br,-3683.049037,0.9659639,264.62617,-8.5598,0.2832,0.3938469,0.00094421,0.31701337,0.07777774,2.500289071,-3682.732024,-3682.654246,8.843
*Nc1ccc(Cl)c(NC(=O)c2cc(C(*)=O)cc(-n3cncn3)c2)c1C(=O)O,-1690.021064,0.9939964,275.7549,-8.4584,-0.4612,0.30219058,0.00094421,0.22885016,0.07428464,7.942335114,-1689.792214,-1689.717929,7.9972
*Nc1ccc(NC(=O)CCSCc2ccc(C(*)=O)cc2)c(CC(=O)O)c1Br,-4118.160557,0.9983865,312.13478,-8.1015,0.0343,0.38048294,0.00094421,0.29635784,0.08506931,6.675748525,-4117.864199,-4117.77913,8.1358
*Nc1cc(Br)c(NC(=O)CC(NS(=O)(=O)c2ccc(NC(C)=O)cc2)C(*)=O)c(C(=O)O)c1,-4453.422093,0.9414122,306.33967,-8.473,-0.163,0.40916494,0.00094421,0.31963046,0.09047869,7.994953786,-4453.102463,-4453.011984,8.31
*NCC(NC(=O)CN(CC(*)=O)N=Cc1cccc(F)c1)C(=O)O,-1163.512797,0.9842911,207.17041,-8.5821,0.131,0.3355672,0.00094421,0.26389107,0.07262034,2.874644876,-1163.248906,-1163.176286,8.7131
*Nc1cc(F)cc(NC(=O)c2cccc(N)c2C(*)=O)c1C(=O)O,-1143.967098,0.989368,226.00299,-8.1752,-0.1042,0.27781021,0.00094421,0.21030556,0.06844886,7.535038834,-1143.756793,-1143.688344,8.071
*Nc1nc(NC(=O)CC(CC(*)=O)c2ccccc2Cl)c(C(=O)O)cc1Cl,-2042.512298,0.99866986,257.88721,-8.5631,0.2562,0.32792833,0.00094421,0.25107128,0.07780125,2.904193259,-2042.261227,-2042.183426,8.8193
*Nc1cccc(NC(=O)CC(NC(=O)C(=O)OCC)C(*)=O)c1C(=O)O,-1272.837277,0.9960699,227.65467,-8.2182,0.1053,0.34813872,0.00094421,0.27204155,0.07704138,5.262424139,-1272.565235,-1272.488194,8.3235
*Nc1cc(C(=O)O)ccc1S(=O)(=O)NC(=O)c1cnsc1C(*)=O,-1874.801514,0.9982522,221.4648,-8.8369,-1.2623,0.23518377,0.00094421,0.16565526,0.07047272,2.561501131,-1874.635859,-1874.565386,7.5746
*Nc1cc(NC(=O)c2ccc(OC)cc2OCC(*)=O)c(CC(=O)O)cc1Cl,-1717.30055,0.9996724,278.18201,-8.0724,0.1638,0.35863273,0.00094421,0.27891603,0.08066091,6.400156489,-1717.021634,-1716.940973,8.2362
*Nc1cc(C(F)(F)F)cc(NC(=O)CN(CC(*)=O)NS(=O)(=O)c2ccc(Cl)cc2)c1C(=O)O,-2524.017749,0.9691787,292.8409,-8.669,-0.3565,0.7504737899999999,0.00094421,0.28729315,0.08838516,6.999997621,-2523.730455,-2523.266331,8.3125
*Nc1c(C(=O)O)ccc(C#N)c1NC(=O)C(CCCC(NC(=O)OC(C)(C)C)C(*)=O)NC(=O)OC(C)(C)C,-1849.480339,0.776877,364.08559,-8.6055,-0.4598,0.6384314099999999,0.00094421,0.53104993,0.1083257,4.816838712,-1848.949289,-1848.840963,8.1457
*Nc1cc(S(=O)(=O)O)c(NC(=O)C(C(*)=O)C(C)=O)cc1S(=O)(=O)O,-2009.436227,0.89319885,216.77334,-9.3609,-0.7285,0.27294844,0.00094421,0.1977396,0.07615306,9.232584176,-2009.238487,-2009.162334,8.6324
*Nc1cc(OC)c(NC(=O)Cc2cc(Br)cnc2C(*)=O)cc1C(=O)O,-3732.636146,0.9997098,260.38548,-7.9198,-0.6485,0.31132854,0.00094421,0.23640531,0.07586743,4.813415385,-3732.39974,-3732.323873,7.2713
*Nc1ccc(C(F)(F)F)c(C(=O)O)c1NC(=O)CCC(C(*)=O)N1C(=O)c2ccccc2C1=O,-1725.292039,0.9405035,283.88048,-8.6031,-0.7756,0.38397977,0.00094421,0.30077045,0.08415353,2.861045792,-1724.991269,-1724.907115,7.8275
*NC(=N)SCCCC(NC(=O)CN(CC(*)=O)C(=O)c1c(F)cccc1F)C(=O)O,-1853.00819,0.9114658,266.13493,-9.0073,0.2372,0.40263432,0.00094421,0.31373131,0.08984723,3.898226753,-1852.694459,-1852.604611,9.2445
*Nc1c(C(=O)O)cc(Cl)c(Br)c1NC(=O)C1CC=C(C(C)C)CC1C(*)=O,-4142.645057,0.9659959,278.40153,-8.3917,0.1307,0.3854538,0.00094421,0.3059917,0.08040631,6.001859185,-4142.339066,-4142.258659,8.5224
*Nc1cc(NC(=O)CN(CCC)CC(*)=O)c(C(=O)O)cc1Br,-3583.569509,0.9990264,238.65297,-8.5388,0.2324,0.33895854,0.00094421,0.26376595,0.0761368,3.503479674,-3583.305743,-3583.229606,8.7712
*Nc1nc(NC(=O)c2ccc(NC(=O)c3ccc(C(=O)Nc4ccc(C(*)=O)cc4)cc3)cc2)c(C(=O)O)nc1Br,-4394.425298,0.94734454,462.32308,-8.7402,-0.6103,0.46572956,0.00094421,0.36581006,0.10086372,6.249507293,-4394.059488,-4393.958624,8.1299
*Nc1cc(NC(=O)C(F)C(F)(F)C(*)=O)c(C(=O)O)cc1F,,0.99744415,,,,,,,,,,,
*Nc1cc(Br)c(C(=O)O)cc1NC(=O)CN(CC(*)=O)N=Cc1cc(Br)ccc1OC,-6478.073006,0.9895615,327.02792,-8.543,0.0906,0.38584824,0.00094421,0.2993638,0.08742865,4.066666496,-6477.773642,-6477.686213,8.6336
*Nc1cccc2c(S(=O)(=O)O)ccc(NC(=O)CC3CS(=O)(=O)CC3CC(*)=O)c12,-2130.497366,0.8671624,292.5269,-8.5887,-0.4032,0.40301173,0.00094421,0.32009433,0.08386161,8.542125722,-2130.177272,-2130.09341,8.1855
*Nc1ccc2cc(S(=O)(=O)O)ccc2c1NC(=O)C(C)(C)OC(C)(C)C(*)=O,-1658.281422,0.97779876,279.24468,-8.1883,-0.0299,1.24241434,0.00094421,0.33523708,0.07911461,6.120341844,-1657.946185,-1657.038063,8.1584
*Nc1cc(C)c(NC(=O)C(CC(F)(F)F)C(*)=O)cc1C(=O)O,-1213.334261,0.99884856,192.83068,-8.0195,0.0002,0.27855868,0.00094421,0.20833398,0.07116891,5.733476663,-1213.125927,-1213.054758,8.0197
*Nc1ccc(SCC(NC(=O)COc2cc(Br)ccc2C(*)=O)C(=O)O)cc1,-4154.074938,0.9991817,279.93197,-7.8041,-0.3028,1.41987223,0.00094421,0.27667651,0.07909537,6.503947406,-4153.798262,-4152.654122,7.5013
*Nc1cc(NC(=O)CC(CC(*)=O)c2ncccc2OC)c(C(=O)O)cc1F,-1337.09862,0.9980122,261.40193,-8.2868,0.0021,0.37244059,0.00094421,0.29407814,0.07930666,5.826530999,-1336.804542,-1336.725235,8.2889
*Nc1cc(F)c(S(=O)(=O)NC(=O)C(=O)CSc2ccccc2C(*)=O)cc1C(=O)O,-2188.090639,0.99495924,269.59737,-9.2537,-0.5603,0.31745089,0.00094421,0.23622467,0.08217043,6.20060683,-2187.854414,-2187.772244,8.6934
*Nc1cc(Cl)c(C(=O)O)cc1NC(=O)c1cc(C(*)=O)cc(C(F)F)c1,-1686.775491,0.9990638,245.08409,-8.8393,-0.6946,0.27489067,0.00094421,0.20166933,0.07416556,3.825811322,-1686.573822,-1686.499656,8.1447
*Nc1cc(NC(=O)c2cccc(Sc3cccc(C(*)=O)c3)c2)c(C(=O)O)cc1Br,-4192.002783,0.99890983,343.22289,-8.4897,-0.1433,1.03916361,0.00094421,0.26491391,0.08203256,3.379882134,-4191.737869,-4190.962675,8.3464
*NN=C(C(=O)O)c1ccccc1NC(=O)C(NC(=O)OC(C)(C)C)C(*)=O,-1292.216526,0.9736447,239.09474,-9.019,0.1821,0.38817479,0.00094421,0.30941722,0.07970178,4.506906939,-1291.907109,-1291.827407,9.2011
*Nc1nc(NC(=O)c2cc(Br)cc(C(*)=O)n2)c(C(=O)O)cc1Br,-6168.293107,0.9986356,256.17182,-8.6257,-0.7917,0.22562604,0.00094421,0.15377287,0.07279738,2.156083606,-6168.139334,-6168.066536,7.834
*Nc1cc(Cl)cc(NC(=O)CC(CC(*)=O)C(OC)OC)c1CC(=O)O,-1643.474073,0.9948102,244.76776,-8.4647,0.0196,0.39281743,0.00094421,0.31269188,0.08106976,8.225687498,-1643.161381,-1643.080311,8.4843
*Nc1ccc(C)c(C(=O)O)c1NC(=O)c1cc(C(*)=O)c(C)[nH]c1=O,-1159.254168,0.9948403,240.89631,-8.0214,-0.0026,0.3202546,0.00094421,0.24911667,0.07208213,3.482542467,-1159.005051,-1158.932969,8.0188
*Nc1ccc2cc(S(=O)(=O)O)ccc2c1NC(=O)c1cccc2c1oc1c(C(*)=O)cccc12,-1883.371068,0.91548836,359.46429,-8.2222,-0.542,0.38665386,0.00094421,0.30607943,0.08151865,9.024109173,-1883.064988,-1882.98347,7.6802
*Nc1ccc(C(F)(F)F)c(NC(=O)CN(CC(*)=O)C(=O)CC)c1C(=O)O,-1421.354882,0.9983802,220.36776,-8.5685,0.0522,0.33833272,0.00094421,0.26098051,0.07829642,5.332060621,-1421.093901,-1421.015605,8.6207
*Nc1cc(F)c(C(=O)O)cc1NC(=O)C1CCC(C(*)=O)NC1,-1108.231492,0.99021614,202.2451,-8.6586,-0.0358,0.31896331,0.00094421,0.25144242,0.0684651,8.816731392,-1107.980049,-1107.911584,8.6228
*Nc1ccc(C(=O)O)c(NC(=O)c2c(Br)c(Br)c(Br)c(Br)c2C(*)=O)n1,,0.991339,,,,0.6579402699999999,0.00094421,0.1405,0.07909132,6.356755565,0.1405,0.65888448,
*Nc1cc(C(=O)O)cc(Br)c1NC(=O)CN(CC(*)=O)c1cc(Cl)ccc1OC,-4270.837281,0.9997305,293.61732,-8.5179,0.0866,0.36225105,0.00094421,0.27954728,0.08364799,4.613390398,-4270.557734,-4270.474086,8.6045
*Nc1cc(C)c(C(=O)O)c(NC(=O)c2cc(F)c(C(*)=O)c(F)c2)c1,-1227.176752,0.9985306,237.05108,-8.6188,-0.6669,0.28219951,0.00094421,0.21277529,0.07036843,7.562401866,-1226.963977,-1226.893609,7.9519
*Nc1cc(C(=O)O)cc(Br)c1NC(=O)C(C)(C)C(=O)Nc1ccccc1C(*)=O,-3849.404086,0.999213,295.63034,-8.7956,-0.1391,0.37776092,0.00094421,0.29711738,0.08158775,1.679527614,-3849.106969,-3849.025381,8.6565
*Nc1cc(OC)c(C(=O)O)cc1NC(=O)c1ccnc(C(*)=O)c1N,-1175.273315,0.987092,246.14728,-8.3925,-0.5769,0.30862763,0.00094421,0.23832614,0.0712457,7.652828926,-1175.034989,-1174.963743,7.8156
*Nc1cc(S(=O)(=O)O)cnc1NC(=O)CC(C(*)=O)c1ccccc1C#N,-1611.554243,0.9967077,247.92078,-8.7767,-0.2331,0.31723199,0.00094421,0.2428291,0.07534711,4.479140205,-1611.311414,-1611.236067,8.5436
*Nc1ccc2cc(S(=O)(=O)O)ccc2c1NC(=O)c1cc(NC(=O)OC(C)(C)C)cc(C(*)=O)c1,-1979.483086,0.9706322,344.6521,-8.3493,-0.2399,0.47108297,0.00094421,0.38068692,0.09134026,3.348747799,-1979.102399,-1979.011059,8.1094
*Nc1cc(NC(=O)CN(CC(*)=O)N=Cc2ccccc2OCc2ccccc2)cc(C(=O)O)c1,-1562.284812,0.99615306,0.01002,-8.1883,0.2287,0.48816185,0.00094421,0.39798432,0.09112175,1.725339258,-1561.886828,-1561.795706,8.417
*Nc1ccc(F)c(C(=O)O)c1NC(=O)CN(CC(*)=O)C(=O)C1CCCC1,-1300.203629,0.99855906,237.74004,-8.5631,-0.1951,0.3907743,0.00094421,0.31435151,0.07736701,5.123353537,-1299.889277,-1299.81191,8.368
*Nc1cc(NC(=O)c2ncccc2-c2cccnc2C(*)=O)c(Cl)c(C(=O)O)c1,-1712.066859,0.99858415,276.99525,-8.3976,-0.4188,0.3201134,0.00094421,0.24455665,0.07650095,4.760842849,-1711.822303,-1711.745802,7.9788
*Nc1cc(NC(=O)CC(NC(=O)CC#N)C(*)=O)c(C(=O)O)cc1Br,-3710.608558,0.9925322,238.53961,-8.6115,0.0936,1.1687916,0.00094421,0.21657134,0.07605051,3.443973926,-3710.391986,-3709.438822,8.7051
*Nc1cc(NC(=O)CC(CC(*)=O)c2ccc(Br)cn2)c(CC(=O)O)cc1Br,-6309.445575,0.99849296,287.68753,-8.168,0.082,0.35685097,0.00094421,0.27556146,0.08223372,2.334337924,-6309.170014,-6309.08778,8.25
*Nc1ccc2c(S(=O)(=O)O)cc(S(=O)(=O)O)cc2c1NC(=O)CC(CC(*)=O)c1ccncc1,,0.81918925,,,,0.41520429,0.00094421,0.32565609,0.09049241,5.78836069,0.32565609,0.4161485,
*Nc1cccc(C(=O)O)c1NC(=O)c1ccc(NC(=O)OCc2ccccc2)cc1C(*)=O,-1503.659542,0.9994105,327.72778,-8.3987,-0.2408,0.41908039,0.00094421,0.33481233,0.08521227,5.639016686,-1503.32473,-1503.239518,8.1579
*Nc1ncnc(NC(=O)Cc2ccc(COCc3ccc(CC(*)=O)cc3)cc2)c1C(=O)O,,0.99752253,,,,,,,,,,,
*Nc1ccc(C(=O)O)c(S(=O)(=O)NC(=O)c2cc(NS(=O)(=O)c3ccc(Cl)cc3)cc(C(*)=O)c2)c1,-2832.640257,0.9251454,347.94861,-8.9335,-0.7369,0.3896412,0.00094421,0.29808882,0.09249658,3.796875778,-2832.342169,-2832.249672,8.1966
*Nc1cc(Cl)c(C(=O)O)c(NC(=O)C2CC3=C(CC2C(*)=O)CN(C(=O)OCc2ccccc2)C3)c1,-2043.047212,0.5894801,338.04484,-8.8574,-0.1185,0.49303553,0.00094421,0.40048297,0.09349677,8.882042546,-2042.646729,-2042.553233,8.7389
*Nc1cc(NC(=O)C2CC=C(C)CC2C(*)=O)c(C#N)cc1C(=O)O,-1123.295896,0.8847631,237.27719,-8.6435,0.1263,0.34386521,0.00094421,0.27245513,0.07235429,3.328410469,-1123.023441,-1122.951086,8.7698
*NC(=N)SCCCC(NC(=O)c1cc(NC(=O)OC(C)(C)C)cc(C(*)=O)c1)C(=O)O,-1808.353299,0.77291656,312.1421,-9.1204,-0.4053,1.44272341,0.00094421,0.38859858,0.09261462,5.074366002,-1807.964701,-1806.909632,8.7151
*Nc1cc(NC(=O)C(F)(F)C(F)(F)C(F)(F)C(F)(F)C(F)(F)C(F)(F)C(*)=O)cc(C(=O)O)c1,-2185.319847,0.5715275,217.59422,-8.5443,-0.1139,0.27131845,0.00094421,0.18233861,0.08992405,3.840720292,-2185.137508,-2185.047584,8.4304
*Nc1cc(C(=O)O)cc(NC(=O)C(=O)Nc2ccc(F)cc2C(*)=O)c1Cl,-1716.941787,0.9995995,258.64442,-8.5883,-0.6513,0.28191008,0.00094421,0.20842893,0.07442537,2.843553616,-1716.733358,-1716.658933,7.937
*Nc1ccc(C(=O)O)c(NC(=O)C(CCCCCCCCCCCCC)C(*)=O)n1,-1324.613492,0.9442283,303.16332,-8.6242,0.1481,0.5869217,0.00094421,0.49684673,0.09101917,6.290044419,-1324.116645,-1324.025626,8.7723
*Nc1cc(Cl)c(S(=O)(=O)NC(=O)c2ccccc2C(=O)NC(C)(C)C(*)=O)cc1C(=O)O,-2284.223323,0.98501414,296.51596,-8.8435,0.0242,0.3901826,0.00094421,0.30257114,0.08855567,7.252808689,-2283.920752,-2283.832196,8.8677
*Nc1cc(Br)cc(NC(=O)CC(CC(*)=O)c2cscc2C)c1C(=O)O,-4040.744716,0.99903214,271.37118,-8.4552,-0.0565,0.34330766,0.00094421,0.26596581,0.07828607,7.372990383,-4040.478751,-4040.400464,8.3987
*Nc1c(C(=O)O)ccc(C#N)c1NC(=O)CNc1ccccc1C(*)=O,-1176.262215,0.99386686,230.03546,-8.6174,-0.5862,0.31614925,0.00094421,0.24656401,0.07052946,2.667776644,-1176.015651,-1175.945121,8.0312
*Nc1cc(F)cc(NC(=O)c2ccc(-c3ccc(-c4ccc(-c5ccc(-c6ccc(-c7ccc(C(*)=O)cc7)cc6)cc5)cc4)cc3)cc2)c1C(=O)O,-2243.873322,0.7639243,669.84708,-8.0168,-0.3551,2.06159356,0.00094421,0.57472243,0.11274944,5.492584143,-2243.2986,-2241.810785,7.6617
*Nc1cc(C(=O)O)cc(NC(=O)c2ccc3ccc4ccc(C(*)=O)nc4c3n2)c1C(F)F,-1566.572738,0.97984195,322.73174,-8.0417,-1.0361,0.35790817,0.00094421,0.27870461,0.08014777,8.539099467,-1566.294033,-1566.213886,7.0056
*Nc1cc(C#N)c(NC(=O)c2ccccc2C(=O)OCCOCCOC(=O)c2ccccc2C(*)=O)cc1C(=O)O,-1922.299328,0.92821383,376.20418,-8.0708,-0.238,0.51298444,0.00094421,0.4140278,0.09990085,4.72205251,-1921.8853,-1921.7854,7.8328
*Nc1cc(NC(=O)CC(CC(*)=O)c2ccc[nH]2)c(Br)c(C(=O)O)c1,-3658.595682,0.9979572,252.42792,-8.41,0.0545,0.32913399,0.00094421,0.25334608,0.07673213,2.278657821,-3658.342336,-3658.265603,8.4645
*Nc1cc(NC(=O)CNc2cccc(C(*)=O)c2)c(Cl)c(C(=O)O)c1,-1543.587897,0.9994407,245.70035,-8.4543,0.1293,0.30672076,0.00094421,0.23489096,0.07277401,3.438429983,-1543.353006,-1543.280232,8.5836
*Nc1cccc(CC(=O)O)c1NC(=O)C(N)CSSCC(NC(C)=O)C(*)=O,-2014.594609,0.5126926,282.06481,-8.1976,0.1034,0.4147132099999999,0.00094421,0.33111177,0.08454565,5.804872138,-2014.263497,-2014.178952,8.301
*Nc1cc(C)c(C(=O)O)c(NC(=O)CCSc2ccccc2C(*)=O)c1,-1505.44349,0.99915576,267.67728,-8.2644,-0.0335,0.35921178,0.00094421,0.2855523,0.07460369,1.733763433,-1505.157938,-1505.083334,8.2309
*Nc1ccc(C(=O)O)c(C)c1NC(=O)C(Cc1ccccc1)NC(=O)c1ccc(C(=O)NC(Cc2ccccc2)C(*)=O)cc1,-1985.409948,0.9034327,448.58066,-8.6055,-0.0578,0.64748375,0.00094421,0.53878317,0.10964479,3.934371298,-1984.871165,-1984.76152,8.5477
*Nc1cc(CC(=O)O)cc(NC(=O)CN(CC(*)=O)N=Cc2ccc(C(C)C)cc2)c1Br,-3947.339822,0.9953994,340.00183,-8.1356,0.1889,0.47702536,0.00094421,0.38452657,0.093443,3.74650035,-3946.955296,-3946.861853,8.3245
*Nc1ccc(Br)c(C(=O)O)c1NC(=O)CSC(C)(SCC(*)=O)c1ccccc1,-4516.331221,0.9982893,317.69442,-8.2895,0.1676,0.381784,0.00094421,0.29787591,0.0848523,1.181499457,-4516.033345,-4515.948493,8.4571
*Nc1cc(CC(=O)O)c(NC(=O)Cc2ccc(CC(*)=O)cc2)cc1Cl,-1566.862379,0.99963593,252.76366,-7.9225,0.196,0.34789961,0.00094421,0.27597272,0.0728711,5.092600868,-1566.586406,-1566.513535,8.1185
*Nc1cc(NC(=O)c2cc(Br)ccc2OC(C)C(*)=O)c(C(=O)O)cc1Cl,-4176.194974,0.99946636,285.11842,-8.4295,0.2026,0.31432647,0.00094421,0.23645114,0.07881954,3.866952677,-4175.958522,-4175.879703,8.6321
*Nc1cc(NC(=O)CC(NC(C)(C)C)C(*)=O)c(C)cc1C(=O)O,-1088.789823,0.9985191,237.23466,-7.9135,0.2518,0.40662253,0.00094421,0.33237525,0.0751915,2.772632232,-1088.457448,-1088.382256,8.1653
*Nc1cc(C(=O)O)cnc1NC(=O)c1cc(Br)ccc1NC(=O)c1cc(Cl)c(Cl)cc1C(*)=O,-4897.787769,0.9901592,372.75309,-8.6508,-0.8092,0.34599588,0.00094421,0.25901112,0.08792897,1.070371304,-4897.528758,-4897.440829,7.8416
*Nc1cc(Br)c(CC(=O)O)cc1NC(=O)C(Cc1ccccc1)(Cc1ccccc1)C(*)=O,-3951.019332,0.9951609,335.8496,-8.35,0.0917,0.46279717,0.00094421,0.37567781,0.08806357,4.58702701,-3950.643654,-3950.555591,8.4417
*Nc1cc(S(=O)(=O)O)cc(NC(=O)CCC(C(*)=O)N(Cc2ccccc2)Cc2ccccc2)c1C,-1946.843189,0.993704,349.48183,-8.5526,-0.1033,0.5513661,0.00094421,0.46057625,0.09173406,11.28455977,-1946.382613,-1946.290878,8.4493
*Nc1cc(Br)c(C(=O)O)cc1NC(=O)CCC(=O)NC(C)(C)C(*)=O,-3696.952876,0.9988167,247.83653,-8.5853,0.0927,0.35055259,0.00094421,0.27094425,0.08055256,5.691855409,-3696.681932,-3696.601379,8.678
*Nc1cc(C(F)(F)F)cc(NC(=O)CSC(C)(C)C(*)=O)c1C(=O)O,-1650.829703,0.9903943,226.22966,-8.4899,-0.1575,0.31039335,0.00094421,0.23442343,0.07691413,5.180439994,-1650.59528,-1650.518366,8.3324
*Nc1cccc(CC(=O)O)c1NC(=O)c1cc2sc(C(*)=O)cc2s1,-1823.814315,0.9978258,275.21959,-8.2784,-0.8975,0.27966046,0.00094421,0.20913217,0.07147251,1.483508213,-1823.605183,-1823.53371,7.3809
*Nc1c(C(=O)O)ccc(C)c1NC(=O)Cc1ccc(-c2ccc(CC(*)=O)cc2)cc1,-1338.312008,0.9994035,324.59311,-8.0581,0.0863,0.44152471,0.00094421,0.36009254,0.08237638,4.22704054,-1337.951915,-1337.869539,8.1444
*Nc1cccc(NC(=O)CSc2ccc(C(*)=O)cc2)c1C(=O)O,-1426.832414,0.99966073,230.17378,-8.1803,-0.3093,0.30013674,0.00094421,0.23308118,0.06799978,3.347321498,-1426.599332,-1426.531333,7.871
*Nc1cc(S(=O)(=O)O)c(NC(=O)CN(CC(*)=O)C(=O)C2(C(=O)OCC)CCCCC2)c(S(=O)(=O)O)c1,-2566.662609,0.73876333,328.96356,-9.1607,-0.15,0.52480002,0.00094421,0.42656621,0.09917802,10.37187406,-2566.236043,-2566.136865,9.0107
*Nc1cc(Cl)cc(NC(=O)c2ccccc2C(=O)NC(CCCC)C(*)=O)c1CC(=O)O,-1853.490769,0.99437994,311.11521,-8.7619,-0.1192,0.46776256,0.00094421,0.37934267,0.0893641,9.643068117,-1853.111426,-1853.022062,8.6427
*Nc1cc(S(=O)(=O)O)cc(NC(=O)c2cc(C(*)=O)cc(C(=O)C(C)Cl)c2)c1C,-2115.48827,0.9976859,292.84256,-8.8142,-0.9347,0.36102095,0.00094421,0.2770553,0.08490986,6.055795098,-2115.211214,-2115.126304,7.8795
*Nc1ccc(C(NC(=O)CCCc2ccccc2CCCC(*)=O)C(=O)O)cc1,-1264.464789,0.99948263,282.98931,-8.0887,0.3214,0.47583184,0.00094421,0.39486299,0.08191306,1.654717476,-1264.069926,-1263.988013,8.4101
*Nc1cnc(C(=O)O)cc1NC(=O)CN(CC(*)=O)N=Cc1ccc(OCC)cc1,-1386.600851,0.9924666,294.09214,-8.3915,-0.0369,0.42043548,0.00094421,0.3379972,0.08338249,11.74393839,-1386.262854,-1386.179472,8.3546
*Nc1cc(NC(=O)CC(NS(=O)(=O)c2ccc(C)cc2)C(*)=O)c(C(=O)O)nc1Cl,-2186.935696,0.99454665,277.18338,-8.8614,-0.1238,0.36764709,0.00094421,0.28584802,0.08274329,6.481465231,-2186.649848,-2186.567105,8.7376
*Nc1ccc(-c2ccc(NC(=O)c3ccc(C=NNC(=S)NN=Cc4ccc(C(*)=O)cc4)cc3)c(S(=O)(=O)O)c2)cc1S(=O)(=O)O,-3244.514291,0.7391401,550.51493,-8.3766,-0.7782,0.55327711,0.00094421,0.44069915,0.11352218,5.163328997,-3244.073592,-3243.96007,7.5984
*Nc1cc(C(=O)O)c(NC(=O)CC(NC(=O)C(Cl)(Cl)Cl)C(*)=O)c(C(F)(F)F)c1,-2760.837818,0.98250717,241.51084,-8.9882,-0.0668,0.28322558,0.00094421,0.20079971,0.08337008,5.42891371,-2760.637018,-2760.553648,8.9214
*Nc1c(C(=O)O)cc(Cl)c(Br)c1NC(=O)CN(CC(*)=O)C(=O)CCNC(=O)OC(C)(C)C,-4518.450188,0.9805248,308.31898,-8.5484,-0.1056,0.46673146,0.00094421,0.37316484,0.09451084,4.866403544,-4518.077024,-4517.982513,8.4428
*Nc1cc(CC(=O)O)c(Br)c(NC(=O)C(C)(C(*)=O)C(C)C)c1,-3567.530594,0.9994081,231.14293,-8.3111,0.1827,0.35006565,0.00094421,0.27591962,0.07509024,3.383255848,-3567.254674,-3567.179584,8.4938
*Nc1cc(Cl)c(S(=O)(=O)NC(=O)CC(C(*)=O)N2C(=O)c3ccccc3C2=O)cc1C(=O)O,-2357.103466,0.95506835,296.54806,-9.0029,-0.5199,0.35061105,0.00094421,0.26490964,0.08664562,5.481261966,-2356.838556,-2356.751911,8.483
*Nc1cc(Cl)c(S(=O)(=O)NC(=O)CCC(NC(=O)CC(=O)OCC)C(*)=O)cc1C(=O)O,-2359.705335,0.9522865,283.06875,-8.7838,0.0059,0.41364425,0.00094421,0.32285716,0.0917313,12.05844897,-2359.382477,-2359.290746,8.7897
*Nc1cc(CC(=O)O)c(NC(=O)C23CCCC(C(*)=O)(CC2)C3)cc1Cl,-1569.245126,0.9160533,252.04638,-7.9887,0.0775,0.39658901,0.00094421,0.32325262,0.0742806,7.476856202,-1568.921873,-1568.847593,8.0662
*Nc1cc(F)c(NC(=O)C(CC(F)F)C(*)=O)c(C(=O)O)c1,-1174.005409,0.998147,176.3525,-8.4793,0.1051,0.24944445,0.00094421,0.1822322,0.06815645,3.094746026,-1173.823177,-1173.75502,8.5844
*Nc1cc(NC(=O)CN(CC(*)=O)N=Cc2cc(OC)ccc2OC)c(OC)cc1C(=O)O,-1560.308923,0.9946203,323.6001,-7.6884,0.1569,0.47292293,0.00094421,0.38226093,0.09160621,5.361305292,-1559.926662,-1559.835056,7.8453
*Nc1cc(C(=O)O)cc(NC(=O)C2(C)CCC(C)(C(*)=O)C2(C)C)n1,-1126.889675,0.9836285,236.38522,-8.4881,0.0759,0.41282873,0.00094421,0.33960881,0.07416414,4.301921064,-1126.550066,-1126.475902,8.564
*Nc1nc(CC(=O)O)nc(NC(=O)CC(CC(*)=O)c2ccc[nH]2)n1,-1172.687329,0.99455196,223.05428,-7.9747,0.0928,0.33196911,0.00094421,0.25808965,0.07482367,5.263864052,-1172.42924,-1172.354416,8.0675
*Nc1cc(Cl)c(CC(=O)O)cc1NC(=O)CC(CC(*)=O)CC(C)(C)C,-1571.631788,0.99852496,246.9559,-8.5533,0.178,0.44075406,0.00094421,0.36329278,0.07840549,3.238346636,-1571.268496,-1571.19009,8.7313
*Nc1cnc(C(=O)O)cc1NC(=O)CC(C)(N)C(*)=O,-947.5989796,0.9883465,178.64002,-9.0186,-0.1746,0.2763022,0.00094421,0.21160257,0.06564384,9.174956215,-947.387377,-947.3217331,8.844
*Nc1cc(C)cc(C(=O)O)c1NC(=O)CN(CC(*)=O)C(=O)COCc1ccccc1,-1429.791954,0.99921906,299.02501,-8.2998,0.0591,0.45048801,0.00094421,0.36306525,0.08836697,4.489071939,-1429.428888,-1429.340522,8.3589
*Nc1cc(NC(=O)C2CC=CCC2C(*)=O)c(C(=O)O)cc1Cl,-1451.304856,0.9833589,216.25148,-8.9035,0.1031,0.30533788,0.00094421,0.2369909,0.06929119,5.640663482,-1451.067865,-1450.998574,9.0066
*Nc1cc(Cl)c(C(=O)O)c(NC(=O)C(=O)C(*)=O)c1,-1331.204186,0.9981614,171.3972,-8.8656,-1.2218,0.73546319,0.00094421,0.12451321,0.05987149,4.455121131,-1331.079673,-1330.467778,7.6438
*Nc1cc(C(=O)O)c(NC(=O)c2nnc(C(*)=O)nn2)c(C(F)(F)F)c1,-1390.571658,0.996852,208.99741,-8.7461,-1.4266,0.22496417,0.00094421,0.15437822,0.07153016,8.587635926,-1390.41728,-1390.34575,7.3195
*Nc1ccc(NC(=O)CS(=O)(=O)c2ccc(-c3ccc(S(=O)(=O)CC(*)=O)cc3)cc2)c(C(=O)O)c1Cl,-2855.898051,0.9673795,358.51304,-8.1733,-0.5518,0.43129858,0.00094421,0.33857224,0.09367055,6.024396641,-2855.559479,-2855.465808,7.6215
*Nc1ccc(C#N)c(C(=O)O)c1NC(=O)Cc1ccc(OC)cc1C(*)=O,-1235.437827,0.9983707,260.42099,-8.375,-0.1168,0.33264232,0.00094421,0.25944287,0.07414366,8.671718949,-1235.178384,-1235.10424,8.2582
*Nc1cc(Cl)c(C(=O)O)c(NC(=O)CN(CC(*)=O)C(=O)CBr)c1,-4077.928374,0.99856746,237.66178,-8.8707,0.1047,0.85013426,0.00094421,0.21001293,0.07366846,6.092926602,-4077.718361,-4077.077295,8.9754
*Nc1cc(NC(=O)c2cc(C(*)=O)c(Br)cn2)cc(C(=O)O)c1,-3578.803952,0.99933714,237.49812,-8.3406,-1.0204,0.24647702,0.00094421,0.17944476,0.06797647,2.797651717,-3578.624507,-3578.556531,7.3202
*Nc1ccc(C(=O)O)c(NC(=O)c2cc(C(F)(F)F)c(C(*)=O)cc2C(F)(F)F)c1,-1663.596715,0.982031,245.04026,-8.5874,-1.0085,0.28362066,0.00094421,0.20538344,0.07918143,3.641657871,-1663.391332,-1663.31215,7.5789
*Nc1cc(C(=O)O)ccc1S(=O)(=O)NC(=O)C(F)(F)C(F)(F)C(F)(F)C(*)=O,-2020.449104,0.9440996,197.90118,-8.8967,-0.5224,0.23988916,0.00094421,0.16155949,0.07927389,1.287082221,-2020.287545,-2020.208271,8.3743
*Nc1c(Br)ccc(C(=O)O)c1NC(=O)C1(C(*)=O)CCCC1,-3527.038935,0.99843305,218.53589,-8.5094,-0.1227,0.29947812,0.00094421,0.23310057,0.06732176,1.96099907,-3526.805834,-3526.738513,8.3867
*Nc1cc(Br)c(CC(=O)O)cc1NC(=O)CC(CSC(C)=O)C(*)=O,-4039.774971,0.99375266,258.53882,-8.4141,0.0882,0.33553709,0.00094421,0.25501765,0.08146365,3.723214708,-4039.519953,-4039.43849,8.5023
*Nc1cc(Br)c(C(=O)O)cc1NC(=O)c1ccccc1C(=O)Nc1ccccc1NC(=O)c1ccccc1C(*)=O,,0.98760426,,,,0.48973186,0.00094421,0.39028789,0.10038818,8.610893323,0.39028789,0.49067607,
*Nc1c(C(=O)O)ccc(OC)c1NC(=O)C(=O)NC(C)C(*)=O,-1120.15631,0.9987625,204.53946,-8.3697,0.2343,0.30611902,0.00094421,0.23549442,0.07156881,4.145288664,-1119.920816,-1119.849247,8.604
*Nc1cc(NC(=O)CN(CC(*)=O)S(=O)(=O)c2ccccc2)c(F)c(C(=O)O)c1,-1771.206823,0.99845123,267.08493,-8.1949,0.074,0.35120048,0.00094421,0.27047996,0.08166473,6.54800116,-1770.936343,-1770.854679,8.2689
*NCCCCC(NC(=O)C(C(*)=O)C1c2ccccc2Oc2ccccc21)C(=O)O,-1338.504696,0.84848636,280.62383,-8.5184,0.1514,0.45857859,0.00094421,0.37649575,0.08302705,4.184338796,-1338.128201,-1338.045174,8.6698
*Nc1cc(Br)c(CC(=O)O)cc1NC(=O)CN(CC(*)=O)N=O,-3634.289869,0.98971164,216.21527,-8.5521,-0.2154,0.83496052,0.00094421,0.20736047,0.07139915,9.265876734,-3634.082508,-3633.453964,8.3367
*Nc1cc(CC(=O)O)cc(NC(=O)c2ccc3[nH]c(C(*)=O)cc3c2)c1Br,-3733.646482,0.99877924,294.19006,-8.3113,-0.3819,0.31956765,0.00094421,0.24481728,0.07569458,5.947720306,-3733.401664,-3733.32597,7.9294
*Nc1cc(F)cc(NC(=O)CN(CC(*)=O)N=Cc2ccco2)c1C(=O)O,-1313.780553,0.9927039,257.21486,-7.9377,0.1246,0.98630469,0.00094421,0.25411325,0.07493902,5.808197378,-1313.52644,-1312.793304,8.0623
*Nc1ccc(OC)c(C(=O)O)c1NC(=O)CN(CC(*)=O)NC(=O)CCCC,-1332.682165,0.9980994,253.75492,-7.8697,0.2907,0.44214976,0.00094421,0.35874308,0.0843509,1.713266759,-1332.323422,-1332.239071,8.1604
*Nc1cc(C)cc(C(=O)O)c1NC(=O)CC(=O)CC(*)=O,,0.9925538,,,,,,,,,,,
*Nc1cc(Cl)c(CC(=O)O)cc1NC(=O)CCN(CCC(*)=O)S(=O)(=O)c1ccc(C)c(C)c1,-2328.082733,0.9922144,335.69777,-8.4563,0.0365,0.49852156,0.00094421,0.4036035,0.09586228,8.518320797,-2327.679129,-2327.583267,8.4928
*Nc1cc(C(=O)O)cc(Br)c1NC(=O)COCCSc1ccccc1C(*)=O,-4154.075647,0.9994,276.46091,-8.7771,-0.2166,0.35611831,0.00094421,0.27646255,0.08059997,6.784248485,-4153.799184,-4153.718584,8.5605
*NNC(=O)c1cc(C(=O)NNC(=O)CC(CC(*)=O)c2cc(C)ccc2F)cc(S(=O)(=O)O)c1,-2018.508104,0.86111176,296.98154,-9.5273,-0.471,0.44049917,0.00094421,0.34872498,0.0927184,1.779087119,-2018.159379,-2018.066661,9.0563
*Nc1ccc(NC(=O)CC(NC(=O)Sc2ccccc2)C(*)=O)c(C(=O)O)c1C#N,-1727.12485,0.9955403,281.62012,-8.7691,-0.6059,0.35980024,0.00094421,0.278882,0.08186245,5.893433239,-1726.845968,-1726.764105,8.1632
*Nc1ccc(-c2ccc(NC(=O)CCC(=O)Nc3c(C)cc(C)c(NC(=O)CCC(*)=O)c3C)cc2S(=O)(=O)O)c(S(=O)(=O)O)c1,,0.8276715,,,,0.63934571,0.00094421,0.51883729,0.12145263,5.506949228,0.51883729,0.64028992,
*Nc1cc(NC(=O)c2cccc(C(*)=O)c2)c(Cl)c(C(=O)O)c1,-1448.930359,0.99921453,229.68223,-8.4077,-0.3487,0.25899189,0.00094421,0.19285276,0.06708334,4.646976504,-1448.737506,-1448.670423,8.059
*Nc1ccc(CC(=O)O)c(NC(=O)Cc2sccc2C(*)=O)c1,-1388.717751,0.99946314,223.10741,-8.1104,0.2348,0.29321703,0.00094421,0.22522301,0.06893823,3.083300806,-1388.492528,-1388.423589,8.3452
*Nc1cncc(C(=O)O)c1NC(=O)CSC(C)(C)C(*)=O,-1329.746878,0.9937588,201.54734,-8.5505,-0.0476,0.29044622,0.00094421,0.22416801,0.06722242,3.113147613,-1329.52271,-1329.455488,8.5029
*Nc1ccc(CC(=O)O)c(NC(=O)CC(NC(N)=O)C(*)=O)c1,-1100.307481,0.9877823,205.30773,-7.8825,0.1084,0.31977532,0.00094421,0.24982406,0.07089548,3.393317416,-1100.057657,-1099.986761,7.9909
*Nc1cc(S(=O)(=O)O)c(NC(=O)C(C)(C)N2CC(C(*)=O)CC2=O)cc1S(=O)(=O)O,-2220.842736,0.910097,268.93781,-8.4885,-0.2149,0.38757934,0.00094421,0.30314026,0.08538329,5.14864166,-2220.539596,-2220.454213,8.2736
*NC(=N)SCCCC(NC(=O)c1ccc(-c2ccc(-c3ccc(C(*)=O)cc3)cc2)cc1)C(=O)O,-1869.257707,0.7451203,399.73898,-8.6551,-0.43,0.49867305,0.00094421,0.40514607,0.09447119,3.806005546,-1868.852561,-1868.75809,8.2251
*Nc1ccc(Br)c(C(=O)O)c1NC(=O)CC(NC(=O)OCC)C(*)=O,-3732.897258,0.9964619,233.5248,-8.1203,0.0982,0.3274294,0.00094421,0.25085953,0.07751409,3.924518898,-3732.646399,-3732.568885,8.2185
*Nc1cc(Cl)c(S(=O)(=O)NC(=O)c2ccc(OCc3ccc(COc4ccc(C(*)=O)cc4)cc3)cc2)cc1C(=O)O,-2688.752056,0.972336,428.59617,-8.8218,-0.0317,0.51375246,0.00094421,0.41122297,0.1034737,1.73286812,-2688.340833,-2688.237359,8.7901
*Nc1ccc(CC(NC(=O)c2c(Cl)c(Cl)c(C(*)=O)c(Cl)c2Cl)C(=O)O)cc1,-2906.316912,0.99871826,281.4864,-8.1452,-3.6763,0.29262427,0.00094421,0.21281571,0.08075278,3.417493433,-2906.104096,-2906.023343,4.4689
*Nc1cc(NC(=O)CSCc2ccccc2CC(*)=O)c(C)cc1CC(=O)O,-1584.044554,0.9996965,292.54617,-7.731,0.1855,0.41806282,0.00094421,0.33701492,0.08199211,4.503117717,-1583.707539,-1583.625547,7.9165
*NCc1ccccc1CC(NC(=O)CC(C(*)=O)c1ccc(Br)cc1F)C(=O)O,-3858.530105,0.9948303,273.27693,-9.0123,0.1279,0.40066927,0.00094421,0.31920808,0.0824054,3.469593143,-3858.210897,-3858.128491,9.1402
*Nc1cc(C)c(C(=O)O)cc1NC(=O)c1ccc(Br)c(C(*)=O)c1,-3602.060154,0.9993358,252.91949,-8.4563,-0.6006,0.28816991,0.00094421,0.21763211,0.07148202,2.87543579,-3601.842522,-3601.77104,7.8557
*Nc1ccc(C(=O)O)cc1NC(=O)CN(CCC)CC(*)=O,-1010.141792,0.9990434,208.73533,-8.4904,0.0389,0.3474978,0.00094421,0.27702487,0.07141715,7.283147093,-1009.864767,-1009.79335,8.5293
*Nc1ccc(NC(=O)CCN(C(=O)OC(C)(C)C)C(C)(C)C(*)=O)c(CC(=O)O)c1Br,-3968.729941,0.9500415,308.17396,-7.9834,0.1657,0.50409182,0.00094421,0.41207207,0.09296396,4.890572268,-3968.317869,-3968.224905,8.1491
*Nc1ccc(C(=O)O)c(Br)c1NC(=O)c1cc(C(*)=O)c(C(N)=O)nc1C(N)=O,-3916.270115,0.9766915,278.01424,-8.5045,-0.9354,0.30654451,0.00094421,0.22659093,0.08089779,3.607516492,-3916.043524,-3915.962626,7.5691
*Nc1cc(NC(=O)c2cc(C(*)=O)c(OC)cc2OC)c(Cl)c(C(=O)O)c1,-1677.986904,0.9992519,270.699,-8.2445,0.1521,0.32902749,0.00094421,0.25216942,0.07780228,6.161400651,-1677.734734,-1677.656932,8.3966
*Nc1cc(C(=O)O)cc(NC(=O)c2cc(OCc3ccccc3)cc(C(*)=O)c2)c1C#N,-1427.185136,0.9978884,319.35931,-8.7195,-0.4618,1.16333391,0.00094421,0.30527184,0.08274957,4.993462191,-1426.879864,-1426.020858,8.2577
*Nc1cc(Cl)c(NC(=O)c2cc(C(C)=O)c(C(*)=O)cc2C(C)=O)c(C(=O)O)c1,-1754.237404,0.99020666,281.38335,-8.6233,-0.5754,0.33980286,0.00094421,0.25892039,0.08182669,9.961552003,-1753.978483,-1753.896657,8.0479
*Nc1cc(C(=O)O)c(NC(=O)CC(CC(*)=O)c2ccc(Br)cc2F)cc1Br,-6353.362113,0.9983865,284.28475,-8.0282,0.046,0.3317792,0.00094421,0.25250762,0.08021578,5.921517356,-6353.109605,-6353.029389,8.0742
*Nc1cc(C(=O)O)cc(NC(=O)C2CCCC2C(*)=O)c1Cl,-1413.216999,0.9983321,209.74811,-8.371,0.2577,0.29994373,0.00094421,0.23194888,0.06893906,4.791039835,-1412.985051,-1412.916111,8.6287
*Nc1cc(CC(=O)O)c(Br)c(NC(=O)CC(CC(*)=O)c2ccc(OC)cc2)c1,-3834.503723,0.99967563,281.04504,-8.1012,0.2573,0.41266271,0.00094421,0.33017563,0.08343128,3.747227118,-3834.173548,-3834.090116,8.3585
*Nc1cc(C(=O)O)cc(NC(=O)c2cc(NC(=O)OCc3ccccc3)cc(C(*)=O)c2)c1C#N,-1595.934822,0.9871169,346.59052,-8.8539,-0.6193,0.41885609,0.00094421,0.32977755,0.09002274,5.893539894,-1595.605044,-1595.515022,8.2346
*Nc1nc(NC(=O)C(CC(C)C)NC(=O)C(=O)NC(CC(C)C)C(*)=O)c(C(=O)O)nc1Br,-4094.317657,0.81421906,324.90798,-8.7264,0.0769,0.50570947,0.00094421,0.40848183,0.09817186,2.958200331,-4093.909175,-4093.811004,8.8033
*Nc1ccc(OC)c(NC(=O)c2cc(COC3CCCCO3)cc(C(*)=O)c2)c1C(=O)O,-1488.962712,0.995906,312.24584,-7.9991,-0.0593,0.46961928,0.00094421,0.38467632,0.08588717,7.239422136,-1488.578035,-1488.492148,7.9398
*Nc1cc(C(=O)O)c(NC(=O)CN(CC(*)=O)c2ccc(Cl)cc2)c(C(F)(F)F)c1,-1920.006646,0.99860877,269.55908,-7.783,-0.0657,0.34336378,0.00094421,0.26323708,0.08107091,9.860767729,-1919.743409,-1919.662338,7.7173
*NOCC(NC(=O)c1ccc(C(c2ccc(C(*)=O)cc2)C(Cl)(Cl)Cl)cc1)C(=O)O,-2600.505774,0.94402224,302.56105,-9.524,-0.2867,0.36668238,0.00094421,0.28110056,0.08652603,4.308214896,-2600.224673,-2600.138147,9.2373
*Nc1c(Br)ccc(CC(=O)O)c1NC(=O)c1ccc(NCCNc2ccc(C(*)=O)cc2)cc1,-4022.434708,0.9891081,380.83414,-8.2223,-0.0713,0.47006099,0.00094421,0.38012205,0.09088316,3.633206675,-4022.054586,-4021.963703,8.151
*Nc1ccnc(NC(=O)CN(CC(*)=O)Cc2ccccc2)c1C(=O)O,-1178.639151,0.99950445,238.01944,-8.8053,0.0965,0.36184214,0.00094421,0.2890145,0.07377185,6.142958829,-1178.350136,-1178.276364,8.9018
*Nc1cc(Br)c(NC(=O)CN(CC(*)=O)NS(=O)(=O)c2ccccc2)c(C(=O)O)c1,-4300.693882,0.99789256,286.5106,-8.5643,0.1821,0.36726249,0.00094421,0.28592018,0.08228653,5.690626656,-4300.407962,-4300.325675,8.7464
*Nc1ccc2c(S(=O)(=O)O)cc(S(=O)(=O)O)cc2c1NC(=O)CSc1ccc(SCC(*)=O)nn1,-3109.233113,0.8239667,355.49229,-8.391,-0.6763,0.37778713,0.00094421,0.28607255,0.09265879,5.403475943,-3108.94704,-3108.854381,7.7147
*Nc1cc(Br)c(C(=O)O)cc1NC(=O)c1cc(C(*)=O)cc(N2C(=O)c3ccccc3C2=O)c1,-4074.700991,0.99530905,351.23629,-8.5764,-0.804,0.36273805,0.00094421,0.27754236,0.0861399,8.644120527,-4074.423448,-4074.337309,7.7724
*Nc1cc(NC(=O)C(Cc2cccc(C)c2)C(*)=O)c(CC(=O)O)cc1Cl,,0.999332,,,,,,,,,,,
*Nc1cc(C#N)c(NC(=O)CN(CC(*)=O)c2ccccc2OC)cc1C(=O)O,-1330.070474,0.9996125,277.02859,-7.9464,-0.3745,0.37982099,0.00094421,0.30069788,0.08006732,2.389154261,-1329.769777,-1329.689709,7.5719
*Nc1nc(NC(=O)c2c(F)c(F)c(F)c(C(*)=O)c2F)nc(C(=O)O)n1,-1434.555377,0.9923638,199.08147,-10.0864,-0.661,0.4037929,0.00094421,0.13174976,0.07061723,5.009074419,-1434.423627,-1434.15064,9.4254
*Nc1ccc(C)c(NC(=O)c2cc(NC(=O)OC(C)(C)C)c(C(*)=O)s2)c1C(=O)O,-1750.610133,0.9719126,305.44874,-8.1258,-0.7356,0.41583711,0.00094421,0.3307193,0.08606202,7.84432183,-1750.279414,-1750.193352,7.3902
*Nc1cc(C(=O)O)cc(NC(=O)c2n[nH]c(C)c2C(*)=O)c1C(F)(F)F,-1359.763372,0.9981541,220.57757,-8.4966,-0.0947,0.27529667,0.00094421,0.20188578,0.07435511,5.08190002,-1359.561486,-1359.487131,8.4019
*Nc1cc(F)cc(NC(=O)CC(CC(*)=O)c2cc(F)cc(F)c2)c1C(=O)O,-1405.058948,0.99910307,241.30587,-8.5175,0.0414,0.3343022,0.00094421,0.25788212,0.07736429,7.18540128,-1404.801066,-1404.723702,8.5589
*Nc1ccc(CC(=O)O)c(NC(=O)c2c(F)c(F)c(C(*)=O)c(F)c2F)c1,-1425.672658,0.99630713,228.3663,-8.2926,-0.958,0.26777833,0.00094421,0.19300271,0.07571982,4.359981319,-1425.479655,-1425.403935,7.3346
*Nc1c(C(=O)O)ccc(C#N)c1NC(=O)COc1ccc(C(*)=O)cc1,-1196.131141,0.99804676,243.49678,-8.9773,-0.9547,0.30231337,0.00094421,0.23070957,0.07254802,5.882812522,-1195.900431,-1195.827883,8.0226
*Nc1cc(C(=O)O)cc(NC(=O)Cc2c(Br)cccc2C(*)=O)c1OCC,-3755.902486,0.999731,268.01716,-8.4366,-0.5936,0.35328901,0.00094421,0.27542216,0.07881106,6.141813889,-3755.627064,-3755.548253,7.843
*NCc1ccccc1CC(NC(=O)Cc1cc(C)c(CC(*)=O)cc1C)C(=O)O,-1264.458212,0.9988508,288.86731,-8.622,0.0347,0.47497274,0.00094421,0.39274228,0.08317468,7.297263557,-1264.06547,-1263.982296,8.6567
*Nc1nc(NC(=O)C2C3CCC(C3)C2C(*)=O)c(C(=O)O)cc1Cl,-1506.693711,0.937783,228.54845,-8.606,0.1866,0.32498292,0.00094421,0.25677841,0.06914873,4.379030236,-1506.436933,-1506.367784,8.7926
*Nc1ccc(C(=O)O)cc1S(=O)(=O)NC(=O)c1ccc(F)c(Br)c1C(*)=O,-4210.666225,0.9993013,252.71585,-8.8837,-0.4537,0.26460343,0.00094421,0.18916179,0.07638584,0.490764416,-4210.477063,-4210.400677,8.43
*Nc1cc(NC(=O)CN(CC(*)=O)N=Cc2ccc(OCc3ccccc3)c(OC)c2)c(C#N)cc1C(=O)O,-1769.079399,0.94924754,395.04737,-8.1104,0.0137,0.52355979,0.00094421,0.42390917,0.10059483,7.564936986,-1768.65549,-1768.554895,8.1241
*Nc1cc(C(=O)O)cc(NC(=O)c2ccc3ccc(C(*)=O)cc3c2)c1F,-1242.245547,0.9970879,273.25462,-8.5761,-0.5749,0.30948562,0.00094421,0.23867623,0.07175361,2.286140538,-1242.006871,-1241.935117,8.0012
*Nc1c(F)ccc(C(=O)O)c1NC(=O)C(Cc1ccccc1)NC(=O)c1ccc(C(=O)NC(Cc2ccccc2)C(*)=O)cc1,-2045.380884,0.8904789,429.32843,-8.6245,-0.0757,0.6104596,0.00094421,0.50409061,0.10731321,3.340273709,-2044.876793,-2044.76948,8.5488
*Nc1cc(C(=O)O)cc(NC(=O)c2ccc3ccc4ccc(C(*)=O)nc4c3n2)c1C,-1368.035135,0.9872773,322.53033,-7.9251,-1.0133,0.37132043,0.00094421,0.29436052,0.07790412,9.761622514,-1367.740775,-1367.662871,6.9118
*Nc1cc(NC(=O)CNc2ncccc2C(*)=O)c(C(=O)O)cc1Br,-3673.488662,0.9992549,251.72247,-8.5125,-0.1038,0.58918073,0.00094421,0.22319548,0.07182008,2.182998711,-3673.265466,-3672.898537,8.4087
*Nc1ccc(C(=O)O)c(S(=O)(=O)NC(=O)CC(CC(*)=O)c2ccccc2Br)c1,-4229.30611,0.9990545,276.55242,-8.6509,0.0721,0.36093304,0.00094421,0.28012657,0.08175069,7.917496498,-4229.025983,-4228.944232,8.723
*Nc1ccc(S(=O)(=O)NC(=O)c2c(C)ccc(C)c2-c2c(C)ccc(C)c2C(*)=O)cc1C(=O)O,,0.95533997,,,,0.4810191,0.00094421,0.38907037,0.09289295,24.80248541,0.38907037,0.48196331,
*Nc1ccc(C(=O)O)cc1S(=O)(=O)NC(=O)c1c(Cl)c(Cl)c(Cl)c(Cl)c1C(*)=O,,0.9980392,,,,0.24693027,0.00094421,0.16609797,0.08177651,8.28373476,0.16609797,0.24787448,
*Nc1cc(C(=O)O)cc(NC(=O)CN(CC(*)=O)C(=O)CCOC)c1C#N,,0.9991623,,,,,,,,,,,
*Nc1cc(C(F)(F)F)cc(NC(=O)CS(=O)(=O)CC(*)=O)c1C(=O)O,-1722.678191,0.9981141,205.7176,-8.7362,-0.3741,0.26249802,0.00094421,0.18815723,0.075285,4.619221543,-1722.490034,-1722.414749,8.3621
*Nc1cc(C(=O)O)c(NC(=O)CN(CC(*)=O)C(=O)C(Cl)(Cl)Cl)cc1Br,-4997.107039,0.9987257,259.61398,-8.2382,0.0819,0.2665774,0.00094421,0.18705807,0.08046354,3.110846421,-4996.919981,-4996.839517,8.3201
*Nc1cc(Cl)c(C(=O)O)cc1NC(=O)CN(CC(*)=O)NC(=O)CCCC,-1677.757787,0.9985335,256.28972,-8.2772,-0.0042,0.39923565,0.00094421,0.31783727,0.08234259,6.099134093,-1677.43995,-1677.357607,8.273
*Nc1cc(NC(=O)c2cc(NS(=O)(=O)c3ccc(C)cc3)cc(C(*)=O)c2)c(F)c(C(=O)O)c1,-1962.97205,0.95824564,329.09985,-8.4225,-0.5652,0.40659453,0.00094421,0.31671236,0.09082638,5.03380366,-1962.655337,-1962.564511,7.8573
*Nc1ccc(C(=O)O)c(NC(=O)c2ccc(CSc3ccc(C(*)=O)cc3)cc2)n1,-1673.947392,0.9987864,311.86919,-8.5247,-0.1741,1.11896995,0.00094421,0.29327427,0.07997954,3.930551841,-1673.654117,-1672.827477,8.3506
*Nc1cc(C(=O)O)cc(NC(=O)c2cc(=O)cc(C(*)=O)o2)n1,-1116.539156,0.9963924,206.87102,-8.5996,-1.0599,0.7055493500000001,0.00094421,0.16892359,0.06647912,3.743539046,-1116.370232,-1115.832662,7.5397
*Nc1cc(C(=O)O)c(NC(=O)c2cc(C(*)=O)cc(-n3cncn3)c2)cc1Cl,-1690.031249,0.99300176,282.41993,-8.3167,-0.4875,0.30273681,0.00094421,0.22931702,0.074364,6.857742974,-1689.801932,-1689.727568,7.8292
