SMILES,qm_total_energy_monomer,qm_homo_monomer,qm_lumo_monomer,qm_dipole_monomer,qm_dipole_x_monomer,qm_dipole_y_monomer,qm_dipole_z_monomer,qm_polarizability_monomer,qm_polarizability_xx_monomer,qm_polarizability_yy_monomer,qm_polarizability_zz_monomer,qm_polarizability_xy_monomer,qm_polarizability_xz_monomer,qm_polarizability_yz_monomer
*CC*,-209676.7175,-12.03727174,3.128816904,8.94E-06,5.71E-06,-5.86E-06,-3.60E-06,3.98452078,4.240287656,3.85486087,3.858413814,0.028186415,0.046851791,0.00339043
*C(C*)C,-312948.9242,-11.57686478,3.039961247,0.077277932,0.003980157,0.03228246,0.070099072,5.780307663,6.281963377,5.43592143,5.623038182,0.034819083,-0.050906534,0.105223791
*C(C*)CC,-416219.2389,-11.42390789,2.987134632,0.081852316,-0.003191809,-0.046589958,-0.067223432,7.514826425,8.191657489,7.119033935,7.23378785,-0.092424322,0.024052055,0.163036415
*C(C*)CCC,-519493.419,-11.22720085,3.05291719,0.075347424,0.003630084,-0.06310736,-0.041006315,9.363665661,10.88365819,8.726422459,8.480916329,0.13990655,-0.038720467,0.263216113
*C(C*)C(C)C,-519497.3697,-11.17103386,2.957730423,0.085636418,0.032326956,0.077242336,0.01794953,9.332767196,10.24870556,8.73827796,9.011318067,-0.005895416,0.042990603,-0.4264229
*C(C*)CCCC,-622765.6684,-11.03805724,3.044147826,9.62E-06,-9.96E-07,3.65E-06,8.85E-06,11.17156995,13.3349649,10.41764136,9.762103593,-0.060537393,-0.006608978,-0.089809965
*C(C*)CC(C)C,-622769.5039,-11.040807,2.980871171,0.120196333,0.014487579,-0.085766301,0.082954265,11.14090557,12.67569197,9.962272335,10.78475242,-0.049446034,0.131494535,0.266386432
*C(C*)CCCCC,-726037.9274,-10.89562794,3.031210522,0.075433639,0.004178076,-0.05709971,0.049116196,12.98706314,15.73473777,11.66521925,11.56123241,0.020856782,-0.290917561,-0.421335835
*C(C*)CCC(CC)C,-829311.4351,-10.88337466,2.902049194,0.072620261,0.047761312,0.023921897,-0.049196567,14.61889785,16.38455231,14.31053151,13.16160973,0.572858457,0.181536637,-0.385569402
*C(C*)CCCCCCC,-932582.4614,-10.69582593,3.01501621,0.075071027,0.000596297,0.013208104,0.073897561,16.64331822,20.75361706,14.0716454,15.1046922,0.120856068,-0.066613646,0.189813505
*C(C*)CCCCCCCC,-1035852.648,-10.67351767,2.891930425,0.090293716,0.036665008,-0.035125781,0.074664663,18.30198242,21.99766057,16.40446768,16.503819,0.091019175,0.483234801,0.236945047
*C(C*)(C)C,-416226.9463,-11.40601653,2.905709576,0.118686365,-0.000634905,0.005355819,-0.11856376,7.598014255,7.902065418,7.900281056,6.991696291,0.000191041,-0.004818621,0.040979167
*C(C*)(CC)C,-519497.3694,-11.17085461,2.957699323,0.085639074,0.04457621,-0.040734597,-0.060726479,9.332820439,10.20376884,9.311291525,8.483400952,0.185810708,0.166449181,-0.171051268
*C(CC*)(C)C,-519497.3687,-11.17067383,2.957662603,0.085645013,0.045841605,0.004523814,0.072202152,9.332962694,10.19763348,9.229734914,8.57151969,-0.02065455,-0.284700617,0.285025874
*C(C(C*)C)(C)C,-622770.445,-10.94746274,2.832976434,0.1206117,0.00471153,0.014187497,-0.119681655,11.01005941,11.75855638,10.93786396,10.33375789,-0.207813225,0.031793388,0.064479859
*C(CCC*)(C)C,-622769.5043,-11.04139144,2.980824468,0.120230996,-0.001664641,0.009178071,0.119868613,11.14084181,12.5904337,10.71332808,10.11876366,-0.063557834,0.49392169,0.339243105
*C(CCC*)(CC)C,-726039.1248,-10.87742582,3.022454836,0.075039687,-0.020152928,0.033662758,0.063965872,12.88196527,14.39878029,12.92969954,11.31741597,-0.000312923,-0.072095954,-0.20747963
*C(CCCCCCC*)C,-932580.6487,-10.7869671,3.035723667,0.052986765,0.023577483,0.023439621,-0.041258741,16.59892057,20.26733746,15.17118783,14.3582364,0.024895498,-0.226140856,-0.307698492
*C(C*)C1CC1,-516239.6675,-10.20816963,3.110868393,0.100486652,0.074938678,0.002434684,0.066901675,8.781908344,9.856708013,8.245282661,8.243734358,-0.112568885,-0.387028955,-0.309985968
*C(C*)C1CCC1,-619521.8014,-10.59217148,2.964684146,0.055803616,0.004455125,0.030055175,0.046806857,10.41857892,11.64242032,9.492695247,10.1206212,-0.017477756,0.147511534,-0.177695439
*C(C*)C1CCCC1,-722875.1024,-10.98031084,2.879741566,0.056456307,0.001858492,-0.032470461,-0.046146828,12.12214028,13.7619199,10.79397975,11.81052118,0.347266145,0.121608996,-0.2958803
*C(C*)CC1CCCC1,-826147.3046,-10.87443059,2.894875167,0.09598883,-0.023823224,0.0928819,-0.004388878,13.95759572,16.38213379,12.61655382,12.87409954,0.33234155,0.306174959,0.656215469
*C(C*)C1CCCCC1,-826173.1937,-10.47970418,2.991377208,0.045935317,-0.030729295,-0.013764777,0.031245714,13.87729998,15.74435425,13.57047544,12.31707026,0.059341565,-0.248103433,0.388685996
*C(C*)CC1CCCCC1,-929445.4217,-10.40967116,3.01337447,0.106253568,-0.067500554,-0.063281434,-0.052239409,15.72201876,18.24038617,13.64457926,15.28109083,0.390679167,-0.770190964,-0.17819585
*C(C*)Cc1ccccc1,-919925.1363,-9.024137276,1.920584032,0.2964109,0.283490384,-0.069931529,0.051011813,15.46323703,18.13121238,12.7500763,15.5084224,-2.2120792,-0.766555363,-1.056927616
*C(C*)CCc1ccccc1,-1023197.598,-9.012433023,1.926149647,0.235269975,0.224355886,-0.069456452,-0.013863591,17.27577755,20.06827099,15.51261476,16.2464469,-2.028098769,0.663099191,1.428597534
*C(C*)C(c1ccccc1)C,-1023201.749,-9.030381601,1.92053854,0.241443924,-0.236506036,-0.033547278,-0.03513749,17.25139948,20.41733828,16.28769044,15.04916972,1.292190808,1.185728954,-1.2107002
*C1CC(CC1)C*,-619602.9306,-11.05953699,2.858903677,0.084773416,-0.013534391,0.009896115,-0.083098852,10.36924775,11.48436509,10.3148965,9.308481669,0.040491656,-0.120644743,0.270873096
*C(C*)CCCCCC,-829310.1934,-10.78481242,3.022469688,2.14E-05,-4.21E-06,2.07E-05,-3.14E-06,14.81317776,18.22929533,12.78887434,13.42136362,0.429331658,0.162997519,-0.331799967
*C(C*)CCCCCCCCCC,-1242396.019,-10.74220376,2.989454788,0.061630874,-0.050278047,-0.033186239,-0.013006005,21.94388232,25.1362421,21.90126324,18.79414162,0.319914996,0.539384363,0.67856999
*C(C*)CCCCCCCCCCCC,-1448940.64,-10.64667391,3.003878324,0.081181492,-0.034991471,-0.019655588,0.070566914,25.63231291,30.09550002,24.36507021,22.4363685,0.481662951,-0.152729171,-0.036564904
*C(C*)CCCCCCCCCCCCCCCC,-1862027.889,-10.56847196,2.858209728,0.011983441,-0.000207204,-0.011125046,-0.004448966,32.65962972,37.73218114,32.31110254,27.9356055,-0.910097365,-0.242000785,0.267563584
*C(C*)C(CC)C,-622765.2795,-10.95058173,2.914489947,0.08370084,0.002839678,-0.016080647,0.082092506,11.00445912,12.20471047,10.69765382,10.11101308,-0.117495159,-0.140265541,-0.161263389
*C(C*)C(CC)CC,-726036.4479,-10.83085124,2.949592997,0.044608297,0.030447815,-0.01354195,-0.02965546,12.7287935,13.47599185,13.12339204,11.58699661,-0.452881867,0.323466948,0.372324235
*C(C*)CC(CC)CC,-829310.636,-10.85325263,2.806928786,0.115894068,-0.094449207,0.012530228,0.065983148,14.52007734,15.20894851,15.39669152,12.954592,0.029379609,-0.290851557,0.059071945
*C(C*)CC(CC)C,-726038.9216,-10.92706754,3.03754063,0.11560407,-0.009364809,-0.115179618,0.003202672,12.90350849,14.7764101,12.40736988,11.5267455,-0.468883045,0.149705727,0.504942633
*C(C*)CC(C)(C)C,-726048.4448,-10.90844877,2.817927377,0.074183107,0.021283636,-0.070497046,0.008961398,12.88206451,14.15829446,12.28027377,12.20762529,-0.183356548,0.488489853,-0.053629109
*C(C*)CC(CC)(C)C,-829318.8718,-10.8381409,2.831940007,0.10065534,-0.011754779,-0.025556781,-0.096644573,14.54155824,15.4838909,14.57518582,13.565598,-0.421269994,-0.134582656,0.230161312
*C(C*)CCCC(C)(C)C,-932593.2872,-10.70525073,2.821893562,0.073623811,0.037023445,0.049713666,0.03972759,16.51690966,19.30153119,15.15322509,15.09597269,0.159902318,-0.211293539,0.206630651
*C(C*)CCC1CCCCC1,-1032715.425,-10.36676494,3.002310284,0.0795381,-0.021792523,-0.058937241,-0.048762658,17.47656925,20.62857288,15.4030289,16.39810597,0.365386489,-0.353324017,0.62190035
*C(C*)CCCC1CCCCC1,-1135982.489,-10.39604157,2.853892377,0.049224001,-0.025312864,-0.021576746,0.036286433,19.12170577,22.1596734,17.83439771,17.37104619,0.252887838,-0.22445288,0.350814656
*C1(CCC(CC1)C)C*,-826170.2485,-10.43786103,2.708137997,3.96E-05,1.58E-05,3.30E-05,1.52E-05,13.65436552,14.94314249,13.35958284,12.66037125,-0.125909317,-0.140215434,-0.358926603
*C(C*)(CCC)C,-622769.5037,-11.04074946,2.980858382,0.120163702,0.029218775,0.096841965,-0.064863026,11.14093319,12.5708854,10.66451775,10.18739641,0.044692312,0.514032575,0.412528833
*/C=C/CC*,-412984.8575,-9.656460668,2.613247763,0.339050591,-0.329775868,-0.075327507,0.022998842,7.58495599,9.578372538,6.452867701,6.723627732,0.132497471,-0.390281443,0.182514874
*/C=C\CC*,-412984.8574,-9.65647625,2.613231109,0.339027275,-0.319596107,0.04509893,0.103749256,7.584943888,9.393037293,6.925003288,6.436791084,-0.685129234,-0.469740472,-0.012898302
*C=CCC*,-412984.8577,-9.656395717,2.613252494,0.33903121,-0.329524066,-0.07201114,0.034211794,7.584922092,9.38278804,6.393494716,6.978483519,0.332734254,-0.738982749,-0.186965657
*C(C)C(C)*,-416219.2389,-11.42399323,2.987095842,0.081849546,0.000872077,-0.067925581,-0.04565855,7.514847273,8.197475947,7.238979255,7.108086618,-0.020135478,0.046197181,0.161916384
*/C=C/*,-206429.4673,-10.1980853,2.538665003,3.97E-06,-1.78E-06,-2.24E-07,-3.54E-06,3.85009683,5.015778406,3.371188181,3.163323904,-0.016823425,-0.657265275,0.064112922
*C(C(CC*)C)C,-622767.2166,-11.01570858,2.957440393,0.081528652,0.007931506,0.080854774,-0.006820388,11.08163081,12.48954343,10.62853903,10.12680997,-0.159405457,-0.515542012,0.33074759
*C1C(CCC1)CC*,-722869.6067,-10.86452736,2.841063534,0.102896246,0.014414966,-0.10148074,-0.009028048,12.02794225,13.30716076,11.159458,11.61720798,-0.486697082,0.023484208,0.139980005
*C=CCCCCCCCC*,-1032616.68,-9.602378359,2.803796391,0.425389303,-0.32157598,-0.185456475,0.207727812,18.2226006,22.1292987,16.88458937,15.65391373,0.535811984,-0.770815939,-1.227291485
*C(C*)CCCCCCCCCCCCCCCCCCCC,-2275114.282,-10.55482587,2.823679803,0.029125276,0.004308939,-0.028792423,0.000843281,39.89342813,43.46774124,37.28517338,38.92736977,-0.829644881,-0.704857465,1.966475158
*/C=C/CCCCCCCCCC*,-1239161.705,-9.590537114,2.718516714,0.387451433,-0.361764691,-0.014600712,-0.137955575,22.19446936,28.14663851,19.45819299,18.97857657,0.207270301,0.031731918,0.61048872
*C(C*)CCCCCCCCCCCCCC,-1655483.518,-10.58824262,3.020257475,0.005148261,0.000121886,0.003733956,-0.003542218,29.30749945,36.61336092,26.38938334,24.91975409,-0.524421582,0.079291692,-0.364670238
*C=CCCCCCC*,-826072.4276,-9.595784505,2.713776103,0.409512642,-0.398322853,0.091255705,-0.02668155,14.83881732,18.56600568,13.11064059,12.83980568,-1.062340499,0.934459864,-0.206852237
*/C=C/CCC*,-516258.4013,-9.640251953,2.574957766,0.335734012,0.233914057,-0.104779333,-0.216847487,9.270352198,10.27459625,8.248792107,9.287668237,-0.27032289,-1.13573475,0.374083242
*C(C*)C(C)(C)C,-622776.4212,-11.01557577,2.792671346,0.051128446,0.030102163,0.03099468,-0.027336927,11.07011036,11.5033606,10.96620195,10.74076851,0.442951512,-0.079802237,-0.057704357
*/C=C\CCCC*,-619530.6253,-9.632092669,2.572588205,0.32156587,0.18949236,-0.248863052,-0.074595142,10.93993952,11.66243687,11.42462557,9.732756109,-0.874654533,0.003654089,0.370848679
*C(C*)CCCCCCCCCCCCC,-1552211.087,-10.62450895,3.017311513,0.080594257,0.03205195,-0.073198655,0.010491122,27.47491225,34.505528,24.46503871,23.45417004,-0.083320525,-0.001093645,-0.457053611
*C(CC)C(CC)*,-622763.7949,-11.02598096,3.024752521,0.078783489,-0.018890017,-0.075797277,0.010236127,11.10814175,12.82059339,10.5703028,9.93352908,0.234586678,0.047039259,0.052265289
*C(C*)CCCCCCCCCCC,-1345668.273,-10.60515312,2.907248281,0.090371228,-0.04279925,-0.079490653,-0.004052068,23.72249146,28.74563752,22.24007782,20.18175904,0.431679027,-0.429386382,-0.145078766
*C(C*)CCCCCCCCC,-1139125.149,-10.57059673,3.001302454,0.058011643,0.038603305,-0.021425774,0.037630728,20.24888322,25.36806489,17.8616692,17.51691555,-0.205522391,0.166613376,0.550294472
*C(C*)C1CC(CCC1)C,-929447.736,-10.44344491,2.867125032,0.102759397,0.083909305,-0.005741624,-0.059040291,15.57418452,17.56352963,15.24699632,13.91202762,0.317314459,0.164586011,-0.199347355
*C(C*)C1CCC(CC1)C,-929453.1924,-10.41815215,3.047159024,0.063004197,0.039712861,0.022410754,-0.043476151,15.74523872,18.49261744,15.158459,13.5846397,-0.149770171,-0.348082167,0.006799478
*C(C*)C1CC=CCC1,-822944.5091,-9.114735549,2.714518166,0.215394782,0.171111064,-0.116158988,-0.060191406,13.56771426,14.22803842,12.61457798,13.86052637,-0.2147048,-0.016548311,-1.128508413
*C(=CCC*)CCCCCCC,-1135902.671,-9.154742222,2.746139626,0.183716331,0.143890003,0.06196151,0.095958994,19.87071302,21.0084268,19.16021301,19.44349925,-0.223976879,0.252939601,1.880145968
*C(=CCC*)C(C)C,-722815.1056,-9.192557591,2.6094386,0.067181397,-0.030574769,-0.022501719,-0.055427397,13.08342684,16.21360969,11.47650217,11.56016867,-0.486142841,0.823548373,-0.729451293
*/C=C\CCC*,-516258.4017,-9.640354724,2.575032957,0.335775292,-0.266636493,-0.204004675,-0.005667444,9.270328082,10.64073994,9.021449518,8.148794785,0.951573339,-0.064473771,-0.144239281
*C(C*)CCC(C)(C)C,-829320.9877,-10.80350616,2.820297752,0.042902849,0.042679217,-0.004243451,-0.001063951,14.68722485,16.60992258,13.93251456,13.51923742,0.63146817,0.170519334,0.1135392
*C1C(CC1)*,-412969.4594,-10.94967708,3.030805368,6.18E-07,2.48E-07,5.37E-07,1.76E-07,6.908257637,6.993444448,7.091680778,6.639647683,0.10912049,0.296984156,-0.192007227
*/C=C\*,-206429.4673,-10.19807722,2.538656103,3.37E-06,-4.99E-07,3.75E-08,-3.34E-06,3.841922568,5.160810351,3.37773714,2.987220212,-0.003863189,-0.29715225,-0.00900046
*/C=C\CCCCC*,-722802.5181,-9.617074413,2.546610894,0.263085596,-0.074357789,-0.179337811,0.177546894,12.64168477,13.19796338,12.14614901,12.58094194,0.932318556,-0.196070487,-0.965990877
*C1CC(CC1)C=C*,-719636.2708,-9.572901701,2.643829633,0.418188211,-0.358995399,-0.065248786,-0.204319062,12.10309896,13.95414648,9.981581638,12.37356876,-0.33254302,1.154213563,0.074829628
*/C=C/C(C*)C(CC)C,-826080.7922,-9.623465382,2.561145006,0.248071839,0.06727632,-0.213816704,0.106282411,14.4829944,14.30511699,16.04229944,13.10156676,-0.171597994,0.371164059,-0.394516224
*C(=CCC*)CCC,-722812.6628,-9.190043722,2.610210315,0.053880447,0.020378858,-0.049847419,-0.001743409,13.08090481,16.08700841,11.37363077,11.78207526,0.502879168,1.217990852,0.304109646
*C=CCCCCCCCCCC*,-1239164.952,-9.630457511,2.547103419,0.326371316,0.128340695,-0.300075062,-0.001363387,21.78907821,25.43679594,21.05076491,18.87967379,-1.216438085,0.347764429,0.094071349
*C1(CCCCC1)C*,-722902.9122,-10.54940644,2.985366773,0.104037705,0.071132537,0.012969988,0.074804984,12.12928527,13.37649617,12.17665277,10.83470688,0.057763162,0.223003775,-0.20687776
*C=CC(CCCCC*)C,-929348.912,-9.559206198,2.762307925,0.474200665,0.449767484,0.141221312,0.051303232,16.470039,20.31805419,14.79445694,14.29760585,1.437167282,-0.020909148,-0.280771553
*/C(=C\CC*)C(C)(C)C,-826095.461,-9.208658481,2.699215301,0.040121962,0.033039953,-0.020266622,-0.010363269,14.89147809,17.96599839,13.15077403,13.55766185,-0.761485219,-0.735070293,0.062803151
*C(C*)c1ccccc1,-816650.7318,-9.030834989,1.972408615,0.308219144,-0.304514598,-0.044378336,0.017333891,13.76428773,17.07432005,14.42530392,9.79323922,0.379525151,-1.055878586,-0.233049813
*C(C*)c1c(cccc1)C,-919930.7858,-8.837273735,2.00271983,0.539109152,0.294243332,0.450086982,0.038486989,15.57491628,17.00192441,17.12534096,12.59748347,1.868945971,-2.084372073,1.783134265
*C(C*)c1c(cccc1)CC,-1023198.999,-8.795109597,2.01048635,0.632052458,0.037122431,-0.607929997,0.168918187,17.34891554,19.52530349,19.83001439,12.69142873,0.013959506,0.411868988,-1.868832681
*C(C*)c1c(cccc1)COC,-1220738.619,-8.958849918,1.886557021,1.395711812,-0.826988651,-0.8551233,-0.729976284,17.90706099,19.58082385,19.86349045,14.27686868,0.29455053,1.14926245,-2.124495012
*C(C*)c1c(cccc1)COCC,-1324020.948,-8.938222954,1.890779401,1.423755404,-0.056646657,1.033652372,0.977462725,19.71021275,21.63855457,21.64906301,15.84302067,0.788305158,-2.347490259,0.03774997
*C(C*)c1c(cccc1)COCCC,-1427299.445,-9.033702664,1.715432593,0.99210935,-0.087053619,0.868508,0.471589317,21.47324134,23.56487725,21.13593651,19.71891027,-1.823664813,1.519063173,2.791259218
*C(C*)c1c(cccc1)COC(C)C,-1427309.143,-8.968224387,1.846783833,1.318080032,-0.389389364,0.470454619,1.168068211,21.55890678,22.96643733,24.05662711,17.65365592,0.260715533,-2.592692438,-0.09708646
*C(C*)c1c(cccc1)COCCCC,-1530566.502,-8.930463725,1.839037844,1.226943836,0.639440701,0.341614701,-0.989851586,23.57049468,27.78968714,22.51013403,20.41166288,2.918889037,-2.418090861,2.598399318
*C(C*)c1c(cccc1)COCCCCC,-1633842.221,-9.013614033,1.797101074,1.031117721,-0.457701174,0.884459394,0.26729192,25.01899348,27.43641335,25.29395354,22.32661355,0.709543334,-1.955728365,1.92822077
*C(C*)c1c(cccc1)COCCC(C)C,-1633851.716,-9.029115071,1.777254157,0.85947311,0.128680678,-0.753678335,0.392561177,25.0436645,29.06983641,26.41850091,19.64265618,-0.611385862,0.655156986,-1.549993334
*C(C*)c1c(cccc1)COCc1ccccc1,-1827734.582,-9.023950481,1.586600098,0.930084395,0.160393274,-0.008697316,-0.916108802,27.61110892,32.43012371,20.64596524,29.75723781,3.971234454,-1.176285476,0.236229535
*C(C*)c1c(cccc1)COCCc1ccccc1,-1931003.732,-8.839013078,1.78075837,1.345573221,0.814157008,-0.469088697,0.963157024,29.23070354,30.67086807,28.77594488,28.24529767,-2.908188459,0.454784189,3.94313779
*C(C*)c1c(cccc1)C(=O)NC,-1363093.169,-9.185466762,1.210516105,3.23576097,0.223360042,0.640204401,-3.163921249,19.05574839,21.4286581,20.56904207,15.16954499,-1.999795178,-1.136528107,-3.076240192
*C(C*)c1c(cccc1)C(=O)N(C)C,-1466338.353,-9.063355785,1.434991186,3.344106474,1.14522855,1.353759005,-2.835284154,20.74668287,22.93636063,23.29628777,16.00740021,-1.634063609,0.398286052,0.29000703
*C(C*)c1c(cccc1)C(=O)Nc1ccccc1,-1866808.664,-8.506568165,0.900434971,3.083061411,0.05715198,3.049200307,-0.452082743,28.29299128,37.44122344,29.00450697,18.43324342,-2.884553634,0.851759004,1.996524306
*C(C*)c1c(cccc1)C(=O)O,-1312036.567,-9.34652038,0.679899473,1.488563997,-0.96319037,-1.114584067,-0.213984674,16.6074706,18.74836754,19.37712108,11.69692319,1.259752093,-1.245146953,2.388073092
*C(C*)c1c(cccc1)C(=O)OC,-1415265.958,-9.262941436,0.814055861,1.484921935,0.772617438,1.263192507,-0.111355907,18.50939565,21.29267815,21.70485642,12.53065237,-1.003157862,-0.707698894,-1.601488571
*C(C*)c1c(cccc1)C(=O)OCC,-1518551.514,-9.24871581,0.821648156,1.453511984,0.273089274,1.345164635,-0.478175116,20.31902142,23.04925948,22.08915402,15.81865075,-0.183410339,3.792277942,-1.455170403
*C(C*)c1c(cccc1)C(=O)OCCC,-1621825.356,-9.255970588,0.808101748,1.412276685,0.399225325,0.931206119,0.983869776,22.02991146,25.51040877,19.00860293,21.57072267,1.462366718,-2.190708772,3.798501926
*C(C*)c1c(cccc1)C(=O)OC(C)C,-1621838.839,-9.233140865,0.848551118,1.544351091,0.541951025,-1.322206598,0.585729537,22.16379152,26.62007744,23.99107586,15.88022127,0.771032277,-0.150631858,-1.776678479
*C(C*)c1c(cccc1)C(=O)OCCCC,-1725097.908,-9.256280921,0.806164513,1.489769751,0.117041566,-0.802404767,1.249744682,23.84236317,26.59486155,22.23486721,22.69736076,-2.19614987,-2.860933278,-2.698670505
*C(C*)c1c(cccc1)C(=O)OCC(C)C,-1725104.076,-9.259171608,0.801306379,1.34199211,-0.31334066,-1.197855215,-0.517593796,23.94414337,27.97561835,24.06288727,19.79392451,0.037495552,-3.297108178,3.440583055
*C(C*)c1c(cccc1)C(=O)OCCCCC,-1828368.574,-9.25801441,0.824079096,1.468075128,0.287744244,0.356826972,1.39467643,25.34739783,27.79699333,24.92362908,23.32157108,1.735208116,-3.665032978,2.01448471
*C(C*)c1c(cccc1)C(=O)OCCC(C)C,-1828375.908,-9.263399689,0.810741164,1.46337988,0.707359895,1.169305563,0.523304073,25.53495691,28.20239373,24.9254116,23.47706541,0.997599642,-3.09878207,3.706303613
*C(C*)c1c(cccc1)C(=O)OCCCCCC,-1931641.226,-9.257398849,0.893293523,1.489744606,0.6410233,0.065193261,-1.343196918,26.97531522,27.89326218,26.47032908,26.56235441,-2.136496622,3.841871489,0.629427331
*C(C*)c1c(cccc1)C(=O)Oc1ccccc1,-1918967.018,-9.204329411,0.628340067,1.391697141,-0.361155483,-1.241729222,-0.51429193,27.03674765,34.45675387,27.22176658,19.43172248,1.413960298,4.215020493,-0.176807602
*C(C*)c1c(cccc1)C(=O)OCCN(C)C,-1870450.756,-8.725464163,0.997960557,1.852628674,1.401860604,0.989667009,0.698268617,25.00362953,27.11975018,26.61128947,21.27984895,-2.505741316,-3.22684632,-0.657419692
*C(C*)c1ccc(cc1)C(=O)OCCN(C)C,-1870452.204,-8.637743934,0.824582864,1.980224074,-1.366336266,-1.190631682,-0.798003001,25.836585,35.11541699,19.57413139,22.82020662,-0.228360276,-0.022064505,1.967135803
*C(C*)c1c(cccc1)OC,-1117485.813,-8.350693629,2.002905894,1.332085281,-1.03238577,-0.59176989,-0.598697933,16.4181907,17.79107802,18.76260749,12.7008866,-1.038822342,2.003365904,1.993177352
*C(C*)c1c(cccc1)Cl,-2023498.735,-9.141878514,1.604077206,1.713955264,0.188029436,-1.703139814,-0.040029423,15.66674001,18.27240352,18.04589539,10.68192113,-1.217910164,0.899208057,0.572129486
*C(C*)c1c(cccc1)F,-1077321.889,-9.043787122,1.811165731,1.180356586,0.056643822,-1.164821037,-0.182277534,13.67725237,17.21054244,14.6098946,9.211320065,0.209232933,-0.713196966,0.827186143
*C(C*)c1cc(ccc1)C,-919931.9369,-8.833778183,1.972837322,0.280320444,0.023319879,-0.278092331,0.026464875,15.71681657,19.24565388,16.65803593,11.24675989,0.428997665,-1.505389366,0.180621458
*C(C*)c1cc(ccc1)CC,-1023205.157,-8.858525478,1.976692641,0.294504316,-0.019296929,-0.264842457,0.12735342,17.5221304,21.43760823,18.0053142,13.12346876,-0.116538626,0.323012446,-1.24423318
*C(C*)c1cc(ccc1)c1ccc(cc1)c1ccccc1,-2030631.215,-8.206213193,0.797625031,0.363520042,-0.269456092,-0.059539349,0.236633263,36.70300486,55.36148752,21.72669512,33.02083193,0.104604519,1.448743042,2.057671303
*C(C*)c1cc(ccc1)Cl,-2023497.292,-9.146134071,1.576215131,2.214772362,-1.528584192,-1.494800727,-0.578115706,15.82667759,19.32950358,16.18341804,11.96711115,1.760657072,-0.151138672,2.700341857
*C(C*)c1cc(ccc1)F,-1077321.744,-9.122938059,1.664691719,1.725250448,1.118188155,-1.115374294,-0.694323083,13.75105755,17.21470577,12.77159725,11.26686962,-0.48411354,0.380680497,2.364870672
*C(C*)c1ccc(cc1)C,-919931.3558,-8.714613429,1.989983099,0.096451574,-0.051049857,-0.005038079,0.081678858,15.77971631,20.67156995,15.65690533,11.01067366,0.376591011,0.1624611,-0.306184227
*C(C*)c1ccc(cc1)CC,-1023204.513,-8.727988551,1.973784429,0.089507754,0.00741586,0.077935084,-0.04339085,17.65092044,23.03245685,13.94629435,15.97401012,-0.81077793,0.2745314,1.687008723
*C(C*)c1ccc(cc1)C(C)C,-1126480.347,-8.729435214,1.962391979,0.061480725,0.033475884,-0.037299911,-0.035608445,19.44946951,25.37884666,18.10187382,14.86768807,-0.085518795,0.37851512,-0.538044718
*C(C*)c1ccc(cc1)CCCC,-1229751.482,-8.715583872,1.937867192,0.088981016,-0.077085648,0.007420201,0.043821965,21.19502366,26.64966975,19.97698492,16.95841631,-1.317266073,-1.399292177,0.078385887
*C(C*)c1ccc(cc1)C(C)(C)C,-1229754.816,-8.724797096,1.963289849,0.049836059,-0.026598358,-0.027005613,-0.032355169,21.20102318,27.34085467,17.19886309,19.06335178,-0.752510396,-0.571685347,-1.722519029
*C(C*)c1ccc(cc1)C(CC)C,-1229751.387,-8.714396079,1.96634418,0.02874482,-0.012083266,-0.023664614,0.010965648,21.31458622,28.16162359,16.6831123,19.09902277,0.339110848,-0.064635062,1.072736444
*C(C*)c1ccc(cc1)CCCCCC,-1436296.814,-8.724421275,1.906949445,0.23892919,-0.107807605,-0.066077387,0.202727545,24.5519319,28.83145429,24.76759554,20.05674586,-1.059653936,-1.537620862,0.923227992
*C(C*)c1ccc(cc1)CCCCCCCC,-1642841.415,-8.723102188,1.912312962,0.203941478,-0.129877178,0.025895338,0.155091833,28.28012668,32.64012534,29.10270569,23.09754902,-1.722566216,-1.153236002,-1.559310878
*C(C*)c1ccc(cc1)CCCCCCCCC,-1746111.544,-8.712166875,1.937852065,0.138507235,-0.004022445,-0.094807075,-0.100894463,30.09352784,31.46114728,32.05417106,26.76526518,-2.327555203,-1.678597096,-0.617451994
*C(C*)c1ccc(cc1)CCCCCCCCCC,-1849385.554,-8.710439859,1.939533292,0.128957576,-0.001973305,0.128897541,0.003403862,32.04139397,35.44512576,31.5265101,29.15254605,2.030037561,0.722354126,-1.586101845
*C(C*)c1ccc(cc1)CCCCCCCCCCCC,-2055928.429,-8.710187566,1.940580982,0.180104122,-0.027948073,-0.032315218,0.174963215,35.63068934,38.82885718,34.57532166,33.48788918,-0.312344784,1.796923785,2.458243903
*C(C*)c1ccc(cc1)CCCCCCCCCCCCCC,-2262472.567,-8.714252594,1.91631921,0.235813219,0.113487196,0.022065694,0.205527701,39.29339615,46.86263131,39.44067937,31.57687777,1.185150002,0.859312656,0.627693792
*C(C*)c1ccc(cc1)CCCCCCCCCCCCCCCC,-2469024.941,-8.735614474,1.884279401,0.166977562,0.141231457,-0.020917457,-0.086588923,41.96059311,40.24034259,48.90565121,36.73578553,-1.013469966,0.710432973,-0.257222372
*C(C*)c1ccc(cc1)CCCCCCCCCCCCCCCCCC,-2675579.864,-8.750005633,1.809890857,0.368667523,0.311700861,-0.19522931,-0.025373847,45.82400235,55.27412273,43.90633063,38.29155371,7.065365929,0.931077889,1.894565252
*C(C*)c1ccc(cc1)c1ccccc1,-1423640.654,-8.394375689,1.191722444,0.415135999,-0.414981395,-0.000123482,-0.011327997,24.9553955,36.10658144,18.17343469,20.58617036,-1.356815053,1.808260897,3.127296224
*C(C*)c1ccc(cc1)COCCOCC,-1728118.473,-8.771366295,1.92234006,1.834355271,1.050966127,-1.043836975,-1.082004542,24.27985698,30.10435148,23.28018326,19.45503621,0.577699159,1.053148092,1.438898596
*C(C*)c1ccc(cc1)C#N,-1058990.269,-9.505494183,0.616445494,5.118312245,-5.117388151,-0.077262443,0.059070051,16.47985243,23.89937281,12.39152611,13.14865837,-0.202930044,0.178395182,2.271836741
*C(C*)c1ccc(cc1)Cl,-2023496.533,-8.999302958,1.558310647,2.382578583,-2.299133008,-0.539530257,-0.31555541,15.8950343,21.3226353,12.51310361,13.849364,2.126370706,1.322113142,-1.926377696
*C(C*)c1ccc(cc1)Br,-7573426.512,-8.906161005,1.565161189,2.279785605,-2.227190107,-0.44110232,0.206095552,16.68729491,23.00147695,13.32322419,13.7371836,1.920332052,-1.07608144,2.115430811
*C(C*)c1ccc(cc1)C(C(C(C(C(C(C(F)(F)F)(F)F)(F)F)(F)F)(F)F)(F)F)(F)F,-5449660.246,-9.655734231,1.056249054,3.515920375,-2.898774906,1.137178284,1.632674393,27.36484823,31.78342417,25.88127648,24.42984404,-1.138953093,-2.894701753,0.522260024
*C(C*)c1ccc(cc1)C(=NO)C,-1362912.987,-8.455493889,1.126857466,0.681409753,0.474485111,-0.25437578,-0.417703357,20.1152942,27.0970783,16.6851368,16.5636675,-2.639257273,-2.174974295,3.855086208
*C(C*)c1ccc(cc1)C(O)(C)C,-1324080.71,-8.848755748,1.832263632,1.5363075,0.971884352,0.197501081,1.173317887,20.05023512,25.9670598,16.07699012,18.10665543,0.436323264,-0.060059213,-1.577689454
*C(C*)c1ccc(cc1)C(CC)(O)C,-1427355.061,-8.846899807,1.810445396,1.572455762,0.812257607,0.035675586,-1.345950205,21.73522849,27.57313764,18.52091894,19.11162888,0.658310093,-0.299136492,1.318852301
*C(C*)c1ccc(cc1)C(CCC)(O)C,-1530625.331,-8.81813086,1.842036104,1.412411671,-0.678665477,0.290775114,-1.20406384,23.7131638,30.03641946,19.49716699,21.60590497,1.190832404,1.461377366,0.848575292
*C(C*)c1ccc(cc1)C(CCCC)(O)C,-1633900.405,-8.835391812,1.807864599,1.64906583,-0.601301749,1.178495964,0.984378779,25.32404502,29.89105165,22.88156503,23.19951839,-2.333363968,0.809312606,0.849716327
*C(C*)c1ccc(cc1)C(CCCCC)(O)C,-1737171.41,-8.835790913,1.803039665,1.669124753,-0.081215181,-1.299734504,1.044065014,27.10606414,31.43122067,26.80969379,23.07727795,1.469094826,-1.269001451,-2.389485671
*C(C*)c1ccc(cc1)C(CCN(C)C)O,-1675979.72,-8.555768721,1.905673497,1.393734134,0.173142402,1.371349947,-0.178650128,24.92272417,30.10276393,25.148424,19.51698458,1.573078667,0.55753751,-0.203066666
*C(C*)c1ccc(cc1)C(CCN1CCCCC1)O,-1982685.353,-8.608917093,1.928328672,2.78988865,-0.481849201,-2.176539015,1.677491564,29.19782739,33.82990883,27.90522564,25.85834769,-2.523344633,0.228599309,2.796857258
*C(C*)c1ccc(cc1)C(CCN1CCOCC1)O,-2076950.889,-8.623697227,2.031209027,2.303984407,-0.570956994,-1.999651359,0.991840059,28.81497057,37.65888179,23.25695208,25.52907784,1.462236827,0.072744225,-2.272581033
*C(C*)c1ccc(cc1)COC,-1220741.889,-8.880008462,1.842509727,1.344431874,-0.642538753,0.992901863,0.639364454,18.21037472,22.93492489,14.22998904,17.46621023,-2.401851341,0.332187688,0.314685259
*C(C*)c1ccc(cc1)COCCO,-1521605.177,-9.034599971,1.670159308,2.856673821,-2.7185293,0.240877562,-0.843896775,20.6225418,26.50481285,16.43063386,18.9321787,-1.019049159,-0.146601889,-0.894619602
*C(C*)c1ccc(cc1)COCCC,-1427298.389,-8.919660271,1.767353454,1.475937782,0.767840458,-0.54394421,-1.137074343,21.75240824,27.57934787,17.57757075,20.1003061,-2.426989346,-1.03684468,-0.594195508
*C(C*)c1ccc(cc1)COCCCC,-1530571.04,-8.9222145,1.76741997,1.42609193,-0.754887142,0.97226621,0.720126386,23.50601155,29.23579163,19.58646275,21.69578025,-2.323741933,0.425247429,1.042515752
*C(C*)c1ccc(cc1)COCCCCO,-1728151.297,-8.76606195,1.913965427,2.697302117,1.025469594,-2.465853201,0.378706761,24.02923552,29.3198229,22.14085335,20.6270303,1.893147328,-0.327732007,-2.015549817
*C(C*)c1ccc(cc1)COC(CC)C,-1530584.434,-8.901319465,1.770926229,1.406367279,0.708960606,-1.122613668,-0.463661876,23.53759579,29.0023507,19.60897824,22.00145843,-3.154675601,0.487072023,0.96253907
*C(C*)c1ccc(cc1)COCCCCCC,-1737115.95,-8.921912456,1.769541885,1.411309791,-0.649622459,0.96811548,-0.79532283,27.19591777,34.22711658,22.51169391,24.84894281,-2.179363338,-0.128891007,-1.475806519
*C(C*)c1ccc(cc1)COCCOCCCC,-1934657.971,-9.103643397,1.526286606,2.384005561,-1.098067647,-1.098399494,1.808659312,26.99325359,27.68267911,22.88376304,30.41331863,-0.395704747,-1.228165483,-0.086810764
*C(C*)c1ccc(cc1)C(=O)N(C)C,-1466335.933,-9.026317471,1.238017193,3.517231228,-0.116488799,0.565310253,-3.469548989,21.31286487,28.18128101,17.33340846,18.42390513,1.222803623,2.306740118,-2.246805832
*C(C*)c1ccc(cc1)C(=O)N(CC)CC,-1672893.272,-8.995363357,1.320031702,3.628751973,1.403354597,-1.087399324,-3.164806387,24.6224893,31.63407998,20.47245388,21.76093403,-1.738600492,0.669367381,-1.013673241
*C(C*)c1ccc(cc1)C(=O)N1CCCCC1,-1773026.257,-8.989354058,1.219587781,3.349354593,-0.326926576,2.806053851,-1.799265682,25.84731842,33.77600582,23.26363004,20.50231939,0.239979319,2.679190974,0.462418779
*C(C*)c1ccc(cc1)C(=O)CCN1CCCCC1,-1979513.365,-8.543681318,0.775042116,3.10993755,1.673789324,1.519627522,2.135620064,29.06603644,33.64285944,27.72245822,25.83279167,-1.541349408,3.044977831,-1.312071656
*C(C*)c1ccc(cc1)C(=O)N1CCOCC1,-1867295.514,-8.913029368,1.08691462,3.141335079,1.87738565,-2.512745261,0.171815174,24.75919691,31.59659245,20.78695814,21.89404013,-1.652132802,-3.805967824,-1.492913849
*C(C*)c1ccc(cc1)C(=O)OC,-1415273.45,-9.274398142,0.848579782,2.055704865,-0.994445817,1.464543265,-1.04504212,18.80999537,26.03483602,16.26684061,14.12830947,-0.156269819,1.137679745,-2.716234222
*C(C*)c1ccc(cc1)C(=O)OCC,-1518558.331,-9.252379981,0.874445823,2.123516598,-0.970412335,1.792437477,-0.595642959,20.67249194,28.29468956,19.25258045,14.47020581,-0.001800615,-0.892989847,-2.025922279
*C(C*)c1ccc(cc1)C(=O)OCCC,-1621833.014,-9.267375338,0.843067988,1.979084297,1.000578139,1.588976234,0.625118046,22.37563811,29.95437715,19.95750011,17.21503707,0.769131907,-1.198423712,2.051884
*C(C*)c1ccc(cc1)C(=O)OC(C)C,-1621846.582,-9.242328151,0.87603465,2.014864709,0.647488929,-0.926728407,1.667816639,22.50617177,30.37906099,16.69403343,20.4454209,-1.742975806,0.181869192,-2.067393358
*C(C*)c1ccc(cc1)C(=O)OCCCC,-1725105.476,-9.266738884,0.844291459,2.049592742,0.966950369,-0.007572376,-1.807146937,24.17512036,31.33916241,18.73595638,22.45024228,2.299847926,-0.673031236,0.430624734
*C(C*)c1ccc(cc1)C(=O)OCC(C)C,-1725111.719,-9.270193627,0.83877789,1.940352817,0.933482859,1.668189492,-0.332750096,24.31659045,32.85744989,22.06102217,18.0312993,1.358322436,0.943337859,-1.472083985
*C(C*)c1ccc(cc1)C(=O)OCCCCCC,-1931650.099,-9.27085209,0.836126514,2.034035512,0.024175384,-0.793521933,1.872708989,27.67862754,32.93777798,22.43480614,27.66329852,3.215221686,-1.725404159,-3.356492443
*C(C*)c1ccc(cc1)C(=O)CC,-1320923.064,-9.261826109,0.613425156,3.150012326,-1.919912793,-2.471212652,0.360028541,19.95006039,27.41021539,18.84503934,13.59492646,1.20240501,1.000377147,-1.23532007
*C(C*)c1ccc(cc1)C(=O)CCC,-1424195.043,-9.255739401,0.614502981,3.040977979,-1.770654362,0.84226255,2.324419066,21.82003066,29.76704542,15.24260851,20.45043806,-1.891665277,-0.140264189,1.461914082
*C(C*)c1ccc(cc1)C(=O)CCCC,-1527468.815,-9.269513148,0.58343808,3.117372567,-2.365240027,-0.187134481,2.022036603,23.70553593,32.82113523,16.67089663,21.62457593,1.200548035,0.364101864,0.569411624
*C(C*)c1ccc(cc1)C(=O)CCCCC,-1630741.295,-9.268414701,0.583628834,3.08742739,2.204587761,-1.080857332,-1.871830152,25.51601196,34.47143577,20.98873576,21.08786435,1.105463757,-1.469888895,2.102420618
*C(C*)c1ccc(cc1)C(=O)CCCCCCC,-1837284.466,-9.2506607,0.621276894,2.983607483,-1.504759176,2.32184889,-1.116526385,29.30811817,40.33221507,26.09325265,21.4988868,-0.43816621,0.918551456,-2.549202163
*C(C*)c1ccc(cc1)C(=O)Cc1ccccc1,-1824622.977,-9.043064069,0.494246221,3.16797627,1.36506932,2.280324355,1.724175233,27.82728611,31.67464082,26.81503101,24.9921865,0.358569822,-0.872683233,2.727531933
*C(C*)c1ccc(cc1)C(=O)c1ccccc1,-1721348.319,-9.214052157,0.282505338,3.212917317,-1.223478501,2.662005835,-1.318962844,26.79607796,37.18545812,24.30048944,18.90228631,0.488468332,-1.020480661,-3.112415147
*C(C*)c1ccc(cc1)C(=O)c1ccc(cc1)C,-1824631.251,-9.12856911,0.352246879,3.386846082,-0.378338031,-2.825796189,1.828240305,29.03050021,40.66818373,25.3102573,21.1130596,-0.425557559,0.787500708,-3.940703138
*C(C*)c1ccc(cc1)F,-1077319.773,-8.968492873,1.631679035,1.834553905,1.772306016,0.151784268,0.448866296,13.73336042,17.1346125,14.13635893,9.929109826,0.393114442,1.51247925,-0.757324659
*C(C*)c1ccc(cc1)I,-844862.3248,-8.695871072,1.304860763,2.106153922,-2.04125315,0.234163598,0.462965795,17.92688357,25.19977158,14.87901214,13.70186699,-1.520955322,-2.763796043,-1.802681938
*C(C*)c1ccc(cc1)N(C)C,-1168563.5,-7.458342441,2.106821887,1.475380135,-1.464952079,0.119927744,-0.127590304,19.55960356,26.35387859,18.71834557,13.60658652,-0.937838094,-1.339986891,-0.720521301
*C(C*)c1ccc(cc1)OC,-1117480.641,-8.234078418,1.93010561,1.221663445,0.50042781,0.647291322,0.907219667,16.56881187,22.14022769,13.29004887,14.27615905,-0.743664287,-0.325534488,2.317466902
*C(C*)c1ccc(cc1)OCC,-1220762.511,-8.179435081,1.929792758,1.286071354,-0.489212048,1.188716212,0.040060788,18.37973115,24.44173356,17.22917035,13.46828954,-0.202987173,0.51548013,0.930424272
*C(C*)c1ccc(cc1)OCCC,-1324040.456,-8.216370002,1.936924945,1.097313031,0.316993821,-0.781615816,-0.701917034,20.35643504,27.31111223,17.50439684,16.25379604,-0.677429185,-0.036866086,2.083669706
*C(C*)c1ccc(cc1)OCCCC,-1427312.744,-8.214111831,1.938027604,1.046922449,-0.377756152,0.666908042,0.71314835,22.27562846,30.14229566,17.95777753,18.72681219,0.80157813,0.372532265,2.250482561
*C(C*)c1ccc(cc1)OCCC(C)C,-1530590.273,-8.229325155,1.924880127,0.921189041,-0.182066911,0.88655301,0.171652698,24.01380482,31.52893308,21.60120856,18.91127282,0.311165724,-1.934469885,1.014705257
*C(C*)c1ccc(cc1)Oc1ccccc1,-1621196.812,-8.339648374,1.560611506,1.34476548,0.568895175,0.082262197,1.215724232,25.05575826,33.8775966,19.04054714,22.24913106,3.115429942,1.442218331,0.053157856
*C(C*)c1ccc(cc1)c1ccc(cc1)c1ccccc1,-2030630.892,-8.135934135,0.813320985,0.456267043,0.455020441,0.00499187,0.03333309,37.08831813,58.48951541,31.49030978,21.28512921,-0.664174821,-1.030816244,-1.260321032
*C(C*)c1ccc(cc1)S(=O)(=O)OCCC,-2764704.017,-9.828745242,0.681812134,6.554428095,-3.141704239,2.443316292,5.207727684,23.19061299,26.21323449,21.21712708,22.1414774,-0.731983432,-3.824378876,0.534538984
*C(C*)c1c(cccc1Cl)Cl,-3230340.077,-9.363722503,1.271950236,1.072470054,-1.029675967,-0.145173447,0.262457789,17.62557095,19.92455787,19.90873889,13.04341609,0.311494101,-0.821031231,3.634872101
*C(C*)c1c(cc(cc1)C)C,-1023210.083,-8.552053123,2.151147298,0.414115016,-0.289639252,0.237228826,-0.176982581,17.56672377,22.21479234,17.43667696,13.048702,0.539149548,0.773384714,-2.680859247
*C(C*)c1c(cc(cc1)C(C)C)C(C)C,-1436306.742,-8.624234621,1.987644507,0.253527622,-0.236562996,-0.067968143,-0.060782689,24.75521506,29.00183815,25.14180116,20.12200588,-1.026560984,1.66193486,1.166463159
*C(C*)c1c(cc(cc1)F)C,-1180599.387,-8.79430105,1.807952379,2.210194231,-2.061703545,0.68380583,-0.4083462,15.51892137,18.68202329,17.33952339,10.53521743,-0.230787625,1.407590363,-0.767530836
*C(C*)c1c(cc(cc1)Cl)C,-2126777.588,-8.867893513,1.640404342,2.621768708,-2.459734188,0.427395176,0.800445028,17.73777764,22.66393582,17.9499563,12.5994408,-0.80203101,-2.971043989,0.213688348
*C(C*)c1c(cc(cc1)Cl)Cl,-3230340.188,-9.215716123,1.223419348,2.203814333,-1.302801827,-1.76276384,0.228404595,17.87956167,22.90292875,18.3505246,12.38523167,-0.289698946,-3.167567639,0.676351549
*C(C*)c1c(ccc(c1)C)C,-1023211.657,-8.581144044,2.022919494,0.286669818,-0.222330911,-0.18081184,0.0074585,17.57859832,21.76608445,18.42429818,12.54541234,-0.053126357,-0.751245607,1.404948618
*C(C*)c1c(ccc(c1)C(C)(C)C)C,-1333035.623,-8.614763148,2.024167602,0.341203468,0.316851814,-0.126094164,0.011180195,22.96892472,28.03143349,23.57699134,17.29834933,1.192321602,0.888822675,0.25803127
*C(C*)c1c(ccc(c1)C(C)C)C(C)C,-1436306.256,-8.608251951,1.992727378,0.284806046,-0.170577896,0.223003189,-0.047825125,24.84621892,30.38312424,24.33769071,19.8178418,0.525278331,-1.102918485,-1.026300307
*C(C*)c1c(ccc(c1)Cl)Cl,-3230341.511,-9.140559558,1.235045848,0.659672622,-0.655516854,0.016997828,-0.07194926,17.85684688,20.93125353,20.80792639,11.83136072,2.909366918,1.854529607,0.042066305
*C(C*)c1c(ccc(c1)F)F,-1337990.373,-9.071468064,1.397136781,0.52414845,-0.512306346,-0.095424069,0.056285459,13.72616795,17.1088027,14.47862569,9.591075465,0.251964172,-1.325130896,0.408663128
*C(C*)c1c(ccc(c1)C)F,-1180605.064,-8.81448496,1.74826216,1.555038729,1.105405321,-0.978155693,0.489321943,15.67935262,19.40402792,16.39838174,11.23564821,0.381642024,1.56208683,-0.861623427
*C(C*)c1c(ccc(c1)Br)OCCCC,-8184094.466,-8.350909558,1.6302843,3.109760795,3.094869493,-0.099119302,0.287350639,25.04311361,32.54112578,25.20708402,17.38113105,-3.448496231,0.875102771,0.94093458
*C(C*)c1c(ccc(c1)Br)OCC,-7977547.703,-8.357898466,1.634684417,3.168815659,2.575514704,-1.627464368,-0.871479444,21.31049711,23.61275458,19.40493399,20.91380277,-6.729709198,-0.427316151,-1.627414976
*C(C*)c1c(ccc(c1)Br)OC,-7874261.372,-8.384991232,1.616542318,3.003024065,2.029368295,-2.194423949,0.290381461,19.37692504,20.26565796,25.01440905,12.85070811,-1.613861759,0.431016697,-1.312213432
*C(C*)c1c(ccc(c1)Br)OCCC,-8080821.985,-8.354403313,1.628158751,3.137043717,2.875234391,-1.118705207,-0.567951704,23.13136138,27.11357354,24.89379486,17.38671573,-4.895863622,-1.921514639,-2.241441446
*C(C*)c1c(ccc(c1)Br)OC(C)C,-8080831.874,-8.312008876,1.636086062,3.24919899,2.877825034,-1.494028475,0.208077066,23.10923941,26.21479364,26.20388245,16.90904215,-4.290514952,1.266351096,2.073434411
*C(C*)c1c(ccc(c1)Br)OCCCCC,-8287367.19,-8.348541101,1.630687506,3.164444281,3.159009338,-0.181533644,0.037591879,26.85778599,35.00118864,26.69654861,18.87562071,3.146826623,0.139763313,-0.398111184
*C(C*)c1c(ccc(c1)Br)OCCC(C)C,-8287373.419,-8.363090655,1.618884608,3.012213759,2.950312153,-0.483536553,-0.367807472,26.76692448,33.92356117,24.18063885,22.19657342,-4.444686474,0.012413998,-3.341115721
*C(C*)c1cc(cc(c1)C)C,-1023213.277,-8.780485761,2.04589519,0.070352928,-0.066544741,-0.015479498,0.016784429,17.69387006,20.96743633,15.6176091,16.49656476,-0.347128191,0.256552329,3.736899823
*C(C*)c1cc(c(cc1)C)C,-1023214.346,-8.588705003,2.110263506,0.373009848,0.264958328,-0.237228929,0.112498296,17.63583116,22.27760816,18.11005942,12.51982591,-0.004300318,1.763919169,-0.258111489
*C(C*)c1cc(c(cc1)Cl)C,-2126781.506,-8.871140723,1.669089993,2.090456993,1.792526475,1.004815952,0.383671969,17.75986348,23.02478678,15.49036857,14.7644351,2.144877974,-0.850084109,2.857938546
*C(C*)c1cc(c(cc1)Cl)Cl,-3230329.865,-9.161668551,1.261570026,3.301515168,-2.728155925,-1.826777635,0.346483947,17.87910759,22.85570729,18.05629535,12.72532015,2.204551998,0.54454022,-2.604557051
*C(C*)c1cc(c(cc1)Cl)F,-2284155.656,-9.119951218,1.328703327,3.172775501,2.79919861,0.732359942,-1.30178356,15.92370921,21.05978875,14.7178777,11.9934612,-1.172321235,-2.817524953,-1.469958695
*C(C*)c1c(cc(cc1C)C)C,-1126490.473,-8.484125864,2.04441204,0.290556383,-0.25542906,0.007314251,-0.138295005,19.41973563,22.88940183,20.62090253,14.74890253,-0.908964371,2.866275264,1.633498734
*C(C*)c1c(cc(c(c1)C)C)C,-1126494.247,-8.396490216,2.116508097,0.069646845,-0.065409196,-0.017739235,0.016051155,19.49818929,24.55159536,19.76346711,14.17950541,0.176270175,-1.021590566,2.079087688
*C(C*)c1c(c(c(c(c1F)F)F)F)F,-2119910.146,-9.655426085,1.224120297,2.131968446,-2.094428826,-0.235298898,0.32139038,13.90761511,17.4941274,14.96324971,9.265468228,0.216881469,-1.123954828,0.316262623
*C(C*)(c1ccccc1)C,-919926.4384,-9.029720909,1.953701983,0.286411467,0.278966802,-0.007520971,0.064439794,15.5554744,19.36646465,12.56800246,14.73195609,0.659768473,0.147052963,-1.681529604
*C(C*)(c1ccc(cc1)C(C)C)C,-1229756.105,-8.729988206,1.935973218,0.000146443,9.86E-05,7.12E-05,-8.16E-05,21.30768115,27.79360485,17.27681041,18.85262819,0.230546588,-0.415752819,1.112078025
*C(C(*)(F)F)(c1ccccc1)F,-1598664.275,-9.593549107,1.440663909,2.142285817,2.118535515,-0.317870899,0.012405057,13.80386031,17.25816199,9.79394189,14.35947706,-0.949280724,0.031696316,-1.103599921
*C(C(*)(F)F)(c1c(c(c(c(c1F)F)F)F)F)F,-2901900.621,-10.11455314,0.480742988,0.556692105,0.549990485,-0.006669594,-0.085860833,14.1600694,17.79230648,15.08524118,9.602660526,0.477099373,-1.28728468,0.799076102
*C(C*)c1c2c(ccc1)cccc2,-1220268.91,-8.127041789,0.836876695,0.29296147,-0.280133573,-0.084059245,-0.016901116,20.97635499,24.35482364,25.78834002,12.78590132,-1.674747345,-1.253560499,0.868466428
*C(C*)c1ccc(cc1)C(=O)C,-1217648.393,-9.279628375,0.592187284,3.287610329,-2.275315631,2.362889434,-0.219257786,18.11463424,24.7704439,17.74294532,11.83051351,-0.306041634,0.477585791,-0.210906546
*C(C*)c1ccc(cc1)C(=O)CCN1CCOCC1,-2073785.998,-8.748298819,0.641377881,3.738481679,-2.749278948,1.824722079,1.757299025,28.013989,33.47190071,24.33843326,26.23163304,-2.413862098,2.041020947,0.451229241
*C(C*)(C(=O)OC)c1ccccc1,-1415261.453,-9.195707944,1.725341357,1.561496649,-0.175277902,1.153704238,1.037552877,18.04151744,20.51968405,15.74886129,17.85600697,1.581835995,1.062539231,1.101861269
*C(C*)(c1ccc(cc1)C)C,-1023207.224,-8.715668415,1.995843819,0.085075864,0.08276285,-0.019664184,0.001238209,17.59366611,22.76233382,14.63006998,15.38859451,0.3269147,-1.051221642,1.966017105
*C(C(*)c1ccccc1)[N+](=O)[O-],-1353851.448,-9.407374674,0.608511017,3.410947802,-1.319618203,-3.078753147,-0.643779283,15.75575874,17.54220416,16.25640274,13.46866932,-0.830063952,-1.718583132,-0.822969958
*C(C*)c1ccc(cc1)C(=O)C(F)(F)F,-1999682.886,-9.670174856,-0.151436822,4.227197266,-4.166998932,0.34998013,-0.618733013,18.43020334,25.51099849,15.97026392,13.80934761,-0.25621819,0.852711359,-2.553934195
*C(C*)c1ccc(cc1)C(=O)c1ccc(cc1)OC,-2022184.352,-8.674030755,0.451904041,2.69641417,-0.79828836,2.53658017,0.446257904,30.07132642,43.36549923,27.75034455,19.09813547,-0.335211351,-0.106133566,0.085262941
*C(C*)c1cc2c(cc1)cccc2,-1220271.478,-8.17058215,0.893447003,0.412505555,-0.408052717,0.038779044,0.04636808,21.39091223,29.64211342,21.0650957,13.46552757,-2.159617779,-3.325998637,-0.58444434
*C(C*)c1ccncc1,-858779.0156,-9.635012171,1.465823041,2.663902926,-2.609133242,-0.309630654,0.439239552,12.95000222,15.86771761,13.75994433,9.222344707,0.298870478,-0.771587937,0.487204774
*C(C*)c1nc(ccc1)C,-962075.1226,-9.139518852,1.4302675,1.448243197,0.380113515,-1.180127458,-0.748479295,14.99595812,18.27358459,15.03346019,11.68082958,0.044595273,-0.459569169,2.355745729
*C(C*)c1ccc(nc1)C,-962065.9609,-9.078112938,1.444214224,1.980167195,-1.095812357,1.464099144,-0.759388632,15.03216053,19.81332983,14.13065112,11.15250065,0.573802091,0.829103931,-1.435938305
*C(C*)N1Nc2c(C1)cccc2,-1207470.823,-8.208824203,1.793298344,0.898520692,0.70954924,-0.53523513,0.13191916,17.64342912,22.00506571,16.24519209,14.68002957,1.334400522,0.683748011,-2.448773807
*C(C(C(C*)c1ncccc1)c1ccccc1)c1ncccc1,-2321438.647,-8.951152898,1.256395446,2.564564074,-2.381139432,-0.578457306,-0.756671026,35.44556587,39.07207903,39.81101404,27.45360453,-2.206431419,-5.249237503,2.141177303
*C(C*)c1ccc(cc1)O,-1014250.79,-8.323026849,1.876728759,1.353992536,-0.128398226,1.346432996,0.062672725,14.54339364,18.55616014,14.76049068,10.3135301,-0.278499706,1.908970862,0.210862326
*C(C*)c1ccc(cc1)OC(=O)C,-1415264.891,-8.885938291,1.811232567,1.457078563,0.134778431,0.290417825,-1.421467622,18.47004889,24.77279787,14.33942625,16.29792255,0.556349137,0.475210687,1.905242573
*C(C*)c1ccc(cc1)CCC,-1126479.033,-8.724661092,1.934721255,0.140647471,0.05111391,-0.109286445,-0.072287983,19.31581543,24.44534463,17.78875759,15.71334405,1.337562604,0.043200424,-1.504638459
*C(C*)c1ccc(cc1)COCCCCCCOc1ccc(cc1)c1ccc(cc1)OC,-3449479.107,-7.704002921,1.615332232,1.726917865,-1.161258316,0.635915553,-1.108754188,53.20013081,71.3467925,43.57693083,44.67666911,6.509999406,1.177254797,-4.597694776
*C(C*)c1ccc(cc1)COCC(CCCC)CC,-1943681.154,-9.018481001,1.6420104,1.456372438,-1.255983696,-0.604582608,0.421906984,30.19604616,31.55797523,25.47734369,33.55281955,1.119829189,-4.666155113,-0.949655842
*C(C*)c1ccc(cc1)COCCOCCCCCCCC,-2347749.772,-8.753594981,1.938177364,1.922708434,1.618610675,0.794759512,-0.667281442,35.18835311,41.6686839,36.04295905,27.85341639,-0.339900403,1.297353078,0.637359084
*C(C*)c1ccc(cc1)C(C(C(C(C(C(F)F)(F)F)(F)F)(F)F)(F)F)(F)F,-4564351.784,-9.621165126,1.089599887,2.821371674,-2.298359043,-1.635946726,-0.036907225,25.20577724,29.23074323,24.09182942,22.29475907,1.469119214,2.323895364,0.299604498
*C(CC(C*)c1ccccc1)(C(=O)OC)C#N,-1864134.258,-9.353921328,1.590560804,5.233020352,0.465057028,1.958403183,-4.830412088,23.44240233,23.69414082,22.9728358,23.66023038,-2.317293995,-1.221091464,-1.416426123
*C(C*)c1cc(c(cc1)C(=O)O)C(=O)O,-1807402.394,-9.603688604,0.422415621,3.132483197,1.452333958,-1.912381821,2.011460371,19.58978691,24.94988823,20.05503594,13.76443656,0.707099295,1.98902665,-1.743958514
*C(C(*)(c1c(c(c(c(c1[2H])[2H])[2H])[2H])[2H])[2H])([2H])[2H],-816650.7314,-9.030828623,1.972373725,0.308257695,-0.307335374,-0.010986018,0.021144306,13.76434065,17.08756239,14.3047898,9.900669767,0.230454377,-1.180150893,0.562929651
*C(C*)O,-407250.2355,-10.19812515,2.820924933,1.665678906,0.658414809,-0.054038577,-1.529070302,4.692027313,4.927243409,4.698476903,4.450361628,-0.097241111,-0.176521383,-0.033233218
*C(C*)C=O,-507351.1046,-9.747383456,1.685012252,2.771999453,-2.055375414,1.803140149,0.456178127,6.002341975,6.597649548,5.931508773,5.477867603,-0.868260583,-0.351826673,-0.212386014
*C(C*)OC(=O)CCCCCCCCCCC,-1841021.681,-10.28287607,2.589759535,1.543949771,0.739442443,0.059953869,-1.354035192,26.34719934,31.1935014,24.33745048,23.51064612,0.721972755,-1.093329793,0.309526672
*C(C*)C(=O)C,-610659.6616,-9.585158489,2.022344441,2.747687419,-0.349766734,-1.929211747,1.924991278,7.699397332,8.632806154,7.230005353,7.235380488,-0.097657512,-0.347378433,-0.90598074
*C(C*)C(=O)C(C)C,-817208.1615,-9.450553877,1.953343579,2.658544152,-0.448437914,2.430724689,0.97894736,11.16615886,12.70740109,11.40179854,9.389276964,-0.039420122,-0.057410318,0.344396789
*C(C*)(C(=O)C)C,-713933.5074,-9.479103283,1.929872884,2.765242559,-0.09880309,0.213729233,2.75519948,9.435239537,10.10208496,8.284953361,9.918680291,0.578559038,-0.094466804,0.565006384
*C(C*)C#N,-452008.9285,-11.6387207,2.326917877,3.961143901,-3.462757604,1.812149432,-0.645046675,5.938281827,7.321478037,5.567717149,4.925650294,-0.813577502,0.376917329,-0.200795919
*C(C*)(C#N)C,-555284.9152,-11.54622776,2.339040359,3.979470869,0.964609299,-3.077994963,2.330593123,7.738192096,7.474246833,8.481823376,7.258506079,-0.35506059,0.373038399,-1.222071667
*C(C*)c1ncccc1,-858784.9427,-9.400859548,1.396165204,1.794817904,1.013640828,1.409267509,-0.455926168,13.03424323,16.38700081,12.50876692,10.20696195,0.15632724,0.974508711,-1.842184224
*C(C*)n1c2ccccc2c2ccccc12,-1565924.285,-7.728115601,1.050737639,1.825060875,-0.511371202,-1.749388894,-0.09479024,26.00348137,35.00622041,28.09129739,14.91292632,-2.281234377,1.024788956,1.50648725
*C(C*)OC,-510487.2198,-9.758385388,3.07721184,1.212547855,0.314295603,-1.068934457,-0.478403284,6.519484201,7.5554457,6.077866318,5.925140585,0.104877189,-0.039196293,0.075578788
*C(C*)OCC,-613768.1796,-9.680308308,3.048899093,1.226313228,0.349553011,-0.643747915,0.983486374,8.276688564,9.6366395,7.544609688,7.648816504,0.068005525,0.174910738,0.052094759
*C(C*)OC(=O)C,-808295.0255,-10.30841695,2.65813703,1.712896593,-0.125986821,-0.12404363,1.70374741,8.299742139,9.6291419,7.132657151,8.137427368,0.467861763,-0.101548938,-0.15819071
*C(C*)OC(=O)CC,-911569.5386,-10.28228628,2.781263027,1.77546465,-0.605223417,1.642767524,-0.295455916,10.11048507,12.2644455,9.857157067,8.209852629,-0.48945273,-0.040278365,-0.304458937
*C(C*)OC(=O)c1ccccc1,-1312003.269,-9.599280015,0.775461419,1.736592251,0.408548553,1.581570563,-0.589470339,16.62404319,22.09256996,15.63114162,12.14841798,0.493083051,1.150330206,-2.359419212
*C(C*)CCCCCCCCCO,-1336701.308,-10.07576469,2.797669232,1.566189344,0.039239373,-1.005306658,1.200319898,20.89865316,25.88491598,18.45281808,18.35822542,-0.067022953,0.234733405,-0.436272292
*C(C*)CCN(C(C)C)C(C)C,-1181221.725,-8.120159961,2.772454483,0.669205875,-0.533413274,-0.139076599,0.379426517,19.17858562,20.14268417,19.2930856,18.09998709,0.011802684,-0.415060054,0.061224605
*C(C*)CCCN(C(C)C)C(C)C,-1284489.762,-8.030227766,2.81053956,0.510800759,-0.204394121,0.353986981,-0.30632283,21.28397833,23.64259436,20.26948099,19.93985963,-0.147530208,-0.472610327,0.541073379
*C(C*)CCCN(CC(C)C)CC(C)C,-1491055.953,-8.475404949,2.831874316,0.656342135,-0.323705625,0.147165096,-0.551672095,24.77857958,25.48023786,25.38974358,23.4657573,0.561215208,0.618344397,0.620424977
*C(C*)O[N+](=O)[O-],-944357.3901,-11.46804333,0.829489211,3.495154114,-3.346537074,-0.947916022,-0.343870774,7.198722206,9.005901576,7.008021684,5.58224336,0.468096545,0.10387338,0.844325329
*C=CC(C(*)C(=O)OC)C,-1114870.927,-9.718652522,2.58435534,1.553611277,0.476464412,-1.355761544,0.590423831,13.64616607,17.07493608,12.3074938,11.55606832,-0.882289403,-1.203486293,0.226987208
*C#C/C(=C(*)\COS(=O)(=O)c1ccc(cc1)C)COS(=O)(=O)c1ccc(cc1)C,-5309913.845,-9.456401777,0.23239324,0.136514882,-0.123429514,-0.044861764,-0.037267819,43.92259925,50.60377375,37.2306097,43.93341429,-2.239890602,-7.545915635,0.906649484
*C(C*)OC=O,-704992.9735,-10.63663255,2.523238264,1.779140346,-0.982841885,0.078715091,-1.48093421,6.527393777,7.372012722,5.573534405,6.636634204,0.270107483,0.325117865,-0.111941684
*C(C*)OCc1ccccc1,-1117473.704,-9.156135288,1.842349093,1.098428123,-0.39951675,0.129148069,1.015013046,16.19437502,19.17642113,15.8784786,13.52822533,-1.459156539,-1.33084171,-1.761269444
*C(C*)OC(C)(C)C,-820336.5472,-9.605221484,2.852165991,1.177375737,-0.331616779,0.992101446,0.540350497,11.78055967,13.03223132,11.18818645,11.12126123,0.241516208,-0.223511076,-0.004479891
*C(C(*)OCC(C)C)C,-923599.4841,-9.752056447,2.943832222,0.975083605,0.055190977,-0.591801161,-0.772989895,13.64536897,15.5761596,12.81861734,12.54132997,0.537848368,0.031859625,0.230979148
*C(C*)OC(C)C,-717055.8916,-9.661700362,2.989205755,1.159552625,-0.24926717,1.041555992,-0.444510163,10.0921147,11.47949914,9.741440237,9.055404715,0.23978323,0.166127516,0.212281077
*C(C*)(OC)C,-613770.3794,-9.692718522,2.975483464,1.243635427,0.070012011,-0.564456516,1.105945855,8.263044657,9.145741166,8.112954919,7.530437885,-0.232138108,-0.08803174,-0.179298173
*C(C*)OCC(C)(C)C,-923608.2127,-9.767260672,2.832084518,1.069987016,0.178722199,0.546886358,0.902134082,13.65353651,15.33737135,12.76989381,12.85334437,0.346284429,0.086010844,0.122737306
*C(C*)OC(CC)C,-820328.912,-9.654914183,2.882503093,1.137398222,0.030183837,-0.140512601,1.128281817,11.7526616,12.63972019,11.70651754,10.91174708,-0.676535909,0.136447477,0.272869824
*C(C*)OC(=O)C(F)(F)F,-1590315.328,-11.27543967,1.544571707,2.979767665,-2.766958358,0.594036253,0.93277956,8.530866278,9.764484221,7.409647617,8.418466995,-0.238552514,-0.2514637,0.106735633
*/C=C/C(C*)OC,-713798.4516,-9.708645497,2.477696814,1.289938211,0.515143525,0.553943882,1.044851143,10.04788101,11.95059235,9.169087769,9.023962901,0.615872702,-0.861764944,-0.278334886
*C=CCC(CC*)(C(=O)OC)C,-1321423.899,-9.551183779,2.545965614,1.870103192,0.783693794,0.752677778,1.522033557,17.03257427,18.46287177,17.40992628,15.22492476,1.750215995,-0.077056276,0.298891369
*C(C*)CCc1c(cccc1)C,-1126477.22,-8.83160355,1.984716137,0.467151578,0.175231939,-0.42974824,-0.053299294,19.09873867,20.80665403,20.82755043,15.66201155,-1.10108172,-2.274316044,0.040733961
*C(C*)CCc1ccc(cc1)C,-1126477.935,-8.709533115,1.951269448,0.226016972,0.136196829,0.111292247,0.141944113,19.19073268,24.04278271,14.85379502,18.67562032,1.322916752,0.054972127,-0.99371287
*C(C*)OCCCCCCCCCCCC,-1646490.745,-9.641822051,2.879623411,1.124476232,-0.484116725,-0.424509561,0.92188363,26.25953714,31.64117092,24.63699629,22.50044421,0.60369564,0.085724084,-0.122876712
*C(C(*)OCCCC)C,-923590.3256,-9.665570701,2.862234328,1.080887503,0.495660712,-0.693801642,-0.664287237,13.50513116,14.91971669,13.37318026,12.22249652,0.183028136,0.324199528,-0.48183708
*C(C(*)OC(C)(C)C)C,-923611.5288,-9.585339985,2.807283307,1.160881698,-0.506859342,-0.81454601,0.653647246,13.47822108,14.95034631,12.96877035,12.51554659,-0.040775659,0.104617364,0.233818662
*C(C(*)OCC)C,-717042.3841,-9.686013075,3.010112515,1.198179125,0.815565668,0.101527697,0.871881863,10.00164562,11.30135069,9.402585931,9.301000253,-0.267228724,-0.49910963,-0.214772438
*C(C(*)OC(C)C)C,-820327.7824,-9.656925817,2.976057711,1.073888284,-0.043150687,-0.573471408,0.906920398,11.877861,13.8475617,10.47530823,11.31071307,0.394403387,0.344361193,0.076661198
*C(C(*)OC)C,-613758.9124,-9.755317755,3.024319856,1.125396452,0.020106547,0.443091992,-1.034302851,8.286443829,9.805498124,7.402706362,7.651127,0.02702592,0.079582959,-0.13425358
*C(C(*)OCCC)C,-820318.7483,-9.730403337,3.001340513,1.007729072,-0.20288705,-0.71838335,-0.676963877,11.87099247,13.798513,11.11986765,10.69459676,-0.212206849,0.767258558,0.106938715
*C(C*)Cc1c(ccc(c1)C)C,-1126485.593,-8.574791248,1.964388831,0.232673883,-0.218051587,-0.013374456,-0.080073498,19.26842482,20.7608609,20.06282441,16.98158915,0.467428161,3.790522662,-2.112481536
*C(C*)Cc1cc(c(cc1)C)C,-1126488.929,-8.592428997,2.084311778,0.455393959,-0.360273984,0.255929084,0.109939159,19.3449461,23.91628085,19.44838509,14.67017236,0.495072587,-1.766849343,-1.184354101
*C(C*)Cc1cc(cc(c1)C)C,-1126487.956,-8.78019229,2.025390322,0.101575529,-0.073470406,-0.017106632,0.068022427,19.37484165,21.95668157,21.263181,14.90466239,-0.205956462,-2.371875074,-0.182798621
*C(C*)Cc1cc(ccc1)C,-1023206.509,-8.838173894,1.989281352,0.235241187,0.078220542,0.219528768,-0.032048134,17.41457315,20.96787797,18.20465579,13.07118569,-0.793867305,-0.146803364,-0.994379462
*C(C*)Cc1c(cccc1)C,-1023204.663,-8.83588326,1.979780356,0.547324949,0.340765229,0.373627638,0.209394476,17.28090488,19.4298151,18.36694305,14.04595648,-0.114043025,2.448481753,1.655889878
*C(C*)Cc1ccc(cc1)C,-1023205.864,-8.711866855,1.945990364,0.116159107,-0.082299247,-0.013733827,0.080815556,17.49183634,22.09029968,16.43713775,13.9480716,-1.340815502,-1.084698763,-1.615202736
*C(C(*)O)C,-510522.6591,-10.12536907,2.865651236,1.687335701,0.966283558,-1.341151877,0.338687906,6.438344466,7.178570808,5.993231405,6.143231183,-0.047645011,0.219957094,0.168381016
*C(C*)OC(=O)c1ccc(cc1)C(C)(C)C,-1725108.466,-9.237292632,0.886565759,2.130760152,-0.710092412,-1.053432098,-1.710610537,24.29865766,32.58166093,18.81985216,21.49445988,-0.385056316,1.638480354,2.838900039
*C(C*)C(=O)C(C)(C)C,-920486.1956,-9.372582169,2.029158742,2.595958155,-0.176828472,-0.510586183,-2.539100665,12.89043682,14.20248545,11.64359247,12.82523253,0.284538367,0.253555127,0.325577981
*C(C*)C(=O)C1CCCCC1,-1123881.061,-9.321915363,1.789498156,2.480701183,0.32842936,2.204355377,-1.089417224,15.48077337,17.07862059,15.06524107,14.29845847,0.26161626,0.088954679,0.117992863
*C(C*)C(=O)c1c(cccc1)O,-1312001.032,-8.712974896,0.298434742,3.080755788,-0.29498031,-2.01381193,2.312704986,16.87883871,22.1727312,13.65883849,14.80494644,1.681265876,0.997748523,-3.616692752
*C=CC(C*)OC,-713798.4519,-9.707988942,2.47778017,1.290261664,0.336035317,-0.683253494,-1.041642977,10.0473491,11.36448637,9.747435195,9.030125731,-1.286382085,0.753298324,-0.522098226
*C(=CCC*)c1ccccc1,-1019975.201,-8.318219536,1.202674284,0.568975076,0.525716404,-0.009483404,0.217405071,18.26918683,25.67641027,12.25757752,16.87357269,1.339937911,2.182003216,-2.203543578
*C(O)C(*)O,-604818.7539,-10.02257357,2.604343928,2.464283205,-0.561467367,-1.551940401,-1.830007405,5.331021373,5.799634822,5.076073025,5.117356271,0.009492341,-0.280868289,-0.152327696
*C(C*)OCC(CCCC)CC,-1233408.243,-9.682221188,2.939502936,1.15677376,-0.916381249,0.114876639,0.69654454,18.94133296,22.06732248,18.53615148,16.22052492,0.848147964,0.592124419,0.319274995
*C(C*)SCCCC,-1668360.498,-8.497096416,2.659989173,1.778420317,-0.971759847,1.488695593,-0.047403117,14.29066243,17.48655371,12.81662435,12.56880923,0.429316692,-0.459025836,-0.549383348
*C(C*)OC1CCCCC1,-1023733.556,-9.58109526,2.852823264,1.040946208,0.209039642,-0.953296476,0.362073561,14.48869878,16.02162425,13.86050992,13.58396216,-0.129208068,-0.114751842,0.14748945
*C(C*)SCC,-1461817.354,-8.543529828,2.687491601,1.804042466,-0.119081343,0.652608963,-1.677644299,10.48380224,11.60097518,9.602582873,10.24784867,-0.55980911,-0.308977103,-0.238921529
*C(C(*)(F)F)(OC(C(C(C(F)(F)F)(F)F)(F)F)(F)F)F,-3948448.272,-12.57038676,2.822650286,0.47531906,0.375153469,-0.091867783,-0.277035004,12.69207896,14.6703185,11.97670295,11.42921542,-0.575036222,-0.004927311,-0.19982575
*C(C(*)(F)F)(OC(C(F)(F)F)(F)F)F,-2699233.516,-12.5939483,3.165370972,0.435951905,-0.355406358,-0.123402062,-0.220255113,8.830566931,9.983839349,8.460306968,8.047554475,-0.257195751,0.013721262,-0.143888153
*C(C(*)(F)F)(OC(F)(F)F)OC(F)(F)F,-2896882.112,-12.6470376,2.938814131,1.991569471,1.033530245,-0.599571902,1.593322857,9.379748351,10.05454158,9.531827364,8.552876111,-0.261426482,-0.152894367,-0.366077636
*C(C(*)(F)F)OC(F)(F)F,-1813952.676,-12.31439092,3.057651065,1.539871793,-0.330282623,-1.165641809,-0.950472356,6.764133783,7.668714478,6.1884486,6.43523827,0.214367351,0.250800181,0.114612149
*C(C(*)F)(OC(F)(F)F)F,-1813939.702,-12.5052208,3.088718743,1.799781521,-1.583287394,-0.808209838,0.281445215,6.764563748,7.472317591,6.45466888,6.366704773,0.159337241,-0.289144044,-0.292311733
*C(C(*)(F)F)(OC(F)(F)F)F,-2074625.364,-12.573321,3.188127183,0.345318714,-0.304629951,-0.088826739,0.136218272,6.881308211,7.570486508,6.383107495,6.690330629,-0.227234778,0.473727302,0.136306592
*C(C*)OCC(CC)(C)C,-1026874.309,-9.73305236,2.869293381,1.14528998,0.600911418,0.858214231,-0.462669364,15.24271701,16.36376675,14.43778166,14.92660263,0.486647657,0.390268243,0.735527539
*C(C*)SC,-1358541.637,-8.578004238,2.720915735,1.734083026,-0.647472093,1.151141242,-1.123698212,8.705137375,9.969274937,8.344929474,7.801207714,0.166314157,0.219654148,-0.250512888
*C(C*)OCCC,-717042.577,-9.689518423,3.020235219,1.199099089,0.789349929,-0.787248986,-0.441592967,10.02806848,11.5497763,9.369261888,9.165167252,0.465468212,0.143426659,-0.254300486
*C(C*)(C(=O)C)F,-871323.8777,-9.823876405,1.601350532,1.103320036,0.021021866,0.90317331,-0.633364947,7.733170055,8.309212251,7.70824314,7.182054775,-0.402970235,-0.530190638,-0.637306522
*C(C*)C(=O)c1ccccc1,-1114367.028,-9.589423384,0.530306815,2.806715539,1.22092545,2.527247383,-0.003718519,15.89761594,21.08539579,16.6188157,9.988636326,0.754449704,0.099432851,-0.02859867
*C(C*)C(=O)c1cc(c(cc1)Br)OC,-8171969.854,-8.828403788,0.287148266,1.144940203,-1.107085113,-0.035697752,-0.289786634,21.85834874,28.31912669,13.73510912,23.52081041,-1.058113564,-2.998523644,2.354312424
*C(C*)C(=O)c1ccc(cc1)C(C)(C)C,-1527473.349,-9.251582199,0.624034855,3.16863591,-2.147190938,-0.147804716,2.325506046,23.57457597,32.06758622,16.47153192,22.18460976,0.141549203,-0.306333175,-0.323519266
*C(C*)C(=O)c1ccc(cc1)Cl,-2321211.373,-9.494974786,0.24516403,2.22782942,0.490831823,-2.092869674,-0.58498254,18.23334254,26.30011457,16.98396835,11.4159447,0.836355338,0.29398208,1.700017969
*C(C*)C(=O)c1ccc(cc1)CC,-1320923.072,-9.261741484,0.613759766,3.148224462,-2.084467958,2.359294286,0.006408391,19.94913128,27.57194072,19.00946044,13.26599269,-0.419261599,0.69508579,0.354845496
*C(C*)C(=O)c1ccc(cc1)C(C)C,-1424198.909,-9.259147982,0.623132128,3.158228708,-1.628668401,1.330000634,2.356468995,21.80164281,29.71945009,16.3966228,19.28885555,-1.228967005,-1.10740122,2.268619214
*C(C*)C(=O)c1ccc(cc1)OC,-1415203.611,-8.719810426,0.810874363,2.809191021,2.2802783,-0.352185903,1.602451297,19.009249,26.66115792,12.05386241,18.31272666,-2.119485437,1.2896384,-0.324065691
*C(C*)C(=O)c1cc(c(cc1)C)C,-1320932.996,-9.065712734,0.680268189,3.544704446,-2.684240272,-2.308586081,0.173821981,19.91875277,26.85137727,20.09792501,12.80695603,0.268570766,0.983006762,-1.178130184
*C(C*)C(=O)c1ccc(cc1)CCC,-1424197.565,-9.253159308,0.602700922,3.092312806,1.837260905,-1.969632696,-1.519018731,21.67687928,28.44187701,19.7331143,16.85564653,0.434891716,-3.483333954,1.795684785
*C(C*)C(=O)c1ccc(cc1)C,-1217650.126,-9.261422308,0.623312837,3.137580582,-1.917263449,-1.120229301,-2.216663954,18.06116447,24.88823211,12.41599984,16.87926146,1.431904998,0.240245065,2.302091561
*C(C*)OC(=O)c1c(cccc1)OC(=O)C,-1910614.065,-9.460954948,0.68104662,2.716910821,-1.350208407,2.250195849,-0.70367628,20.87968913,23.05866018,21.7844892,17.79591801,1.315425104,2.383234424,4.820415515
*C(C*)OC(=O)c1ccc(cc1)OC(=O)C,-1910618.462,-9.362013844,0.728731198,1.753843388,1.175376386,0.55900564,1.175572063,21.56409721,30.26956761,20.06273546,14.35998856,0.109446964,1.363104661,0.058682129
*C(C*)OC(=O)CCCC(=O)c1ccccc1,-1919539.945,-9.653479167,0.374201454,4.636362687,-2.793441149,3.207670792,-1.84482888,23.12126851,21.25067681,21.46679894,26.64632977,-1.83519229,3.492282496,1.041898053
*C(C*)OC(=O)c1cc(ccc1)Br,-8068775.67,-9.329119852,0.460015333,3.176824078,-1.389133628,2.294376772,1.702455348,19.55799709,26.12216203,17.44842089,15.10340835,-2.269549352,0.390078925,3.64626867
*C(C*)OC(=O)c1ccc(cc1)Br,-8068777.371,-9.35482041,0.459777846,2.040076607,-1.456566373,0.183108773,1.41661503,19.78618805,28.87175758,12.36004038,18.12676619,-0.630709774,0.978927686,0.757789888
*C(C*)OC(=O)c1ccc(cc1)OC(=O)CCC,-2117165.998,-9.346645449,0.742825942,2.866544851,1.095247763,1.42357392,2.234043199,25.33935477,36.05830963,17.95844632,22.00130836,-0.315674063,-0.157102254,1.778459868
*C(C*)OC(=O)c1c(cccc1)Cl,-2518822.004,-9.438704521,0.614361143,1.301929651,0.766145658,0.828110642,0.649826446,18.62355959,24.00831451,12.2326325,19.62973175,0.958791713,-0.536497775,-1.661122292
*C(C*)OC(=O)c1cc(ccc1)Cl,-2518846.195,-9.46549935,0.452540038,0.561142419,0.546000597,0.129290026,-0.00694632,18.69820934,23.18377804,18.91119391,13.99965608,0.849412519,-2.151300801,-3.759393513
*C(C*)OC(=O)c1ccc(cc1)Cl,-2518847.782,-9.483673714,0.474878781,2.112113122,-1.547402322,1.10886178,0.91487346,18.94331671,27.14287049,14.95367291,14.73340673,-0.708200598,1.556871081,2.903779413
*C(C*)OC(=O)C1CCCCC1,-1321501.315,-10.11034794,2.654987434,1.625692488,0.29121387,0.73016634,-1.42299953,16.19526617,18.4383347,14.87421016,15.27325365,1.005843159,0.537665701,-0.490752443
*C(C*)OC(=O)CC1CCCCC1,-1424798.676,-10.2123479,2.617784723,1.365453409,0.196765778,-0.589954829,1.215606655,18.20453859,21.47403513,16.02499909,17.11458154,-1.167604338,0.929600325,0.437925887
*C(C*)OC(=O)CCCC1CCCCC1,-1631340.073,-10.24292256,2.671709673,1.399510598,0.555413575,-1.276110415,0.147268067,21.91802678,27.0144814,20.33392137,18.40567756,0.324352873,1.239622336,0.273581479
*C(C*)OC(=O)c1ccc(cc1)OCC,-1716125.862,-8.68487557,1.098205495,1.799724728,-1.643801895,0.453652921,0.575433274,21.73109913,31.28730193,15.09073012,18.81526533,-0.16623797,-0.608678855,2.235800115
*C(C*)OC(=O)c1ccc(cc1)CC,-1518559.215,-9.259746307,0.853524731,1.973210051,1.018264599,0.065299193,-1.688914186,20.65295648,28.51472736,14.15247811,19.29166397,1.299143545,-0.017716426,0.504012131
*C(C*)OC(=O)C(C(C(F)(F)F)(F)F)(F)F,-2839540.758,-11.3075146,1.304896882,2.960029653,2.599129709,1.09311165,-0.900781449,12.28907836,13.77303719,11.50350684,11.59069104,0.31403617,-0.243037088,-0.278141519
*C(C*)OC(=O)C1(C(C(C(C(C1(F)F)(F)F)(F)F)(F)F)(F)F)F,-4188837.026,-11.31555217,1.307460564,3.314190255,3.014282364,-0.450439393,1.301945938,17.21930011,19.78589448,15.811237,16.06076886,0.05931308,0.990847573,0.050624163
*C(C*)NC(=O)OC(C)(C)C,-1263579.944,-9.568008551,2.728795668,2.113499194,0.485299963,-0.451381544,2.006892496,14.94959877,17.30737064,13.52335575,14.01806991,-1.097780112,-0.697762608,0.289862431
*C(C*)OC(=O)C(C(C(C(C(C(C(C(C(F)(F)F)(F)F)(F)F)(F)F)(F)F)(F)F)(F)F)(F)F)(F)F,-6587187.649,-11.29524543,1.230691774,3.063887273,0.999139911,2.892365133,-0.152802469,23.70739265,25.14894039,24.56883504,21.40440252,0.982103993,0.959580385,0.494261506
*C(C*)OC(=O)C(C(C(C(C(F)(F)F)(F)F)(F)F)(F)F)(F)F,-4088756.761,-11.29328885,1.232494064,3.064371736,-1.455952903,2.291820569,1.420610347,16.06589412,17.0345898,16.3232277,14.83986487,-0.341034928,-0.193253835,0.462651028
*C(C*)OC(=O)C(C(C(C(C(C(C(F)(F)F)(F)F)(F)F)(F)F)(F)F)(F)F)(F)F,-5337972.363,-11.29406178,1.230467831,3.067239767,0.10617181,-0.524286466,-3.020233606,19.8528452,20.78719033,17.90446337,20.8668819,0.348822521,0.283159668,-0.090450506
*C(C*)OC(=O)C(C(F)(F)F)(F)F,-2214930.111,-11.29152265,1.384509381,3.040228112,2.681562407,0.593401419,1.303872995,10.42354387,11.84904836,9.330557322,10.09102592,0.290596134,0.208701075,0.376487525
*C(C*)OC(=O)C(C(C(C(F)(F)F)(F)F)(F)F)(F)F,-3464149.106,-11.3050892,1.26858799,2.908401852,2.56271809,1.306986623,-0.427858961,14.17642789,15.64289911,13.56284666,13.32353791,0.361582348,0.066059498,0.031334931
*C(C*)OC(=O)c1ccncc1,-1354122.163,-9.923410953,0.277226018,2.586971858,2.311437866,0.540652156,1.028286746,15.74352698,20.54804422,11.99266178,14.68987493,-0.517775582,0.070491343,2.704837575
*C(C*)OC(=O)c1ccc(cc1)C(C)C,-1621834.98,-9.255115899,0.867193831,1.985972492,-0.860050593,1.035839695,1.459943781,22.49992268,30.88576081,17.09138145,19.52262578,-1.181332365,0.306761146,1.893288233
*C(C*)OC(=O)C(C(C)C)(C(C)C)C,-1531213.688,-10.01043105,2.649482096,1.673750353,-0.055262248,0.26252896,1.652109219,20.24953018,21.61653646,20.16005014,18.97200394,0.656575871,-0.067703838,-0.005561947
*C(C*)OC(=O)c1c(cccc1)OC,-1612815.145,-8.700548593,0.926180462,3.376550151,-0.961166631,1.386424851,-2.924906112,19.42795644,23.43432395,15.85558415,18.99396123,3.002228156,1.129024259,-4.020710541
*C(C*)OC(=O)c1cc(ccc1)OC,-1612836.687,-8.679388794,0.787497751,0.61879997,-0.45201559,0.033551088,0.421271449,19.37639199,24.76462203,12.8126114,20.55194253,1.660719305,-0.114790152,-0.412853997
*C(C*)OC(=O)c1ccc(cc1)OC,-1612839.746,-8.714188676,1.07616088,1.589147305,-1.388975778,-0.741895831,-0.213836438,19.70638019,27.93761646,16.25922471,14.92229941,1.676013013,-0.484034264,2.793807496
*C(C*)OC(=O)c1c(cccc1)C,-1415278.306,-9.247688135,0.824857289,1.522639037,0.329349922,1.468154073,-0.23341355,18.54731192,23.25774466,20.44262648,11.94156463,-0.870522337,0.134511306,-1.35618242
*C(C*)OC(=O)c1cc(ccc1)C,-1415284.99,-9.257068278,0.852776787,1.477966358,-0.692653994,1.304549586,-0.052586861,18.60721558,24.06441161,19.24332134,12.51391378,1.158233512,1.699265055,1.083428603
*C(C*)OC(=O)c1ccc(cc1)C,-1415286.224,-9.256040935,0.869754943,1.987266558,0.884673,1.214582156,-1.300527678,18.77377079,26.01466681,15.33613078,14.97051477,0.411400193,-0.420238295,-2.984651545
*C(C*)OC(=O)CC(c1ccccc1)(C)C,-1725102.953,-9.170201497,1.801736407,1.552202215,-0.644404154,1.374775554,0.322594448,22.71878894,20.34176332,22.20496397,25.60963953,-0.037515131,0.379354747,1.503545697
*C(C*)OC(=O)C(CCC)(C)C,-1324672.978,-10.08199431,2.641563964,1.648396936,-0.476625056,1.313506522,0.874495072,16.98338536,17.631694,17.33388691,15.98457515,0.578394369,0.214757193,-0.626199061
*C(C*)OC(=O)C(C(CC)(C)C)(C)C,-1531208.066,-10.01087013,2.441181995,1.515229649,-0.13536021,0.912590403,1.201988876,20.22937024,21.54703134,20.05185589,19.0892235,0.405769296,0.468117494,-0.421717606
*C(C*)OC(=O)C(C(C(C)C)C)(C)C,-1531210.352,-10.06011469,2.444783675,1.7062013,-0.209774498,0.64561307,-1.565343829,20.2452881,21.12682879,20.78996815,18.81906736,0.568029298,-0.267229274,0.178061788
*C(C*)OC(=O)C(CC(C)(C)C)(C)C,-1531217.548,-10.09395183,2.56461804,1.615852576,0.321388562,-0.351549438,1.544053734,20.37769468,21.79276183,20.5193662,18.82095602,-0.231460659,-0.368424483,-0.215069559
*C(C*)OC(=O)c1cnccc1,-1354125.858,-9.950661512,0.497290544,0.669911648,0.545273355,0.300344192,0.247491314,15.80063539,21.3053887,14.90433748,11.19217998,0.576829356,-0.12646829,2.035860292
*C(C*)OC(=O)c1cc(ccc1)[N+](=O)[O-],-1849199.713,-10.35780996,-0.471947429,2.894583995,-2.372888236,-1.538657848,-0.616887306,19.1559854,24.98581592,20.19650278,12.2856375,-0.887521349,1.581359492,2.175579092
*C(C*)OC(=O)CCCCCCC,-1427930.111,-10.26941992,2.670610186,1.497470275,0.383854362,1.117844478,-0.919508986,19.10072538,23.95062162,16.79555196,16.55600254,0.527340612,0.005945058,-0.741159068
*C(C*)OC(C(F)(F)F)(C(F)(F)F)F,-2541837.284,-11.61312068,2.898773751,2.626132231,2.373540692,1.006178382,0.500479912,10.49095041,11.63446188,10.01681785,9.821571506,0.262559163,0.79183493,-0.041793121
*C(C*)OC(=O)CCl,-2015116.158,-10.75973369,2.336678118,3.630961288,-2.772881491,-2.065667824,1.108162692,10.16103692,13.03011462,9.173641499,8.279354646,0.786483393,-0.198305982,-0.790024151
*C(C*)C1=CC=CS1,-1658841.92,-8.697526412,1.79489424,0.68271789,-0.351825159,-0.491934649,0.316738182,12.95360179,15.59960341,12.58050441,10.68069755,0.096576893,0.761085506,-1.914738878
*C(C*)OCCCl,-1820611.047,-10.0746105,2.465178353,2.068480628,-1.974615354,-0.290258074,0.543375157,10.12973554,12.94644936,8.713777145,8.728980113,-0.291545262,0.488443696,0.002164222
*C(C*)OCCOC,-914576.3384,-9.461428312,2.909317453,1.869956179,-1.704266096,-0.035529995,-0.768733247,10.62791611,11.28655179,10.67535031,9.921846244,0.399803752,0.493671473,-0.369806919
*C(C*)OCC(F)(F)F,-1395832.096,-10.42943459,2.714196665,3.289940478,-2.833019678,-1.034809897,-1.314106667,8.413402944,9.583669292,7.943794437,7.712745102,-0.24250268,0.047382897,-0.070597856
*C(C*)(CC(=O)OCCCCCCC)C(=O)OCCCCCCC,-2749467.342,-10.25426886,2.416135722,0.511382883,-0.380206387,-0.160234309,0.302126666,35.76829078,42.37671648,30.42222054,34.50593531,0.118310943,1.080366688,0.71068218
*C(C*)OC(=O)C1CCCC1,-1218225.372,-10.14119086,2.48416355,1.698758471,0.7039144,-1.467415981,0.486800987,14.55317278,16.96337525,13.61988227,13.07626082,-0.419513774,0.232568278,-0.359173596
*C(C*)OC(=O)C1(CCCCC1)C,-1424806.23,-10.07468268,2.587080505,1.590569316,0.558340114,-0.285013069,-1.461825782,17.95330668,19.88268548,17.09713451,16.88010006,-0.092592404,0.005059472,-0.111677797
*C(C*)P(=O)(c1ccccc1)c1ccccc1,-2519253.759,-9.471884165,0.949291644,4.131835131,-0.28676261,0.003472316,4.121870534,27.46617786,31.66067255,24.1018823,26.63597873,-2.036286054,1.471929327,-0.218834345
*C(C*)P(=O)(OCC)N(C)C,-2061467.026,-9.217918572,2.548836543,3.413589541,-0.894180592,-1.328649093,-3.014585578,16.17792349,16.85658062,16.82102127,14.85616857,0.495793544,0.548349542,-0.030797514
*C(C*)P(=O)(N(C)C)Oc1ccccc1,-2461901.555,-8.94716076,1.687209641,3.785262751,0.099397406,-2.672528906,-2.678791425,22.30180738,24.85768326,20.26427177,21.78346712,-3.266529504,0.517735687,-0.735137859
*C(C*)c1nc(nc(n1)C)C,-1149673.018,-9.937464892,1.129494718,0.042274357,0.033415326,-0.011630726,-0.023135761,15.2762773,17.88368664,16.78480272,11.16034255,-0.107053485,-0.04588953,1.020010931
*C(C*)OC(=O)CCCCCCCCC,-1634475.489,-10.24057434,2.774134639,1.621058771,0.450800206,1.234500209,-0.949009984,22.92919721,29.80404742,19.80185762,19.18168661,0.703788605,0.218746466,-1.235020457
*C(C*)OC(=O)CCCCC,-1221388.679,-10.18566518,2.489244413,1.702443267,-0.584661639,-0.909618747,1.314943946,15.14145442,16.43717076,15.09907963,13.88811287,-0.006524253,0.036357038,0.134743848
*C1c2c(CC1*)cccc2,-916770.4802,-8.757806246,1.88443479,0.574677696,-0.568291103,-0.012977674,0.084446773,14.89126506,18.50438105,15.97525557,10.19415857,0.111705834,-0.907464767,0.590402317
*C1C(=O)OC(=O)C1C(C*)OC,-1506987.526,-10.40232315,1.696297387,5.589750012,-1.832765797,1.81822223,-4.957856659,13.65133315,13.21451578,15.11260986,12.62687379,-1.195619883,0.359649144,0.505334295
*C(C(C(C*)OC)C(=O)O)C(=O)O,-1707812.941,-10.07420855,2.419668477,1.450216902,-1.328659553,-0.14439741,0.562976237,14.91479164,15.95982221,14.59397582,14.19057688,0.229802298,-0.445172578,0.312242022
*C(=CCCC*)c1ccc(cc1)OC,-1424081.191,-7.848634266,1.427031119,1.179268954,0.580484918,0.421705397,-0.935883051,23.33555416,33.600488,16.72220548,19.683969,3.979781567,-0.2469197,-1.498890325
*C(=CCCC*)c1ccccc1,-1123249.762,-8.39157111,1.178997429,0.402860525,0.383544764,0.041779931,0.11595022,20.17999159,27.80240904,18.56175734,14.1758084,-0.478050598,2.758890715,-0.022926093
*C(=CCCC*)c1ccc(cc1)Cl,-2330095.499,-8.476290609,0.880532613,2.512362069,-2.348759864,-0.570606189,-0.685345784,22.5772052,31.10574247,19.62902181,16.99685133,5.055841285,3.723346854,-1.252101337
*C(C*)CNc1ccc(cc1)[N+](=O)[O-],-1602531.924,-8.430807263,0.173746113,7.335485282,-7.168245502,0.35183148,1.517173475,20.84480483,30.48678169,18.55935905,13.48827376,-0.010119097,-1.735942593,2.074964918
*C(C*)CNc1ncc(cc1)[N+](=O)[O-],-1644679.452,-8.696972318,0.016590866,6.781404305,6.713120379,0.891693133,-0.355446867,20.01518366,28.79016727,16.32088382,14.93449989,2.692934088,-0.6967041,3.13354705
*C(C*)CNc1c(cc(cc1)[N+](=O)[O-])C,-1705817.279,-8.355737325,0.214616554,7.393227865,-7.286016444,0.511283547,1.145587963,22.60220475,31.92286759,21.96997268,13.91377397,-0.220924098,-1.157711111,0.404315403
*C(C*)CNc1cc(c(cc1)[N+](=O)[O-])C(F)(F)F,-2487844.395,-8.70270562,-0.06932472,8.558349546,8.093194595,-2.302913548,-1.562733942,22.73128584,32.02523231,20.83687399,15.33175122,0.397279845,-0.87886821,2.751039364
*C(C*)CNc1c(cc(cc1)[N+](=O)[O-])[N+](=O)[O-],-2139734.109,-8.957113885,-0.662571341,7.206193387,6.171834291,-3.684767257,0.510073412,23.66491561,33.13981137,24.4790325,13.37590295,0.295286612,-0.153370033,-1.456273784
*C1C(C(C(C1)C*)OC(=O)CCCCCCCCCCOc1ccc(cc1)c1ccc(cc1)C#N)OC(=O)CCCCCCCCCCOc1ccc(cc1)c1ccc(cc1)C#N,-6983568.124,-8.422231777,0.281326827,12.13946655,10.20115223,-6.446998593,-1.318844364,101.1818605,111.9529314,100.6946339,90.89801615,-27.75277072,-8.899695072,10.35208092
*C1C(CC(C1)C*)OC(=O)CCCCCCCCCCOc1ccc(cc1)c1ccc(cc1)C#N,-3801556.849,-8.425282809,0.315316033,5.584123023,-4.983278924,2.438249218,0.635847357,56.82119722,66.8258294,55.37560114,48.26216111,-14.9626691,7.21464173,-8.484447992
*C1C(CC(C1)OC(=O)CCCCCCCCCCOc1ccc(cc1)c1ccc(cc1)C#N)CC*,-3904835.45,-8.440703194,0.299070952,4.292302264,1.600783294,-2.863385827,-2.768099199,57.50468885,52.36612687,59.48530859,60.66263109,-8.246784536,-3.984476301,11.8602179
*C(C*)N1CNCC1,-807072.6936,-8.712743164,2.611056165,1.436990516,0.789357993,0.554612343,1.065016832,11.11851782,12.33467006,10.87549718,10.14538622,0.062018678,0.088987626,-0.084972595
*C(C*)OCCCCCCCCCCCCCCCCCC,-2266118.287,-9.600083662,2.784620277,1.18623655,-0.864625522,0.589126309,0.559025983,36.81165974,41.17184169,33.10227037,36.16086718,0.161653953,0.826271491,0.752007098
*C(C*)OC(=O)c1ccc(cc1)C#N,-1554336.156,-10.00268611,-0.263713023,4.492800972,-4.377562363,0.967305778,-0.294156194,19.47768943,28.56088675,17.00799423,12.86418732,0.538058504,2.714445728,2.084975969
*C(C*)OCC(CC(C)C)(C)C,-1233417.835,-9.780344027,2.80879843,1.256386218,0.757848661,0.255565332,0.9689469,18.82082066,20.84874799,18.77840317,16.83531081,-0.021551147,0.028033821,-0.871715459
*C(C(*)(F)F)(OC(C(F)F)F)F,-2177828.596,-12.31789227,2.891797115,2.271097486,-0.156033685,0.156831589,2.260296691,8.621394901,9.935870341,7.942565976,7.985748385,0.006149773,-0.04303998,-0.207906079
*C(C*)C(=O)c1ccc(cc1)Br,-7871140.99,-9.371475962,0.232484005,2.216306659,0.272662209,-2.09434205,0.671864497,19.08131346,27.860625,17.1763813,12.20693407,0.086761302,-1.646654669,-1.938740376
*C(C*)OC(=O)CC1CCCC1,-1321497.09,-10.09469464,2.651809425,1.830263925,-0.519828126,0.668914405,-1.622405089,16.31930835,18.61022788,15.62532486,14.72237231,0.509487036,0.285848274,0.055637739
*C(C*)N1C(=O)CCC1,-959499.521,-9.071177508,2.619246326,3.742118684,-0.377445682,-2.053659524,-3.105393624,11.81535073,12.93395937,11.08618639,11.42590642,-0.811230089,0.453012128,1.279465649
*C1C(C2C(C1)C(C(C2)CC*)OC(=O)CCCCCCCCCCOc1ccc(cc1)c1ccc(cc1)C#N)OC(=O)CCCCCCCCCCOc1ccc(cc1)c1ccc(cc1)C#N,-7393499.927,-8.31011505,0.286754426,1.758380164,0.753866924,-1.28438492,-0.934848031,106.6744956,111.7719581,101.2216242,107.0299044,16.22458273,-18.22610207,-17.29358246
*C(C*)C(=O)O,-705050.906,-10.36403236,2.395389418,1.700588539,-0.895197813,1.16253346,0.859731476,6.546422713,7.299952767,6.657735607,5.681579763,-0.220309461,-0.510329407,0.493260482
*C(C*)C(=O)OC,-808285.0115,-10.35818339,2.750933434,1.637585989,0.40291611,1.587137118,-0.018500036,8.279263515,9.948578156,8.21709376,6.672118629,0.161507153,-0.194548673,0.001495956
*C(C*)C(=O)OCC,-911569.5345,-10.28152463,2.78143746,1.776014391,0.801805698,-0.971221433,1.252223489,10.11135703,12.34476992,8.767610809,9.221690348,-0.216948022,0.061017178,-0.806966133
*C(C*)C(=O)OCCC,-1014842.777,-10.29897472,2.686702834,1.566046582,0.358572379,-1.275645835,0.834658882,11.85283145,14.49734754,10.56025955,10.50088726,-0.074397223,-0.098816264,-0.572762165
*C(C*)C(=O)OC(C)C,-1014857.598,-10.24118625,2.703110944,1.692207198,-0.77344907,-0.867909744,-1.22966435,11.86604519,14.13633996,10.90498039,10.55681522,-0.111458922,0.17948237,0.613359276
*C(C*)C(=O)OCCCC,-1118114.855,-10.2922787,2.690731929,1.551668714,-0.515447421,0.316791321,-1.42885724,13.64311402,16.45824011,11.78703166,12.6840703,0.234955095,-0.454337083,0.081867276
*C(C*)C(=O)OCC(C)C,-1118122.524,-10.29809938,2.629079121,1.47806981,-0.750643755,-0.578752444,1.134138407,13.60174586,15.7788001,12.4111614,12.61527608,-0.740231594,0.673536085,-0.786253555
*C(C*)C(=O)OC(C)(C)C,-1118136.589,-10.05359765,2.722776542,1.710690139,-0.670563121,1.424962728,-0.668047211,13.56904955,15.69518365,12.86246194,12.14950306,-0.283101802,0.241256321,-0.424227152
*C(C*)C(=O)OCCCCCC,-1324661.055,-10.28555608,2.653468782,1.623136044,-0.644401449,0.69472043,1.317831899,17.15096929,19.49718975,16.38200214,15.57371598,-0.210226239,-0.056948517,-0.053694617
*C(C*)C(=O)OCCCCCCC,-1427932.9,-10.27811833,2.606608855,1.629520471,1.208468595,-0.408865663,1.013789668,18.90279056,21.88334282,17.70651036,17.11851851,-0.523650846,0.433069294,-1.081904948
*C(C*)C(=O)OCCCCCCCC,-1531204.902,-10.27809712,2.769457919,1.855261368,-1.245431765,-1.122646567,-0.794077545,20.99897009,25.44886226,17.84723001,19.70081801,1.521805404,0.654240593,0.402562989
*C(C*)C(=O)OCCCCCCCCCCCC,-1944291.515,-10.28244999,2.706380279,1.550208743,-0.013009098,-0.514308434,-1.462349051,28.29468717,35.48239545,25.12462013,24.27704592,0.656322626,0.697529669,0.007133406
*C(C*)C(=O)OCCCCCCCCCCCCCC,-2150839.526,-10.35273832,2.623843777,1.653795093,1.18739311,0.447418181,-1.060637913,31.56304768,34.89874729,31.23802861,28.55236716,-1.148798447,-2.160936436,1.653808002
*C(C*)C(=O)OCCCCCCCCCCCCCCCC,-2357379.027,-10.28502959,2.694856773,1.827693597,-1.14045172,1.04853166,-0.969750027,35.41324753,42.40339543,30.88336459,32.95298256,-1.331840934,2.077336384,0.469956313
*C(C*)C(=O)OCCCCCCCCCCCCCCCCCC,-2563928.385,-10.31013883,2.576521125,1.498322111,-1.351925184,-0.155384173,-0.626995377,38.75413534,45.98248112,33.91266283,36.36726205,0.192934134,-2.719864031,-0.860418955
*C(C*)C(=O)OCCCCCCCCCCCCCCCCCCCCCC,-2977020.375,-10.29320238,2.621588838,1.474190937,-0.299599139,-1.095105757,-0.940331141,45.43264616,51.80432989,40.16003453,44.33357406,-1.90806659,1.923788685,-1.749325362
*C(C*)C(=O)OCC=C,-1011600.016,-10.10039334,2.208204406,1.569438735,0.330450097,-0.329336972,-1.498491854,11.92574718,15.29967111,9.936263122,10.5413073,0.632077351,-0.84087488,0.22689466
*C(C*)C(=O)OC1C2(CCC(C1)C2(C)C)C,-1731449.261,-10.06356042,2.600385048,1.67997885,-0.902108884,0.233344067,1.397883774,22.49110405,24.44849145,22.07157206,20.95324862,2.16227541,-0.536190781,0.230301703
*C(C*)C(=O)OCC(F)(F)F,-1693627.587,-10.87851243,2.275074714,1.639593005,-1.596625929,-0.143940444,0.343994204,10.30696882,12.44796529,8.497573123,9.975368029,0.169797768,0.226002851,-0.245680576
*C(C*)C(=O)OCC(C(F)(F)F)(F)F,-2318239.885,-10.93176089,2.209647112,1.783973808,1.533461593,0.910843176,-0.03772001,12.2244222,14.39125496,11.84907629,10.43293534,0.548698104,-0.845584372,0.199270214
*C(C*)C(=O)OC(C(F)(F)F)C(F)(F)F,-2578953.028,-11.1729314,1.799158287,2.319164959,1.549638808,-0.071798493,1.723946242,12.23673864,12.71650003,11.28795254,12.70576336,-0.759330261,1.036138815,-0.228352671
*C(C*)C(=O)OC(C(F)(F)F)(C(F)(F)F)F,-2839587.604,-11.16918172,1.572733232,3.020203758,2.438236145,-0.967179872,1.497063238,12.32521618,13.71932964,11.07514235,12.18117656,-0.535364152,0.041481791,-0.250810353
*C(C*)C(=O)OC(C(Cl)(F)F)(C(F)(F)F)F,-3785714.271,-11.167914,1.711300929,2.949053414,2.037485198,-1.199184069,1.762818106,14.19999672,15.74951929,14.16705741,12.68341346,0.349534088,0.481528313,0.042486841
*C(C*)C(=O)OC(C(Cl)(F)F)(C(Cl)(F)F)F,-4731835.56,-11.14223098,1.532525272,3.381009725,2.980801238,1.395109181,0.77441663,15.83138237,16.673988,16.23664577,14.58351334,-0.158376397,0.154880362,-0.191620184
*C(C*)C(=O)OCC(C(F)C(F)(F)F)(F)F,-2682179.698,-10.97762339,2.115648972,2.967450299,-2.504101868,1.429058387,-0.702158984,13.93397967,15.87068324,13.17782496,12.75343082,-0.503612475,-1.055723067,-0.078438098
*C(C*)C(=O)OCC(C(C(F)(F)F)(F)F)(F)F,-2942848.613,-10.81075688,2.092163382,1.531112953,1.517448364,-0.120629158,-0.164638834,13.99536891,15.32027777,13.70404223,12.96178672,-0.226091055,0.878101194,0.320097578
*C(C*)(C(=O)OC)C,-911560.7958,-10.24758396,2.529574408,1.696964491,0.463361403,-1.311850911,-0.971613031,10.04143097,11.56788548,9.867388424,8.689019004,-0.086837202,0.239068695,0.607919415
*C(C*)(C(=O)OCC)C,-1014846.718,-10.20108749,2.567078873,1.670645445,0.297998402,-1.40748343,0.84926059,11.7630865,13.60831733,11.39303139,10.28791078,-0.309070255,-0.122788555,-0.3246277
*CC(*)(C)C(=O)OCCC,-1118120.298,-10.18741582,2.510643949,1.62955869,0.592600308,-1.221224768,0.901607711,13.47920079,15.40636899,13.26106741,11.77016598,0.115096798,0.229489052,-0.242186847
*CC(*)(C)C(=O)OC(C)C,-1118133.956,-10.14009048,2.583038702,1.754148914,0.81890847,0.387969659,1.501967667,13.58631127,15.74002998,12.17918673,12.8397171,-0.3170369,-0.005643093,0.338362442
*C(C*)(C(=O)OCCCC)C,-1221392.824,-10.18402268,2.504667438,1.688676585,0.279281145,1.633111627,0.326461431,15.25907939,17.03239412,14.61189912,14.13294494,0.537711426,0.744583659,-0.433140819
*CC(*)(C)C(=O)OC(C)CC,-1221406.267,-10.14002079,2.561596539,1.771263004,-0.557305296,0.467452099,-1.615014542,15.29332851,17.21907144,14.52400663,14.13690745,-0.721215965,0.271295774,-0.00784319
*CC(*)(C)C(=O)OCC(C)C,-1221398.987,-10.19229103,2.50716423,1.550147842,0.187166463,-1.197623009,-0.966243332,15.32409893,17.82919744,14.80004049,13.34305886,0.173974922,-0.582969661,0.446925539
*CC(*)(C)C(=O)OC(C)(C)C,-1221412.893,-9.958820586,2.506957891,1.771987491,-0.497065545,-1.696934736,-0.115230261,15.29715192,17.35496386,14.89634798,13.64014391,0.441659124,0.021696343,-0.322346598
*CC(*)(C)C(=O)OCCCCCC,-1427937.844,-10.17887272,2.48457155,1.698342461,0.348787296,1.533422666,0.641349722,18.85659363,20.87323436,17.16438914,18.53215738,1.187000084,0.128014227,0.194144101
*CC(*)(C)C(=O)OCCCCCCCC,-1634480.652,-10.17554227,2.485838833,1.694442391,-0.87296767,-1.105354092,-0.941942032,22.40844162,25.03542903,21.93369383,20.256202,0.580771104,0.291104423,-1.202428364
*CC(*)(C)C(=O)OCCCCCCCCCCCC,-2047568.069,-10.1749672,2.507964358,1.674333271,0.263539897,1.620087032,0.330539916,29.83548783,36.18787835,26.31305323,27.00553192,-0.053632976,0.597311766,-0.583775689
*CC(*)(C)C(=O)OC1CCCCC1,-1424809.527,-10.07639668,2.600007,1.802099631,0.779034854,-0.976475461,-1.298908561,18.20028877,21.67358503,16.20462341,16.72265788,0.294754622,-0.287419854,0.266782291
*CC(*)(C)C(=O)Oc1ccccc1,-1415262.754,-9.178624213,1.748844702,1.538676027,-0.273236587,0.098928042,1.510986078,18.21396805,23.50832997,16.19228505,14.94128913,-0.499528562,0.374586951,1.783454418
*CC(*)(C)C(=O)OCc1ccccc1,-1518545.376,-9.350480316,1.634788942,1.592741326,-0.024350407,1.481330449,-0.584715392,19.61349253,21.6043895,19.2999808,17.9361073,2.10360771,0.9499341,-1.269057591
*CC(*)(C)C(=O)OCCBr,-7771619.191,-10.16866863,1.984795169,1.370618287,-0.586524378,-0.95659014,-0.787095259,14.22105212,15.11132557,12.69382114,14.85800965,-0.598676887,0.28950307,-0.325752392
*CC(*)(C)C(=O)OCc1ccccc1Cl,-2725385.158,-9.3754742,1.260986465,2.987175036,2.343153532,0.975996201,-1.574889722,22.00010316,27.79463731,19.33470748,18.87096468,0.691587292,-1.289424469,2.740553142
*CC(*)(C)C(=O)OCCO,-1212422.421,-10.38132747,2.270879718,1.909592353,-1.044291269,0.830134297,1.366336616,12.48904692,14.40452864,11.72098961,11.34162252,-0.194543234,0.660759073,0.693151731
*CC(*)(C)C(=O)OCCN(C)C,-1366739.762,-8.657706197,2.524375777,1.514511679,0.254855055,1.479588726,0.199026955,16.75401934,19.53138849,15.9438049,14.78686463,-0.365164113,-0.104685455,0.524985995
*CC(*)C(N)=O,-652860.4968,-9.683183118,2.587877405,3.643410247,0.271210101,-3.549593482,0.775415646,7.220472311,8.073974129,7.661206212,5.926236592,-0.423562252,0.132974045,-0.618396901
*CC(*)C(=O)NC(C)C,-962676.4107,-9.453403198,2.5575108,3.408392504,-0.814381944,3.210198686,0.805323481,12.60926707,14.85991546,12.07403414,10.89385161,-0.450849362,-0.92969588,0.008506134
*CC(*)C(=O)OC(CC)CC,-1221403.71,-10.24966595,2.699930085,1.730596024,-0.567410317,-1.62065763,-0.2155852,15.29390269,17.04696376,13.91126424,14.92348006,0.699566002,0.295884696,-0.539971227
*CC(*)C(=O)OC1CCCCC1,-1321529.583,-10.09855734,2.417914312,1.959651165,-0.661860629,1.810496862,-0.352525614,16.24399766,17.82813043,16.19147237,14.71239019,-0.407899385,-0.530157371,0.064924845
*CC(*)C(=O)OCC(C)(C)C,-1221403.066,-10.33532844,2.54681731,1.597377319,-0.293497948,-1.403800271,0.703433049,15.33625209,17.86816054,14.53114039,13.60945534,0.721623081,0.078851091,-0.417777523
*CC(*)C(=O)OCCC#N,-1153893.037,-10.78110137,2.290266942,4.560203836,-3.34482663,1.381686755,2.774623496,12.16764036,16.15854226,9.58235203,10.76202679,-0.102439264,-0.574228408,0.849152227
*CC(*)C(=O)N1CCCCC1,-1166046.565,-8.953042786,2.63645718,3.589136699,2.172650025,-2.042126553,-1.997802106,15.34099486,18.12439348,13.72352527,14.17506582,-0.693886639,0.317789658,1.147417135
*CC(*)C(=O)N1CCOCC1,-1260315.951,-9.063637869,2.514390448,2.770520351,-0.402334066,-2.739365671,-0.098924396,14.38616746,17.07893955,14.47791965,11.60164317,0.482012064,0.214693509,0.174938267
*CC(*)C(=O)Oc1ccccc1,-1311986.664,-9.180378123,1.784478797,1.465324278,0.093849552,0.65350617,-1.308165581,16.42592784,21.57255764,11.81280013,15.89242573,0.048027019,-0.50319946,1.36680088
*CC(*)C(=O)Oc1ccc(OC)cc1,-1612815.507,-8.384611817,1.761175385,1.147862787,-0.159593571,-0.334589987,-1.086355563,19.22892962,26.31289208,17.19079068,14.18310611,-0.280251502,0.443706102,-2.044753355
*CC(*)C(=O)Oc1ccccc1C(=O)OC,-1910604.054,-9.423141189,0.596844473,1.799983162,-1.584865436,0.118965494,-0.844978191,21.07540087,22.65023011,23.51130374,17.06466876,-2.420856827,-1.596758314,-3.852379837
*CC(*)C(=O)Oc1ccccc1C(=O)OCC,-2013890.241,-9.373519423,0.681982882,1.132837757,0.640329507,-0.835419909,-0.418775694,22.77779323,23.9646843,28.14500199,16.22369339,0.186767826,1.002805775,-0.436322693
*CC(*)C(=O)Oc1cccc(C(=O)OC)c1,-1910606.292,-9.38838505,0.69211749,2.651493527,-2.316393063,-1.288803378,-0.061048797,21.23761345,26.34170392,16.72163857,20.64949787,-0.313997159,-0.975617962,-4.137659428
*CC(*)C(=O)Oc1cccc(C(=O)OCC)c1,-2013892.273,-9.372354806,0.672451331,2.706190359,-0.94016746,2.458519999,0.628673857,23.14571888,29.65211658,23.46713946,16.31790059,-0.309641534,1.906870431,-1.078087042
*CC(*)C(=O)Oc1ccc(C(=O)OC)cc1,-1910608.111,-9.367313897,0.730872848,3.035753347,-0.974202208,0.911838355,2.726770848,21.58797752,30.85653929,13.94778944,19.95960381,-0.103363264,-0.123689931,0.23592528
*CC(*)C(=O)Oc1ccc(C(=O)OCC)cc1,-2013894.208,-9.351267625,0.737902768,1.767817324,-1.292133828,-0.310354971,1.165867941,23.40961567,32.89923429,18.96792699,18.36168574,0.676093246,-0.340037281,2.885924157
*CC(*)C(=O)Oc1ccc(C(=O)OCCCC)cc1,-2220440.382,-9.353344176,0.729133768,2.021033844,-0.798833686,1.359839995,-1.263834535,26.99388653,35.10937294,23.74967483,22.12261181,-1.488435372,4.482950261,1.436494586
*CC(*)C(=O)Oc1ccc(-c2ccccc2)cc1,-1918975.956,-8.510979222,1.088519042,1.44410558,0.331701232,-0.412924333,1.343468911,27.69802669,40.78640161,21.7606111,20.54706736,0.83845017,0.68359654,2.940838784
*CC(*)C(=O)OCc1ccccc1,-1415268.287,-9.339409184,1.649610734,1.49856369,0.031315376,0.367543249,-1.452454626,17.99283341,20.12455142,16.28240884,17.57153998,1.903032231,1.96493336,-1.423004645
*CC(*)C(=O)OCCc1ccccc1,-1518547.355,-9.160761027,1.812672265,1.606537716,-0.918156641,-0.828175618,-1.02570803,19.52589876,21.75029006,19.0841,17.74330622,1.401019995,1.607947321,-2.747856878
*CC(*)C(=O)Oc1cccc(N(C)C)c1,-1663904.092,-7.679688096,1.955003455,1.07639435,-0.848064906,0.655165591,0.100840277,22.01586851,27.53086636,16.06353793,22.45320123,1.538253929,-0.27101774,2.562289925
*CC(*)C(=O)Oc1ccc(C#N)cc1,-1554323.013,-9.574770521,0.491075333,5.594708278,5.06721784,-2.33300846,-0.425600282,19.27839475,28.4550108,14.77697828,14.60319516,-1.211290555,-0.124945174,2.58063919
*CC(*)C(=O)OCc1ccc(C#N)cc1,-1657604.748,-9.75883761,0.354520604,4.992180697,3.892060679,-2.982974947,-0.935730863,20.72012312,24.65040241,18.45265425,19.05731272,-4.886708546,1.889931897,0.533257147
*CC(*)C(=O)Oc1ccc(Cl)cc1Cl,-3725664.729,-9.383865139,1.050736107,2.574081793,1.621271631,-1.965629638,0.365616603,20.5314001,27.10503618,17.31684271,17.17232142,0.25114571,2.781721245,2.950666002
*CC(*)C(=O)Oc1c(Cl)c(Cl)c(Cl)c(Cl)c1Cl,-7346128.497,-9.642746402,0.40124743,2.596570544,2.052879937,1.058856368,-1.186037835,26.74693792,32.47456366,22.35895984,25.40729025,2.344235888,-2.202108194,6.107764488
*CC(*)C(=O)N(C)C,-859357.4245,-9.103127512,2.607217469,3.59442604,-1.643029213,-2.606047756,1.851720457,10.82445197,13.01270713,10.11116827,9.349480499,0.459572807,-0.178426476,-1.204521296
*CC(*)(C)C(=O)OCCOC,-1315651.168,-9.706467207,2.314897365,1.661092869,0.883094919,-0.021269585,-1.406741088,14.13761268,15.53304681,13.11152561,13.7682656,0.890301936,-0.229342148,-0.129116732
*CC(*)(C)C(=O)OCC(C)O,-1315712.907,-10.1030019,2.272146327,1.595553853,-1.19630253,-0.362797954,-0.991478692,14.21100073,16.77370959,13.73151679,12.1277758,0.082407618,-0.26892495,0.336244748
*CC(*)(C)C(=O)OCCC#N,-1257172.5,-10.74703004,2.055495271,4.678758089,-3.712979688,0.715302053,2.755522104,13.85938224,17.66099763,11.57593941,12.34120968,-0.107177177,-1.113284547,0.583520208
*CC(*)(C)C(=O)OCCO[N+](=O)[O-],-1749513.749,-10.73165111,0.692716732,4.119415189,-3.507974902,0.720235552,2.035916092,15.07267711,19.04721065,13.19087098,12.97994969,0.03977689,-0.003062933,-0.360193916
*CC(*)(C)C(=O)OCCS(=O)CC,-2464454.251,-8.762812656,2.132067819,4.893825749,0.859360135,2.096858678,-4.33753551,18.64992567,20.37639388,18.77531966,16.79806348,-0.840954298,-0.619517731,0.41462076
*CC(*)(C)C(=O)Oc1ccc(CC#N)cc1,-1760869.627,-9.33652469,1.312483192,3.659934367,-2.882323048,0.76662638,-2.121230164,22.3144068,30.19350404,16.28870414,20.46101222,-0.708944151,1.326166857,1.308868538
*CC(*)(C)C(=O)Oc1ccc(C(=O)OC)cc1,-2013884.464,-9.356371766,0.725258221,2.052207301,-1.49827121,1.345953301,-0.39388818,23.40564161,32.67156831,18.7272899,18.81806662,0.3040981,-0.790878145,2.612715926
*CC(*)(CC)C(=O)OCC,-1118120.68,-10.19572786,2.576366928,1.589806801,0.513617057,-1.326693264,-0.709625371,13.53159437,15.43128867,13.08400169,12.07949276,-0.140661941,-0.503173992,-0.340262631
*CC(*)(CC(=O)OCC)C(=O)OCC,-1716738.084,-10.1485571,2.504431367,1.486226562,-0.616103469,-1.2776918,0.443609708,17.68111985,19.07716728,17.90843705,16.05775521,0.40463676,0.974282545,-0.453751321
*CC(*)(CC(=O)OCCCC)C(=O)OCCCC,-2129830.286,-10.23964606,2.377459032,2.969080279,-0.672693275,1.087479063,2.679610186,24.98416267,29.694722,23.08652087,22.17124514,-0.430519145,0.062866861,-0.260621356
*CC(*)(CC(=O)OC1CCCCC1)C(=O)OC1CCCCC1,-2536673.596,-10.03783101,2.267557796,1.436202563,0.380837557,-1.165774995,-0.747401644,30.34817919,35.22730255,27.38539374,28.43184128,0.586810257,-1.003779152,0.755123611
*CC(*)(CC(=O)OCC1CCCCC1)C(=O)OCC1CCCCC1,-2743199.785,-10.10783538,2.313186293,3.45402454,-0.785601211,-0.576880644,3.313657342,33.9737165,36.65844711,34.04100182,31.22170059,-0.143256067,-1.411549548,-2.110950822
*CC(*)(CC(=O)OCCC1CCCCC1)C(=O)OCCC1CCCCC1,-2949739.963,-10.02656356,2.291162966,0.632365541,0.44987716,0.071599938,-0.438600236,37.51137799,42.63880416,34.12674421,35.7685856,-0.327026489,-0.620522899,1.282165191
*CC(*)(CC(=O)OCCCC1CCCCC1)C(=O)OCCCC1CCCCC1,-3156286.276,-10.22655391,2.418610339,0.434988546,0.288609401,0.2019155,-0.255244549,41.11433669,48.30689339,37.63647034,37.39964633,0.737643134,1.600057436,-1.500211807
*CC(*)(CC(=O)Oc1ccccc1)C(=O)Oc1ccccc1,-2517585.686,-9.212333916,1.593179384,2.010301701,-1.44721772,1.004848287,0.968067002,30.06593078,33.42140199,28.62241701,28.15397336,0.729500413,1.058711066,-5.355500793
*CC(*)(CC(=O)OCc1ccccc1)C(=O)OCc1ccccc1,-2724160.77,-8.896202441,1.443457955,0.36753355,-0.243019015,-0.240814501,0.134279724,32.78773582,29.39829299,37.28611356,31.67880092,3.737663142,2.597030174,-1.207736081
*CC(*)(CC(=O)OCCc1ccccc1)C(=O)OCCc1ccccc1,-2930715.008,-9.025477838,1.53935474,2.677695484,0.580223002,-1.619106926,2.052288268,35.89581821,34.80814356,38.7477528,34.13155829,2.434107482,1.057336444,0.25822347
*CC(*)(CC(=O)OCCCc1ccccc1)C(=O)OCCCc1ccccc1,-3137261.513,-9.042956757,1.679773829,2.620667728,1.183249176,1.302919078,1.941706106,40.13153516,42.92992468,41.67293748,35.79174333,-3.984725631,6.690968578,0.39430179
*CC(*)(C)C(=O)Oc1ccc(C#N)cc1,-1657599.109,-9.565804963,0.487433906,5.641351457,-5.241320031,-0.395139398,-2.048725323,21.09987932,30.58203277,16.3057107,16.4118945,0.373628259,0.440726077,2.03833658
*CC(*)(CC(=O)OC)C(=O)OC,-1510166.287,-10.32436453,2.382611855,3.155316715,-1.058886347,1.873832816,2.307278452,14.38237299,17.21127114,12.45785908,13.47798874,-0.97032549,0.692492656,0.509906472
*C(*)C(=O)OCC,-808295.0305,-10.30957736,2.661361583,1.713467329,-0.129578178,-0.586057935,-1.604903698,8.299829833,9.674757676,7.246039107,7.978692714,0.342220553,0.01859443,0.407248457
*C(*)C(=O)OC,-705009.5331,-10.36075061,2.73503094,1.750504308,0.126271579,-0.076223863,-1.744279434,6.551635362,7.671931823,5.210331712,6.77264255,-0.049282081,-0.088322814,0.046140373
*C(*)C(=O)OCCC,-911567.6938,-10.29273587,2.748685545,1.929608237,-1.062384759,-0.532494368,1.520255348,10.11594099,11.75593218,9.055692853,9.536197939,-0.184278213,-0.238556084,-0.740146193
*CC(*)(CC(=O)OCCC)C(=O)OCCC,-1923286.692,-10.25801798,2.273482444,3.083628884,-0.366425991,-2.941093757,0.851156037,21.3010068,24.51351285,20.73541868,18.65408887,0.676314173,-0.139442071,-0.649910406
*CC(*)C(=O)OCCO,-1109146.513,-10.41252972,2.494257739,1.865599045,0.444590903,1.117737581,-1.425994889,10.74741061,12.80126159,10.43829595,9.002674309,-0.079106144,-0.754109146,-0.133684993
*CC(*)(CCC(C)C(=O)OC)C(=O)OC,-1819998.236,-10.196576,2.540987862,2.171254262,-1.548487436,-1.243063478,-0.878251058,19.45262512,21.47472957,19.19040376,17.69274204,-0.046972645,-0.652406625,1.311140671
*CC(*)C(=O)OC1CCCCCCCCCCC1,-1941148.998,-10.1986955,2.752211027,1.786932291,-0.979247813,-1.385679857,-0.560439174,26.83671503,31.293158,26.74333622,22.47365086,0.664323883,-0.643657199,-0.099672916
*C(C*)Cl,-1416523.602,-10.7910293,2.607969835,2.267685858,-1.493731643,-1.693384741,-0.208837362,5.759993404,6.349971904,5.953715719,4.97629259,0.856005421,0.096859104,0.122569814
*C(C*)(F)F,-731037.747,-12.03086569,3.060605367,2.136586302,1.5912858,-1.425566434,0.02389291,4.144882362,4.257163592,3.985902821,4.191580672,-0.055535152,0.001004061,0.002278127
*CC(*)(Cl)Cl,-2623358.047,-11.09328383,1.925243582,2.276004027,-1.933007069,-0.608454273,1.036079823,7.676793046,7.696486793,8.992490642,6.341401702,-0.300656663,-0.367628697,0.256064957
*C(F)C(*)(F)F,-991673.1804,-12.09592074,3.16476733,1.534600939,0.558020631,-1.27167963,0.65302675,4.206828105,4.245770278,4.341134309,4.033579727,0.070777642,0.108230664,0.084951272
*C(F)(F)C(F)(F)*,-1252359.691,-12.26964882,3.169479714,0.000100273,2.12E-05,-9.28E-05,3.16E-05,4.33294156,4.314350474,4.541338082,4.143136123,-0.045685983,-0.140589816,-0.072698671
*C(C(*)(F)F)(Cl)F,-2198513.31,-11.70590857,2.245505041,0.113493913,-0.072953038,0.080496114,-0.032849629,6.056999819,6.289626562,6.283645689,5.597727206,0.644504507,-0.571799233,-0.535558906
*CCC=C(*)Cl,-1619831.754,-9.451201666,2.155786955,2.180089734,-2.030405198,-0.37618032,-0.699095379,9.524268148,12.94563907,8.017505512,7.609659858,-0.378884149,1.216586727,0.163187854
*C(F)(F)C(*)(F)C(F)(F)F,-1877003.669,-12.62357945,3.044111121,0.248456532,0.222052353,0.026826519,0.10818382,6.196493161,6.514185849,6.126345546,5.948948089,0.023368359,0.078120087,-0.220382269
*/C(=C/CC*)C,-516262.5753,-9.181503312,2.751097159,0.230181056,0.026772615,-0.184485953,-0.135023993,9.412495805,12.02194963,8.286249376,7.92928841,-0.1961439,-0.289468562,0.332799831
*CC/C=C(\*)C,-516267.4082,-9.185116987,2.790784659,0.055604584,0.03972598,-0.030880644,-0.023666477,9.503876833,12.20428491,8.231986079,8.075359514,-0.757158151,-0.496025927,0.405717232
*CC/C=C(/*)Cl,-1619833.124,-9.491743731,2.172294422,1.846157495,-1.067989806,1.112190017,-1.015248067,9.35741335,11.21882753,8.53756571,8.315846807,-0.775795088,1.361324958,-1.026210739
*CC/C=C(\*)Cl,-1619831.761,-9.452094454,2.156690888,2.179753363,-2.040626965,0.041690104,0.765132831,9.522656567,13.1807617,7.32302984,8.06417816,0.089459904,-0.491567278,0.196710851
*CC(*)C=C,-412985.263,-9.621201479,2.832195523,0.42815918,-0.341541464,-0.158325558,-0.20396747,7.414308973,8.294915568,6.956843853,6.991167499,0.371205173,0.730983948,0.945966022
*CCC=C(*)C,-516267.4086,-9.185203686,2.790853971,0.055568629,0.039476938,-0.029219925,-0.025993073,9.503819407,12.13233498,8.191249663,8.187873579,-0.395029693,-0.980818596,0.399253513
*OCC*,-407250.2373,-10.19829425,2.82097821,1.665839339,1.147824558,-0.050744538,-1.206210794,4.692101454,4.981402332,4.704823752,4.390078278,-0.086020353,0.018272822,-0.058079484
*OC(C*)C,-510539.0186,-10.16372415,2.774979043,1.588777761,-0.312113774,-0.986838569,1.205383509,6.483368712,6.763996421,6.568818256,6.11729146,-0.045510485,0.037446272,-0.038005852
*CC(CCl)O*,-1717388.407,-10.498401,2.582549262,1.648321069,-0.73237069,1.476683926,-0.000318944,8.164433006,8.685214594,7.765104972,8.042979452,-0.333064431,0.607619304,-0.275653981
*CCCCO*,-613795.2735,-10.13048344,2.836765735,1.567591717,0.99135927,-0.697463542,0.994029778,8.203645515,9.305323902,7.79094904,7.514663603,0.037868544,0.254718961,0.060422398
*Oc1c(cc(cc1C)*)C,-1014266.248,-8.319106119,2.137960247,1.491842217,-1.468192686,-0.263684604,-0.021768504,14.52460398,17.63390394,16.58624766,9.35366034,-0.022623022,0.063455853,0.211978187
*Oc1c(OC)cc(*)cc1OC,-1409349.594,-7.857678535,2.379005351,2.3204237,1.193666648,1.146568563,-1.626316886,16.17142574,21.31080188,12.65809215,14.54538319,-0.147940377,-0.790598494,-3.195732635
*Oc1c(-c2ccccc2)cc(*)cc1-c1ccccc1,-2021679.317,-8.255523176,1.025960024,2.011978029,2.009780158,0.085166413,0.039824471,32.47071196,44.76103943,21.62573837,31.02535807,-0.960449399,-0.259333058,-3.067267068
*C(=O)OCCOC(=O)c1ccc(*)o1,-1801449.35,-9.336760468,0.798588075,1.721712134,1.474914417,0.534502092,-0.709385402,16.50030224,22.72516434,13.65146824,13.12427415,-0.64761874,-0.814319583,-2.583747185
*CCOCCOC(=O)c1cccc(C(=O)O*)c1,-2211477.771,-9.799783607,0.22722437,0.347737305,0.329856952,0.087126149,0.067265584,23.88330425,31.38306665,16.18080615,24.08603994,2.146203452,-1.321923619,1.518737381
*CCOc1ccc(C(=O)OCCOC(=O)c2ccc(O*)cc2)cc1,-3016051.313,-8.763815561,0.940341323,0.829139746,-0.825436524,0.077737089,0.00917653,36.18146357,54.73109468,31.37420888,22.43908716,0.421194967,-0.934721086,-4.251105513
*CCCCOc1ccc(C(=O)OCCOC(=O)c2ccc(O*)cc2)cc1,-3222595.19,-8.746487916,0.945744277,1.00100627,-0.992431766,0.079159419,-0.104050612,40.03621524,60.00681194,36.20612983,23.89570395,0.163585066,3.163549908,0.806807758
*Oc1ccc(NC(=O)c2cccc(C(=O)Nc3ccc(*)cc3)c2)cc1,-2908012.404,-8.014586702,0.31610264,2.940320342,2.398213353,-1.54908724,0.703125274,40.73739723,58.36113926,36.57985659,27.27119584,-0.018807601,-1.397733478,-8.709478224
*Oc1ccc(cc1)S(=O)(=O)c1ccc(cc1)*,-2855315.925,-9.144884041,0.552799522,6.023811404,0.768395316,-1.445076281,5.797208554,24.77260587,29.62586326,24.16849071,20.52346364,-0.216439746,0.325053708,0.075992245
*Oc1ccc(cc1)S(=O)(=O)c1ccc(cc1)Oc1ccc(cc1)C(c1ccc(cc1)*)(C)C,-4576671.134,-8.820213524,0.77512993,6.403036577,-1.64940425,-5.027320072,3.606160827,51.78813071,60.13276709,42.8014676,52.43015743,4.43315187,-1.593415171,2.07723737
*Oc1ccc(S(=O)(=O)c2ccc(Oc3ccc(Cc4ccc(*)cc4)cc3)cc2)cc1,-4370122.253,-8.819603553,0.764521385,6.013590076,-1.726504992,5.053574733,2.764747464,48.95884429,65.06965441,39.74797493,42.05890355,1.616790137,3.176878511,-0.383877354
*Oc1ccc(cc1)C(c1ccc(cc1)OCC(C*)O)(C)C,-2429487.103,-8.183126893,1.631294424,2.431748975,-1.997125184,0.831403669,-1.110703388,33.6325201,41.44744591,32.02360733,27.42650705,-1.420473088,2.569650471,0.174921739
*CC1CC(*)OC(CCC)O1,-1221312.671,-9.896481927,2.758595399,1.95807068,-1.09700296,-0.026268556,-1.621707512,15.04446703,16.6496608,14.11970661,14.36403367,0.68367122,0.602716946,-0.632604165
*Oc1ccc(cc1)Oc1ccc(cc1)C(=O)c1ccc(cc1)*,-2516917.161,-8.179879519,0.303145981,3.836759762,2.57419118,-1.24137155,2.559933967,35.83902189,48.66682379,28.28346977,30.56677211,-1.685839497,-0.809896276,-6.106889382
*Oc1cccc(S(=O)(=O)c2ccc(*)cc2)c1,-2855310.374,-9.144839399,0.394358774,6.600283863,0.377649335,-6.085438567,-2.527561175,24.63490376,28.50894303,21.1411132,24.25465505,-0.822277818,-0.627786981,-1.662859686
*Oc1ccc(S(=O)(=O)c2ccc(Oc3ccc(C(c4ccc(*)cc4)(C(F)(F)F)C(F)(F)F)cc3)cc2)cc1,-6140789.081,-8.901293598,0.587227582,7.499941794,-0.903387428,5.769628943,4.705783669,52.91256839,68.73019625,44.74116051,45.26634841,-3.862902234,0.274344561,-0.336458419
*Oc1ccc(S(=O)(=O)c2ccc(Oc3c(C)cc(C(C)(C)c4cc(C)c(*)c(C)c4)cc3C)cc2)cc1,-4989811.774,-8.676046616,0.776043087,6.146222956,-0.98813585,5.971994027,1.065331647,59.31971443,67.22360009,51.37877474,59.35676846,-6.265322705,0.957731068,3.491316036
*Oc1ccc(S(=O)(=O)c2ccc(Oc3ccc(-c4ccc(*)cc4)cc3)cc2)cc1,-4266855.353,-8.683945732,0.7096556,5.866498126,-1.631300073,1.827590738,5.330532096,48.05263019,65.03796969,39.4768609,39.64305996,-5.205154101,0.623392103,0.651754707
*Oc1ccc(Oc2ccc(Oc3ccc(S(=O)(=O)c4ccc(*)cc4)cc3)cc2)cc1,-4464403.313,-8.792018369,0.585740635,8.154580697,5.14872316,-6.078948559,1.741901425,47.45867744,58.51212351,38.66161502,45.20229379,-1.637245394,2.029390076,-2.870991538
*c1ccc(-c2nc3cc4nc(*)oc4cc3o2)cc1,-2097004.594,-8.481652377,0.205768177,2.407379146,-1.069062683,1.626239073,-1.41701299,28.59131232,46.70343964,20.47417942,18.59631792,-0.560487534,1.961437783,-5.763483243
*CCOCC(=O)O*,-1005864.856,-9.927214636,2.473043281,1.872517739,1.089860855,0.944351204,-1.194456697,9.050602341,10.75391113,8.890925457,7.506970437,0.424435544,0.399049141,-0.059349192
*CCOCCOC(=O)c1ccc(-c2ccc(C(=O)O*)cc2)cc1,-2818470.703,-9.089881513,-0.113901404,0.73971937,-0.465854472,-0.55049869,0.164667999,35.99872749,48.70788667,28.20241324,31.08588256,8.208313371,-4.966776056,-6.789123082
*Oc1ccc(S(=O)(=O)c2ccc(Oc3ccc(C(=O)c4cccc(C(=O)c5ccc(*)cc5)c4)cc3)cc2)cc1,-5469257.444,-8.883116938,-0.154628893,7.618429524,-5.045758183,5.707473807,-0.074401053,63.52569163,85.13459022,48.51007213,56.93241253,-2.954275134,1.151804856,-5.962340617
*CCCCCCOC(=O)Nc1ccc(C)c(NC(=O)OCCCCCCOc2ccc(-c3ccc(O*)cc3)cc2)c1,-4843420.485,-7.622634567,1.446313083,1.765885142,0.001042327,-0.715036644,-1.614642947,63.8538209,55.90134369,79.09511155,56.56500744,5.745356511,7.546284814,-7.150119422
*CS*,-1151999.612,-9.145269156,2.239818601,1.688055055,-0.992791183,-1.245832153,0.558388559,4.892076439,5.673860646,4.484879054,4.517489618,0.280673765,-0.159231248,0.001578076
*CCS*,-1255276.463,-9.111088618,2.276846258,1.78146155,-1.471620507,-0.103689292,0.998592443,6.846136174,8.035735022,6.403378003,6.099295498,0.083704172,-0.239686372,0.039052838
*CCCSS*,-2404154.762,-9.252925714,1.073212108,2.236119544,-1.983598186,0.325161618,0.979713618,11.47503497,13.24821443,10.48602316,10.69086732,0.753024278,0.392413119,0.561551339
*Sc1ccc(cc1)*,-1655698.442,-9.442511901,1.375796974,1.770602594,-1.051352418,-0.284869741,1.395901454,13.06284517,16.17776423,13.50308895,9.507682335,0.586725266,-2.874576063,0.566196713
*Oc1ccc(Sc2ccc(OC(*)=O)cc2)cc1,-2955581.578,-8.209443755,1.292142022,2.694286264,-1.492904138,2.239428214,-0.124003943,27.54801046,37.21938756,24.36723064,21.05741319,-1.73552402,-1.040159858,-0.652982091
*OC(=O)CCC(=O)OCC*,-1406941.98,-10.2838602,2.202027349,1.801279345,1.20773932,1.028741683,-0.853031983,12.38185753,12.9107697,12.06208357,12.17271931,-1.089327509,-0.936775398,0.206836662
*CCCCOC(=O)CCC(=O)O*,-1613493.43,-10.34690602,2.390376257,0.533262854,0.176292027,0.358014568,-0.353717346,16.02813288,16.99380869,16.87331822,14.21727174,-1.629599535,-0.432074919,-0.665580854
*OC(=O)CCCCCCCCC(=O)OCC*,-2026580.967,-10.29569892,2.497149592,3.205711336,-0.8944152,0.366522711,-3.056512346,23.50577051,28.86024468,19.81795761,21.83910926,-0.715729156,1.093289748,0.025394958
*CCCCCCOC(=O)CCCCCCCCC(=O)O*,-2439669.143,-10.1382159,2.587927741,2.630870031,0.334703707,1.986615662,1.691983676,30.61081148,37.97935993,28.74630219,25.10677234,-0.396614394,0.084237731,1.189010007
*OC(=O)c1ccc(cc1)C(=O)OCC*,-1807391.238,-9.86940529,-0.056776773,0.823183055,-0.816646187,-0.027482301,0.099820186,19.79609844,27.20154396,13.30712673,18.87962464,3.58439404,0.770393319,2.045278451
*OC(=O)c1cc(ccc1)C(=O)OCC*,-1807393.102,-9.883263002,0.314307244,1.845509398,1.047209977,1.519208433,0.035523795,19.549277,25.50666158,20.95924948,12.18191992,0.006031349,1.817052326,-0.219283402
*OC(=O)c1ccc(cc1)C(=O)OCCCC*,-2013937.223,-9.900562856,-0.062095464,3.063647913,1.132903438,-1.253581113,-2.555582659,23.35077898,30.1810057,17.92292934,21.9484019,-4.298367239,1.692677151,1.128996631
*CCCCCCOC(=O)c1ccc(C(=O)O*)cc1,-2220482.396,-9.872235514,-0.059713013,0.780067826,-0.758226262,-0.05393052,-0.17518632,26.93553243,31.94413901,26.1022789,22.76017936,4.53352941,2.701372512,-1.488708306
*Oc1ccc(cc1)C(c1ccc(cc1)OC(=O)c1ccc(cc1)C(=O)*)(C)C,-3124517.359,-8.372041147,-0.41005179,1.346292363,-1.249687433,0.11239892,0.488007101,42.98254194,58.44774406,36.42248731,34.07739445,2.854192039,1.605679019,1.206589224
*Oc1ccc(cc1)C(c1ccc(cc1)OC(=O)c1cc(ccc1)C(=O)*)(C)C,-3124519.69,-8.368348927,-0.051060272,3.255656086,-3.106837964,-0.191137781,-0.954107315,42.55145631,57.10725747,38.65279393,31.89431752,-2.511994391,-1.50548882,5.257403935
*OC(=O)c1cc2c(cc1)ccc(c2)C(=O)OCC*,-2211015.147,-8.751410488,-0.003381923,2.008866234,-0.846941118,1.819318076,-0.091192273,27.87140284,41.19520866,27.06697019,15.35202968,0.212334814,-2.873434844,-0.730897064
*OC(=O)c1cc2c(cc1)cc(cc2)C(=O)OCC*,-2210984.64,-8.972402017,-0.381874253,3.978028659,-3.86126252,-0.228388434,0.929086908,27.79655835,40.68327953,27.43925718,15.26713834,3.298006024,1.969575902,-1.129962912
*CCCCOC(=O)CCCCC(=O)O*,-1820040.99,-10.16271074,2.49201838,2.859755447,0.026045153,1.343182199,2.524556288,19.62278535,22.64162559,17.60784878,18.6188817,-1.292045752,-0.120826144,0.324199891
*Oc1ccc(C2(c3ccc(OC(=O)c4cccc(C(*)=O)c4)cc3)c3ccccc3-c3ccccc32)cc1,-4128800.344,-8.183044237,-0.002639534,2.101893079,1.956680896,0.650069284,0.408367863,59.43757347,66.49302684,51.8478217,59.97187188,3.442732314,-1.136451814,-0.197515136
*CCOC(=O)c1cccc2c(C(=O)O*)cccc12,-2210990.558,-8.665802071,-0.198805781,0.895737461,-0.872420582,-0.031825285,-0.200536974,27.08836456,35.99216955,29.26965677,16.00326735,-0.005178431,-3.409608627,2.018534734
*CCOC(=O)c1ccc(C(=O)O*)c2ccccc12,-2210980.406,-8.613538789,-0.315991776,0.581763048,0.539889426,0.126911508,0.175673335,27.14289715,34.56137963,31.36211115,15.50520066,-0.231580913,0.400722434,0.060813936
*CCCCCC(=O)O*,-1014871.629,-10.35921951,2.430940578,1.578500086,0.376357801,0.417154122,-1.475127033,11.71381378,12.57718367,10.71274851,11.85150915,-0.183190399,-0.345341385,0.107620654
*CCCOC(=O)c1ccc(C(=O)O*)cc1,-1910664.965,-9.875777106,-0.063690815,0.784311679,-0.783747795,-0.019240725,-0.022671502,21.54069332,28.39152741,16.37436575,19.85618682,4.247668995,-0.285563759,-2.860498416
*Oc1ccc(cc1)c1ccc(cc1)OC(=O)CCCCCC(=O)*,-2724084.546,-7.977334557,1.456764496,4.247309733,3.277118774,2.617311827,0.670679736,35.81417615,48.01895695,34.44480031,24.97877118,-5.239266754,1.291387461,1.222206474
*Oc1ccc(-c2ccc(OC(=O)CCCCCCC(*)=O)cc2)cc1,-2827347.274,-8.120768214,1.259914999,1.975399463,1.003737478,-0.922337468,1.429687976,38.27701554,56.49133346,27.99530786,30.34440531,-3.271912086,0.058824918,-1.979947015
*Oc1ccc(-c2ccc(OC(=O)CCCCCCCC(*)=O)cc2)cc1,-2930615.112,-8.125531801,1.259913059,2.610967668,-0.885970299,2.332947072,0.767832502,40.08224555,58.25209001,35.08110118,26.91354547,-2.760474291,-0.448635404,-1.496949365
*Oc1ccc(-c2ccc(OC(=O)CCCCCCCCC(*)=O)cc2)cc1,-3033921.129,-8.145573642,1.141537699,3.740334362,-0.239971966,1.906079042,-3.20926429,40.4188301,34.37010124,48.05817431,38.82821475,5.130637268,-0.110347493,9.831368194
*Oc1ccc(-c2ccc(OC(=O)CCCCCCCCCC(*)=O)cc2)cc1,-3137190.234,-8.30472338,1.003405309,2.962995197,-1.982098821,2.03053692,0.852962261,42.34444818,49.48783871,35.88680963,41.6586962,-3.579238431,10.76008057,0.770218994
*Oc1c(cc(cc1)OC(=O)c1ccc(cc1)c1ccc(cc1)C(=O)*)C,-2917989.428,-8.459542721,-0.279485116,3.417953657,-2.218609326,1.595383475,-2.053029818,41.30661282,65.15844786,33.78781774,24.97357286,-3.015594133,-2.736851921,-4.142682784
*Oc1ccc(cc1)S(=O)(=O)c1ccc(cc1)OC(=O)c1ccc(cc1)C(=O)*,-4255328.512,-9.193066337,-0.586805627,5.96839681,0.500142353,5.783352772,-1.387245046,41.3143736,55.54690422,36.32371956,32.07249703,-0.900408361,0.27994133,-2.553500572
*Oc1ccc(-c2ccc(OC(=O)CCCCCCCCCCC(*)=O)cc2)cc1,-3240472.437,-8.176742065,1.17725327,3.935106554,-1.189868281,1.316629313,-3.512230676,43.39904167,42.13555932,37.98620175,50.07536393,-1.815291989,-11.36029299,-4.281793322
*Oc1ccc(-c2ccc(OC(=O)CCCCCCCCCCCC(*)=O)cc2)cc1,-3343744.769,-8.063209711,1.175143317,4.134433784,-1.58981744,2.181820788,3.131402445,45.21222741,47.63556986,42.61328831,45.38782405,6.447955388,-10.56140478,-2.601334943
*Oc1ccc(-c2ccc(OC(=O)CCCCCCCCCCCCC(*)=O)cc2)cc1,-3447016.583,-8.084421865,1.400699143,3.264952816,0.804719687,-1.900464794,-2.529936103,47.42612828,53.14481038,38.64884036,50.48473411,6.287805339,6.493179515,5.808034413
*CC1CCC(COC(=O)CCC(=O)O*)CC1,-2023455.215,-10.32036107,2.401803211,0.545901893,-0.007371667,0.015959899,-0.545618747,22.50865622,25.9201506,19.95918104,21.64663702,-1.748084328,0.973762971,-1.610049556
*OC(C)CC(*)=O,-808219.2309,-9.904613611,1.711796287,1.234354396,-0.719667324,0.654864025,-0.759514863,8.342585997,9.158142107,8.415820434,7.453795448,-0.074718163,0.016521532,-0.684634767
*OC(C)C(*)=O,-704946.5902,-10.3714958,1.221335447,2.446454056,0.608598103,-2.136954787,-1.023801755,6.638098482,7.345827559,6.792896495,5.775571394,-0.326539327,-0.458831209,0.492298209
*CC(C)(CCC)C(=O)O*,-1118154.377,-10.26144329,2.599816784,1.481683132,0.777969085,0.387338732,1.200049046,13.53222531,14.36186993,13.08595658,13.14884941,1.073928827,0.512818229,-0.159511508
*OC(=O)c1ccc(cc1)c1ccc(cc1)C*,-1815731.325,-8.782208799,0.299482376,5.641536592,-5.231893944,1.255691724,-1.696307509,26.44660508,39.64781902,16.77488013,22.91711608,-3.789673546,-2.100338079,-2.617244483
*CC1CCC(COC(=O)CCCCCCCCC(=O)O*)CC1,-2643092.766,-10.22657764,2.46035504,2.585093731,-1.087119136,1.592033822,1.722297852,33.24395661,35.67504818,30.78084376,33.27597789,-1.820511857,0.59379195,4.522091945
*OC(=O)c1ccc(cc1)C(=O)NCCNC(=O)c1ccc(cc1)C(=O)OCCCCCCCCCC*,-4333389.386,-9.819550037,-0.167613238,3.893072634,-3.785745854,0.000251742,-0.90782311,56.27710569,66.35394052,58.11264274,44.36473382,3.191901663,-0.93712652,-1.568963844
*CCOC(=O)C1CCC(C(=O)O*)CC1,-1816909.805,-10.1803966,2.315351131,2.745300195,0.487041248,-2.436988855,1.166425866,18.5954906,21.53894184,17.95716491,16.29036505,-1.183766083,-0.710438749,-0.613042804
*OC(=O)c1ccc(cc1)c1ccc(cc1)C(=O)OCC*,-2414384.862,-9.01514469,-0.040058732,1.217562245,-0.738015276,-0.234898609,-0.93947534,31.79449367,49.58152224,25.90219947,19.89975929,2.717900865,0.865544071,-3.316335512
*OC(=O)CCCCCNC(=O)CCCCC(=O)NCCCCCC(=O)OCCCCCC*,-3945607.916,-9.695133262,1.776199445,5.204737188,4.484361258,-0.915375021,2.478282041,48.29554613,55.35376046,42.66729238,46.86558555,1.825897869,5.580470364,0.160696702
*CCCCCCOC(=O)CCCCCCCC(=O)O*,-2336398.989,-10.170196,2.527599869,0.93831822,0.104679389,-0.917143596,0.168317951,28.67616818,32.02557067,27.29432937,26.70860451,0.644551557,0.717140191,-2.142382337
*CCCCCCOC(=O)c1ccc(-c2ccc(C(=O)O*)cc2)cc1,-2827476.034,-9.01805128,-0.044912584,1.438816186,-1.195108681,0.749746141,0.282467664,38.99449129,51.60263947,32.62184815,32.75898626,10.67187214,1.370260515,-0.052898255
*CC(C)(C)COC(=O)CCC(=O)O*,-1716783.965,-10.39449941,2.268205553,1.140514542,0.602340666,-0.251241452,0.935327149,17.78033661,19.15060555,16.4552163,17.73518797,-0.766635078,-0.701271941,1.108492993
*Oc1ccc(cc1)C(c1ccc(cc1)OC(=O)CCCCC(=O)*)(C)C,-2930624.498,-8.189320445,1.519304677,4.349716421,4.170684226,1.159779324,-0.42466216,38.34601264,48.44999274,32.57928905,34.00875614,-3.265577173,-1.349075608,0.540786919
*CCCCCCOC(=O)c1ccc2cc(C(=O)O*)ccc2c1,-2624081.572,-8.923720691,-0.376881594,4.050193847,-3.668559276,1.714542313,0.078023651,34.42155779,40.89878162,30.59145474,31.77443702,-5.900840769,-11.01174305,0.605127027
*CCCCCOC(=O)c1ccc2cc(C(=O)O*)ccc2c1,-2520803.42,-8.962337458,-0.383725455,5.277093127,4.868429537,-1.530239434,-1.343306737,33.2323916,47.36008499,21.18877193,31.14831788,-2.811994535,3.068862034,-1.98398185
*CCCCOC(=O)c1ccc2cc(C(=O)O*)ccc2c1,-2417531.361,-8.960446806,-0.380184021,5.393541639,-4.786178351,2.057573497,-1.396130191,31.5098101,46.32346426,24.54535323,23.66061281,1.986678731,2.643685344,-4.221990189
*CCCOC(=O)c1ccc2cc(C(=O)O*)ccc2c1,-2314258.159,-8.897389832,-0.348490865,3.95165155,-3.132681657,0.457115449,2.364931517,29.70661866,44.1783069,18.32575445,26.61579463,-1.733006941,-3.218060942,-2.915902339
*CCCCNC(=O)CCCCC(=O)N*,-1715678.888,-9.404649157,2.626332759,1.058892938,0.128420247,0.405982282,-0.969505483,21.07121228,23.57807021,18.25945375,21.37611288,-0.302208355,2.219673157,0.211548053
*NC(=O)CCCCC*,-962678.372,-9.67453851,2.615088761,3.56925175,2.399999973,-2.462540104,-0.956793825,12.51138802,14.74622643,11.93518582,10.85275182,-0.239472351,-0.545675391,0.206804277
*NC(=O)CCCCC(=O)NCCCCCC*,-1922220.112,-9.53230717,2.495673972,1.621792864,-0.508450596,0.012745336,1.539976506,24.68441058,27.81400348,24.70551752,21.53371073,0.548805139,1.967628305,2.057215483
*NC(=O)CCCCCCCCC(=O)NCCCCCC*,-2335304.043,-9.367625182,2.5792359,3.806026562,1.319976764,3.398624492,1.092177228,32.14104987,38.40274069,28.26498617,29.75542274,0.803431201,-1.640110033,-1.15127161
*CCCCCCC(=O)N*,-1065952.435,-9.678706359,2.608362492,3.574181212,2.689445502,-2.179601545,0.889376937,14.40833475,17.2990646,12.8469077,13.07903195,0.333406469,0.040592383,-0.245264225
*NC(=O)CCCCCCC*,-1169224.728,-9.680520817,2.604672327,3.540396201,2.616886422,2.384498773,0.021824645,16.23078154,19.50834953,14.4127878,14.77120728,-0.200369702,-0.099809024,0.203591426
*CCCCCCCCNC(=O)CCCCCCCCC(=O)N*,-2518906.477,-7.464878994,-5.996818221,3.551969022,3.50573577,0.570971968,0.017077801,,229.7257046,319.5650944,,-88.90331329,,
*CCCCCCCCC(=O)N*,-1272495.341,-9.678782236,2.602603364,3.474403937,1.237241238,2.319880434,-2.271314952,17.95218645,20.18452507,17.39039919,16.2816351,0.419199986,-0.266646872,-0.213417836
*CCCCCCCCCC(=O)N*,-1375767.954,-9.683847731,2.601111601,3.560198164,2.382005787,-2.621203092,0.361045359,19.77075656,22.59679078,17.41155555,19.30392334,-0.474132105,0.115694779,0.616149555
*NC(=O)CCCCCCCCCC*,-1479039.824,-9.673663929,2.612193976,3.588665371,1.940943756,1.29897282,2.724688257,21.68253315,27.01838828,19.39207689,18.63713428,-0.415766129,0.95401124,0.468878628
*CCCCCCCCCCCC(=O)N*,-1582312.146,-9.678360273,2.606036824,3.565422029,1.588636946,1.492032484,2.821755831,23.48895929,27.64363088,20.6898228,22.13342421,0.071595451,0.516441617,-0.298360553
*CCCCCCCCCCCCC(=O)N*,-1685584.192,-9.672534513,2.613592297,3.507614423,2.206477327,-0.804170329,2.60540339,25.34516584,31.40933057,22.31638838,22.30977858,0.368474559,0.051362171,0.438015938
*NC(=O)c1ccc(cc1)CC(=O)NCCCCCC*,-2219399.265,-9.26369688,0.771063458,2.569149352,-1.53912337,-2.030170207,-0.331717614,28.71747703,27.60551916,25.91435777,32.63255415,-0.329065034,2.091744485,2.224220855
*NC(=O)c1cc(ccc1)C(=O)Nc1ccc(cc1)c1ccc(cc1)*,-2710440.645,-8.093918332,0.335345469,3.811963163,3.771452786,0.414570924,-0.367883124,40.49487357,61.53680835,36.56516338,23.38264899,-1.476026448,-4.31148433,5.024574357
*CCCCCCNC(=O)c1cccc(C(=O)N*)c1,-2116109.24,-9.594704387,0.616944118,3.338127385,-2.421061023,-1.954646321,1.208683466,27.97430279,31.06128913,27.42849141,25.43312783,1.740433124,-5.8264781,-0.962593776
*NC(=O)c1ccc(cc1)CC(=O)NCCC*,-1909568.744,-9.268963239,0.805330189,2.694780731,2.131663974,0.497891308,1.571609411,23.9265391,26.78416144,22.90378447,22.0916714,0.084093856,-4.167081719,-0.691540386
*NC1CC(C)(C)CC(C)(CNC(=O)CCCCC(*)=O)C1,-2332096.519,-9.124707314,1.121530982,3.576395347,2.911872431,1.793154416,1.046995636,30.64524685,33.64169911,28.9379031,29.35613832,-1.426467265,-1.275473074,1.181371789
*Cc1cccc(CNC(=O)CCCCC(=O)N*)c1,-2116136.335,-9.311733129,1.371227914,4.727141766,-3.097357927,1.636341923,-3.174055491,26.84470209,25.76220753,28.92850985,25.84338889,0.227034179,3.137563839,1.549783007
*NC(=O)c1ccc(cc1)C(=O)Nc1ccc(cc1)*,-2103447.353,-8.598231297,0.148476828,0.706337057,0.62217833,-0.115645777,0.313739093,28.71897581,43.06445947,24.61448339,18.47798457,-0.986929894,-1.608394635,-4.779734781
*NC(=O)c1ccc(cc1)C(=O)Nc1ccc(cc1)c1ccc(cc1)*,-2710436.929,-8.185376719,0.095953883,3.103871239,0.609460309,0.086921821,3.042206337,40.97257319,65.18095697,35.64399698,22.09276562,1.360628219,-3.515865724,0.097693217
*NC(=O)c1ccc(cc1)C(=O)NCCCCCC*,-2116111.635,-9.578360984,0.335603938,3.216788225,1.114845709,-2.962836366,0.571354708,28.25446678,35.01142281,23.47639379,26.27558375,4.154954413,-1.355808847,1.533742818
*CCCCCCCCCNC(=O)c1ccc(C(=O)N*)cc1,-2425927.496,-9.581117646,0.339575016,3.104780744,-0.605876432,1.788420697,2.464574736,33.8442226,44.21396332,30.81959974,26.49910473,1.567001663,0.922233274,-3.044271301
*S(=O)(=O)c1ccc(cc1)NC(=O)CCCCC(=O)Nc1ccc(cc1)*,-3957123.864,-8.600192877,0.51034335,5.993675619,-5.355043606,2.642233191,-0.516003069,40.03428217,60.15439349,23.57303793,36.3754151,-0.755248428,0.551173067,-2.014300575
*NC(=O)C*,-549584.855,-9.663639917,2.554522439,3.819334951,1.246685954,-3.351949346,1.340719651,5.494353173,5.976908143,5.895640491,4.610510884,-0.313696411,-0.118242763,-0.729466988
*NC(CCC(=O)OC)C(*)=O,-1354652.955,-9.428620249,1.682821552,2.406725642,2.349350407,-0.461744235,0.244281071,13.30348732,16.38922648,11.3896984,12.13153707,-0.160605496,0.378505316,-0.573607697
*C(=O)CCCCCCCCC(=O)N1CCN(*)CC1,-2125459.667,-8.886014518,1.727644199,0.964490763,0.123340341,0.938087668,-0.187139306,27.45520404,28.87007276,28.10492184,25.39061752,0.568244555,-0.364712453,0.648900685
*CCCC(=O)N*,-756134.8796,-9.678817801,2.599752461,3.567057903,1.699076746,-2.011687388,-2.406273914,8.977574788,10.19030905,8.201816605,8.54059871,-0.34663886,-0.077931366,0.52480324
*CCCCNC(=O)CCCCCCC(=O)N*,-1922219.464,-9.431398139,2.574221941,1.669882295,1.162511941,0.526312039,-1.077064763,24.6741224,27.66251363,20.729384,25.63046956,-0.656770764,1.232222724,0.425162095
*CCCCNC(=O)CCCCCCCCC(=O)N*,-2128762.551,-9.422603616,2.558549464,2.682720705,-0.050415683,2.676078742,-0.181799908,28.34706072,33.86933759,26.71139511,24.46044947,1.219321081,0.266560144,1.987578234
*CCCCCCCCCCCNC(=O)CCCCC(=O)N*,-2438596.278,-9.377380025,2.449848666,2.303646698,-1.072047315,-1.401411933,-1.481062881,33.46048851,33.35115697,32.13371171,34.89659685,0.925009887,2.630461454,-5.365570293
*CCCCCCCCCCCCNC(=O)CCCCCCCCCCC(=O)N*,-3161518.99,-8.955810616,1.93774131,7.875781698,0.266311177,-0.225994348,7.868032935,45.2982236,45.29067193,44.10027005,46.50372882,-0.177656373,-1.918099081,-0.824040981
*NC(=O)c1ccc(cc1)c1ccc(cc1)C(=O)NCCCCCC*,-2723098.014,-8.881350476,0.228612995,5.644643882,1.036704624,3.640496379,-4.187366022,40.3557704,55.07443649,32.84942243,33.14345229,1.114980294,8.701651036,-2.392023464
*NC(=O)c1ccc(cc1)C(c1ccc(cc1)C(=O)NCCCCCC*)(C)C,-3032919.347,-9.067514394,0.834519138,6.367327376,-0.414708628,3.943631769,4.981831303,44.24159362,55.33229183,38.05632268,39.33616637,-0.02229068,-3.673618177,-1.462780444
*CCCCCCCCCCC(=O)N(*)C,-1582291.912,-9.55301236,2.621389735,3.484489174,-1.610087284,-2.998370982,0.747699941,23.5038352,28.99154312,20.19511124,21.32485123,1.416236142,0.3895764,0.035666905
*N(C(=O)CCCCC(=O)NCCCCCC*)C,-2008149.292,-7.594675911,-5.522179378,0.834695669,-0.711063881,0.051242493,0.43414194,,,,,,,
*N(C(=O)CCCCC(=O)N(CCCCCC*)C)C,-2128727.267,-9.133731738,2.497837424,1.643830046,-0.877728846,-0.809487376,1.129822766,27.70241696,27.81556616,25.16700011,30.12468461,1.390266337,-0.89169065,1.507738157
*N1C(CCC1)C(=O)*,-856101.592,-9.397726596,1.393559646,2.886398725,2.753088285,-0.593501662,0.632106218,10.14239144,11.76069726,8.6882417,9.978235358,0.481727333,0.277135578,0.31969885
*NC(C(=O)*)CCC(=O)OCc1ccccc1,-1961638.707,-9.397963167,1.468158856,3.44555719,1.535095144,2.965292603,-0.849933542,22.86964173,26.93526821,18.99477951,22.67887748,1.141110042,-2.109649813,0.295504609
*NC(C(=O)*)C,-652761.6117,-9.401506293,1.567733295,1.783875075,1.456953018,-1.020178972,-0.136868734,7.273910537,8.018689651,7.419580445,6.383461513,-0.308078187,0.393217304,0.377162398
*NC1CCC(CC2CCC(NC(=O)CCCCCCCCCCCCC(*)=O)CC2)CC1,-3464943.863,-9.138081807,1.759867849,3.126292572,1.781475623,2.424231042,0.850384446,50.26547195,59.22672274,45.54535856,46.02433456,0.575692543,3.232534819,-0.96806462
*NC(CCC(=O)OCCCCC)C(*)=O,-1767757.218,-9.432867758,1.67784626,2.291747215,-1.805341821,0.164810381,1.402028439,20.29225404,22.60886342,18.54522046,19.72267825,-0.142743943,-0.90246901,1.046698553
*NC(CCC(=O)OCCCCCC)C(*)=O,-1871019.443,-9.499139649,1.573256409,2.204195028,1.432667745,-1.637467347,0.353043253,22.09863685,25.49345029,20.71889206,20.0835682,-0.03419161,-0.6877159,-0.711329738
*NC(CCC(=O)OCC)C(*)=O,-1457938.581,-9.419697073,1.68998195,2.430407162,2.274146745,-0.619401132,0.592855626,15.0440015,18.03833773,13.18856512,13.90510165,-0.362747477,0.897421794,-0.237812242
*NC(CCC(=O)OCCC)C(*)=O,-1561212.113,-9.430267504,1.679965346,2.317882977,2.141091186,-0.710459649,0.532500812,16.75054674,19.69125833,15.52076366,15.03961823,-0.727507696,0.542543035,0.369115121
*N(C(=O)c1ccc(cc1)C(=O)N(CCCC*)C)C,-2116056.415,-9.255838358,0.580744816,1.515024533,-0.802652748,1.189234464,-0.486589446,28.23745182,35.52716807,26.05552648,23.12966091,3.922803388,-1.073171844,1.667211118
*CCCCCCNC(=O)c1ccc(C2(C)CC(C)(C)c3ccc(C(=O)N*)cc32)cc1,-3339612.043,-9.133643696,0.877497862,6.442139634,-0.82913554,-2.472163325,-5.890849328,48.57992588,52.8185718,44.517777,48.40342885,-5.760768086,-2.000683924,2.013349738
*OC(=O)NCCCCC*,-1160313.995,-9.696999834,2.77707045,2.127951998,0.516586271,0.392695658,-2.026600219,13.16160375,15.18260206,11.80973827,12.49247092,-1.669347978,0.339226792,-0.923173523
*OC(=O)NCCCCCCNC(=O)OCCCC*,-2317443.753,-9.588851397,1.836330303,5.297214883,-2.65471685,-3.99099746,-2.254973001,25.55347772,28.17570048,23.00994477,25.4747879,-0.448533651,0.494845453,1.539913709
*OC(=O)NCC(C(C(C(CNC(=O)OCCCC*)(F)F)(F)F)(F)F)(F)F,-4402843.383,-10.34118009,1.94494059,2.979739862,1.802249712,2.240427445,0.781812306,25.94289328,28.65803786,24.42225962,24.74838237,-0.629480687,1.203538567,-0.45119931
*OC(=O)Nc1ccc(cc1)Cc1ccc(cc1)NC(=O)OCCCCCC*,-3221590.742,-8.21623837,1.580518925,4.030480866,1.637898473,-2.017072522,-3.08114963,42.74291696,56.40120239,36.21291326,35.61463524,-6.312765729,-0.162221966,0.988694511
*OC(=O)Nc1ccc(cc1)Cc1ccc(cc1)NC(=O)OCc1cc(ccc1)C*,-3415478.881,-8.222702103,1.576981173,4.512886708,2.478495637,1.329826492,3.529131241,45.7107642,61.90928957,37.28522037,37.93778265,0.804837111,0.529809156,2.827768373
*OC(=O)Nc1ccc(cc1)NC(=O)OCC*,-2098242.14,-8.084824202,1.688746397,3.289394106,2.31348797,1.946719347,-1.295442311,23.01643617,34.29281451,20.64605412,14.11043989,-0.079348657,0.520510792,-1.779874857
*OC(=O)Nc1cc(ccc1)NC(=O)OCC*,-2098247.744,-8.403788754,1.68822905,2.64436972,-1.794985217,0.615941223,1.841557954,22.76851458,31.32813334,15.05206966,21.92534074,-2.052205104,0.682558758,3.044828775
*OC(=O)Nc1ccc(cc1)NC(=O)OCCCCCC*,-2511333.069,-8.087839268,1.683945107,3.109135565,-1.80161853,-1.830995368,-1.751670802,30.2178016,39.98400669,24.06126704,26.60813108,3.849596241,-1.790673125,1.534421341
*OC(=O)Nc1ccc(cc1)c1ccc(cc1)NC(=O)OCC*,-2705233.728,-7.910118484,1.115132012,3.339268545,-2.228507226,-1.050557373,-2.254062813,35.08641322,55.47788133,20.00567124,29.77568709,1.318140766,-3.013260465,-0.079861134
*OC(=O)Nc1c2c(ccc1)c(ccc2)NC(=O)OCC*,-2501888.963,-7.881642583,0.588244209,0.738444893,0.735836409,0.005271581,-0.061788749,30.47670876,43.081194,17.2548953,31.09403699,-2.444471453,1.4806894,-1.624330762
*NC(=O)NCCCCCC*,-1211389.718,-9.536124257,2.347435057,3.669010813,2.440514424,-1.703648985,2.14548592,15.51629459,17.0717669,15.93349559,13.54362128,0.315922988,0.69969538,-0.250380082
*NC(=O)NCc1ccc(cc1)CNC(=O)NCCCCCC*,-2613523.201,-8.858607033,1.723317137,3.788151088,-1.026161177,3.608655038,0.524109453,34.21805814,41.73177745,32.74911456,28.1732824,1.121663654,0.111981445,1.081772321
*NC(=O)NCCCCCCNC(=O)Nc1ccc(cc1)Cc1ccc(cc1)*,-3117229.536,-8.087047416,1.753231298,5.313147169,0.821501805,-4.071248793,-3.313548081,42.98047368,47.75426335,35.94312811,45.2440296,0.826583256,8.484178326,1.85489102
*NC(=O)Nc1ccc(cc1)Cc1ccc(cc1)*,-1908984.317,-8.168784186,1.751502492,3.691115836,1.225717201,0.377803424,-3.461100697,27.57512362,36.78230992,22.57754239,23.36551855,2.891128776,3.665141423,-0.355431435
*C(CCCCNC(=O)NCCCCCCNC(=O)N*)C(=O)OC,-2914973.035,-9.326412378,2.469229721,2.123934683,1.632699206,-1.339971235,-0.223313528,33.19965962,34.3540598,32.14362597,33.10129308,3.237380653,-1.323614294,1.220224075
*c1ccc(Oc2ccc(N3C(=O)c4cc5C(=O)N(*)C(=O)c5cc4C3=O)cc2)cc1,-3497171.292,-8.560523724,-1.326073128,1.36570623,-0.85554492,-1.064324636,-0.020235256,43.71839079,64.74868674,40.44468332,25.96180232,1.205886801,2.202583468,-3.741493333
*c1ccc(Oc2ccc(Oc3ccc(N4C(=O)c5cc6C(=O)N(*)C(=O)c6cc5C4=O)cc3)cc2)cc1,-4301715.586,-8.547512675,-1.300732387,1.755710463,1.650966967,-0.220390576,-0.555207435,55.49093388,81.75663576,47.05100346,37.66516243,1.130666188,-4.168644408,6.11694516
*C(=O)Oc1ccc(OC(=O)c2ccc3c(c2)C(=O)N(c2ccc(Oc4ccc(N5C(=O)c6ccc(*)cc6C5=O)cc4)cc2)C3=O)cc1,-5701768.711,-8.349674133,-0.788239414,3.355198876,2.029910079,-2.664556471,0.192258633,72.41906286,112.5378058,51.57373084,53.14565191,-0.043277048,-2.480326155,-10.86943515
*c1ccc(Sc2ccc(-n3c(=O)c4cc5c(=O)n(*)c(=O)c5cc4c3=O)cc2)cc1,-4345196.665,-8.279557813,-1.351234199,1.765119824,0.578737369,0.186787547,1.657052039,46.66348568,67.41772663,28.23509212,44.33763828,-2.168419888,0.089421323,3.857643794
*n1c(=O)c2cc3c(cc2c1=O)c(=O)n(c3=O)CCCCCCCCC*,-3015118.649,-10.27658598,-1.274638199,0.822327215,0.709503038,0.392999066,0.135569987,36.91871913,37.60678907,40.63973075,32.50963755,4.124940922,5.868222204,0.024722892
*n1c(=O)c2cc3c(cc2c1=O)c(=O)n(c3=O)c1cc2Cc3c(c2cc1)ccc(c3)*,-3399752.847,-8.317929365,-1.319763509,0.999292898,-0.883666584,-0.04906823,0.464017212,45.59834442,71.54559951,25.74746759,39.50196616,-0.712533223,1.199994437,5.119110922
*c1ccc(Oc2ccc(N3C(=O)c4ccc(Oc5ccc6c(c5)C(=O)N(*)C6=O)cc4C3=O)cc2)cc1,-4301723.84,-8.433747973,-0.616026454,1.824761547,0.560246779,1.624019881,-0.615172883,56.23706115,86.67973595,44.20652414,37.82492337,-1.632573712,-1.015285622,-0.731404437
*c1cc2c(C(=O)N(C2=O)c2ccc(cc2)S(=O)(=O)c2ccc(cc2)N2C(=O)c3c(C2=O)cc(cc3)C(=O)Nc2ccc(cc2)NC(=O)*)cc1,-6840518.19,-8.37773952,-0.893654122,9.662658493,-2.536118718,8.552142137,3.714288071,78.51576564,106.1424342,64.56489406,64.83996868,1.85225751,-1.994983188,8.929101831
*c1ccc2c(c1)C(=O)N(c1ccc(Cc3ccc(N4C(=O)c5ccc(C(F)(F)C(F)(F)C(*)(F)F)cc5C4=O)cc3)cc1)C2=O,-5883720.44,-8.637883028,-0.595092484,2.071012254,-0.847586739,0.42694036,-1.840763538,61.33692441,81.96572428,46.76380028,55.28124866,-8.001144804,7.983407127,10.47243312
*c1cc2c(C(=O)N(C2=O)c2ccc(cc2)Oc2ccc(cc2)N2C(=O)c3c(C2=O)cc(cc3)C(C(C(*)(F)F)(F)F)(F)F)cc1,-5978009.399,-8.398226332,-0.706105182,3.557945109,-2.3789357,-2.276003401,1.348868732,61.0077804,84.68521755,53.06187534,45.27624832,7.979176115,1.551391818,-4.101804415
*c1cc2c(C(=O)N(C2=O)c2ccc(cc2)S(=O)(=O)c2ccc(cc2)N2C(=O)c3c(C2=O)cc(cc3)C(=O)Nc2ccc(cc2)Oc2ccc(cc2)NC(=O)*)cc1,-7645062.202,-8.15100328,-0.881361776,5.547028349,-2.753580034,4.621337734,1.352981175,90.08178288,113.4274775,74.04829765,82.76957351,5.834049697,19.98067631,8.560152011
*c1ccc(-c2ccc(-c3ccc(-n4c(=O)c5cc6c(=O)n(*)c(=O)c6cc5c4=O)cc3)cc2)cc1,-3906605.289,-8.331315379,-1.345647656,0.845353135,-0.845167627,-0.008698386,0.015425418,56.52056107,92.44451881,43.88028089,33.23688349,0.574153917,-1.04224517,8.758902924
*c1ccc(Cc2ccc(-n3c(=O)c4cc5c(=O)n(*)c(=O)c5cc4c3=O)c(C)c2)cc1C,-3609449.888,-8.879379867,-1.279967322,1.053857617,-0.910784815,0.520308432,0.101813717,47.85810498,64.10841329,36.89956085,42.5663408,-1.084733832,4.735727842,4.437655213
*c1ccc(N2C(=O)c3cc4C(=O)N(*)C(=O)c4cc3C2=O)cc1,-2692624.937,-9.282764653,-1.338797132,0.575909638,0.575689234,-0.013762086,0.008026355,31.70438394,46.34822534,31.50442251,17.26050397,-0.328016901,0.340610571,-1.508403091
*c1ccc(-c2ccc(-n3c(=O)c4cc5c(=O)n(*)c(=O)c5cc4c3=O)cc2)cc1,-3299615.122,-8.641198631,-1.343353429,0.761878552,-0.759847396,-0.045607626,0.031793197,43.84223803,68.44212645,40.93510384,22.1494838,1.696216535,-2.056652461,1.275111009
*c1ccc(-c2ccc(-n3c(=O)c4cc5c(=O)n(*)c(=O)c5cc4c3=O)c(C)c2)cc1C,-3506182.611,-8.637892094,-1.29769575,1.179609099,-1.147927178,0.130316466,0.2382403,47.41473241,71.45924119,33.60146737,37.18348865,-0.463968487,-2.835915913,-8.226333095
*c1ccc(-c2ccc(-n3c(=O)c4cc5c(=O)n(*)c(=O)c5cc4c3=O)c(OC)c2)cc1OC,-3901279.183,-8.420566447,-1.168018352,1.681570173,1.39318881,0.545808678,-0.767330485,48.86980619,71.76751615,36.64474524,38.19715717,-0.310627689,-0.163962151,8.862938945
*c1cccc(N2C(=O)c3cc4C(=O)N(*)C(=O)c4cc3C2=O)c1,-2692624.934,-9.280570524,-1.339438628,0.572315997,0.571247858,0.01854737,-0.029622309,31.70534585,46.28688165,30.89059756,17.93855833,0.33743535,-1.351381088,-3.319089132
*c1ccc(-n2c(=O)c3cc4c(=O)n(*)c(=O)c4cc3c2=O)c(C)c1,-2795910.519,-9.362286081,-1.30712918,0.749511763,-0.719439937,-0.183501316,0.102475982,33.28191276,46.25659584,27.27607763,26.31306482,-3.6471474,-0.959319378,5.788174878
*c1cccc(-n2c(=O)c3cc4c(=O)n(*)c(=O)c4cc3c2=O)c1C,-2795910.52,-9.362522604,-1.307227609,0.751067928,-0.678110609,0.236050142,0.220339204,33.28228529,45.72970805,23.70235406,30.41479375,3.945653294,-4.101643369,3.780392474
*c1c(C)c(C)c(-n2c(=O)c3cc4c(=O)n(*)c(=O)c4cc3c2=O)c(C)c1C,-3105757.097,-8.748963652,-1.261083133,1.078216441,-1.07687799,-0.028929923,-0.045249843,39.04442123,53.18834424,35.43444055,28.5104789,0.326156526,0.97407528,3.330704526
*c1ccc(Oc2cccc(Oc3ccc(N4C(=O)c5cc6C(=O)N(*)C(=O)c6cc5C4=O)cc3)c2)cc1,-4301717.722,-8.472053674,-1.328583224,1.861478295,-1.71441439,0.514510763,-0.511041505,55.37922802,77.13563802,54.90299707,34.09904898,0.355654188,6.487014623,-3.134448083
*c1ccc(Oc2ccc(-c3ccc(Oc4ccc(-n5c(=O)c6cc7c(=O)n(*)c(=O)c7cc6c5=O)cc4)cc3)cc2)cc1,-4908707.226,-8.140887964,-1.336668303,1.366066842,1.184792973,0.679578139,0.024037046,68.05014853,103.4641931,52.56038037,48.1258721,3.550527375,2.453954647,-1.630147419
*c1cccc(Oc2ccc(S(=O)(=O)c3ccc(Oc4cccc(-n5c(=O)c6cc7c(=O)n(*)c(=O)c7cc6c5=O)c4)cc3)cc2)c1,-6349339.147,-8.826845092,-1.510733918,6.384266339,2.845482865,5.629206019,-0.986976975,67.72922605,72.1752324,63.51398637,67.4984594,0.932923348,5.551724791,-12.24985021
*c1ccc(Oc2ccc(C(c3ccc(Oc4ccc(-n5c(=O)c6cc7c(=O)n(*)c(=O)c7cc6c5=O)cc4)cc3)(C(F)(F)F)C(F)(F)F)cc2)cc1,-6782644.263,-8.668591982,-1.396749004,1.867332523,-0.612079334,0.655899681,-1.637707315,72.23321931,102.650875,51.89073445,62.15804844,-11.71731178,4.193631312,-2.303924953
*c1ccc(Oc2ccc(C(C)(C)c3ccc(Oc4ccc(N5C(=O)c6cc7C(=O)N(*)C(=O)c7cc6C5=O)cc4)cc3)cc2)cc1,-5218522.529,-8.347253158,-1.287701917,2.764099368,-2.658689827,0.41609672,0.631250536,71.15165377,83.00609875,58.81741093,71.63145162,-4.940966595,-10.28913899,-4.512832155
*c1ccc(Oc2ccc(N3C(=O)c4ccc(-c5ccc6c(c5)C(=O)N(*)C6=O)cc4C3=O)cc2)cc1,-4104168.188,-8.431723255,-0.865257212,1.744079054,-0.489055999,-0.135483612,1.668616243,56.09815988,87.75517186,41.26047599,39.2788318,-3.121495442,-2.437532655,7.914206391
*c1ccc(Oc2ccc(N3C(=O)c4ccc(-c5cccc6c5C(=O)N(*)C6=O)cc4C3=O)cc2)cc1,-4104164.66,-8.353255092,-0.667736986,2.381046702,-1.636062667,-1.562573758,0.742324456,55.29464322,84.36776654,33.7628806,47.75328251,1.029589392,-4.987077858,2.592741951
*N1C(=O)c2c(C1=O)cc(cc2)c1cc2c(C(=O)N(C2=O)c2ccc(cc2)Sc2ccc(cc2)*)cc1,-4952193.829,-8.166579242,-0.894054801,2.197864651,0.029643343,-1.658811971,-1.441552337,59.13004961,91.2146604,51.44065775,34.73483068,4.042367674,-0.409289945,0.534034993
*c1ccc(Cc2ccc(N3C(=O)c4ccc(-c5ccc6c(c5)C(=O)N(*)C6=O)cc4C3=O)cc2)cc1,-4009878.835,-8.757433602,-0.85156332,0.99231994,0.503484516,0.366942925,-0.772369792,56.697051,84.58658775,47.3152895,38.18927575,-1.557007301,-6.271386238,4.065865419
*c1ccc2c(c1)Cc1cc(N3C(=O)c4ccc(-c5ccc6c(c5)C(=O)N(*)C6=O)cc4C3=O)ccc1-2,-4006749.748,-8.203545949,-0.856970908,0.600188398,0.266586966,0.298770897,0.447094457,57.94983543,91.41072668,40.21302315,42.22575647,1.739613971,5.125237793,-6.297815366
*N1C(=O)c2c(C1=O)cc(cc2)c1cc2c(C(=O)N(C2=O)c2ccc(cc2)c2ccc(cc2)*)cc1,-3906612.124,-8.518180993,-0.873109644,0.923359119,0.36085172,-0.567372609,0.632824162,56.18247639,89.6982935,39.63564978,39.21348588,0.262012036,-1.972137165,10.40259642
*c1ccc(N2C(=O)c3ccc(-c4ccc5c(c4)C(=O)N(*)C5=O)cc3C2=O)cc1,-3299621.937,-9.07198602,-0.866962757,0.906608812,-0.240448716,-0.315230158,-0.815324414,43.82810512,67.26553267,37.18797957,27.03080312,1.233692007,2.218976202,-3.316700677
*c1cccc(N2C(=O)c3ccc(-c4ccc5c(c4)C(=O)N(*)C5=O)cc3C2=O)c1,-3299621.968,-9.07126197,-0.867405902,0.910836287,-0.261839425,-0.770804853,0.408561791,43.83279162,67.37534887,27.79628773,36.32673826,1.216339811,-1.137126116,4.376210303
*c1ccc(C)c(N2C(=O)c3ccc(-c4ccc5c(c4)C(=O)N(*)C5=O)cc3C2=O)c1,-3402907.282,-9.190713063,-0.842717964,0.66677452,-0.298740661,0.426833709,0.416119289,45.37855108,67.50432159,33.70883287,34.92249878,-4.54481781,-2.669208843,-3.795097257
*c1ccc(N2C(=O)c3ccc(-c4ccc5c(c4)C(=O)N(*)C5=O)cc3C2=O)c(C)c1,-3402907.231,-9.189483692,-0.841316582,1.239014759,-0.492953413,0.045056266,1.135836449,45.40481563,67.9809451,38.17587929,30.05762251,1.621421591,0.477757013,-1.10969607
*c1cccc(N2C(=O)c3ccc(-c4ccc5c(c4)C(=O)N(*)C5=O)cc3C2=O)c1C,-3402907.23,-9.189502489,-0.841332507,1.237525317,0.41615926,-0.743853836,0.897196663,45.4058284,67.91612082,35.72947024,32.57189415,-2.203164715,0.768797241,3.848476409
*c1ccc(-c2ccc(N3C(=O)c4ccc(-c5ccc6c(c5)C(=O)N(*)C6=O)cc4C3=O)c(C)c2)cc1C,-4113179.323,-8.542066168,-0.837811664,1.091854957,0.717854081,-0.733614559,0.372347209,59.76102422,92.6105373,37.11711494,49.55542041,-4.828439577,4.775534535,-0.270259103
*c1ccc(-c2ccc(N3C(=O)c4ccc(-c5ccc6c(c5)C(=O)N(*)C6=O)cc4C3=O)c(OC)c2)cc1OC,-4508274.835,-8.329095325,-0.747221878,1.093518774,-1.021200471,0.260430045,-0.291734637,61.20861684,92.62852437,45.38945206,45.6078741,-7.139684649,-0.305186228,-6.266332626
*c1ccc(-c2ccc(-c3ccc(N4C(=O)c5ccc(-c6ccc7c(c6)C(=O)N(*)C7=O)cc5C4=O)cc3)cc2)cc1,-4513602.287,-8.234877879,-0.87656714,0.935233699,-0.344767834,0.85706701,-0.145716687,69.0047867,113.386573,37.52590485,56.1018823,-2.50020637,-3.327503358,2.47083623
*c1cccc2c(N3C(=O)c4ccc(-c5ccc6c(c5)C(=O)N(*)C6=O)cc4C3=O)cccc12,-3703236.97,-8.547444029,-0.814609295,1.01058407,-0.746864629,-0.649387322,-0.204375869,50.78217463,71.94065985,43.34877629,37.05708775,3.891099061,-0.443300629,-2.825267664
*c1ccc(Cc2ccc(N3C(=O)c4ccc(-c5ccc6c(c5)C(=O)N(*)C6=O)cc4C3=O)c(C)c2)cc1C,-4216446.79,-8.827829153,-0.821844664,1.361375614,-0.82867396,0.61961989,0.884711378,59.9940616,84.41083601,45.92228861,49.64906018,-5.426567208,6.478203568,-8.124280052
*c1ccc(N2C(=O)c3ccc(-c4ccc5c(c4)C(=O)N(*)C5=O)cc3C2=O)nc1,-3341751.37,-9.384326144,-0.819095808,1.934398115,1.561787034,-0.578899551,0.983662868,42.97105133,65.15676785,25.92265622,37.83372991,0.481541073,5.087805548,-6.4361212
*c1ccc(Oc2ccc(-c3ccc(Oc4ccc(N5C(=O)c6ccc(-c7ccc8c(c7)C(=O)N(*)C8=O)cc6C5=O)cc4)cc3)cc2)cc1,-5515704.021,-8.066896823,-0.867890516,0.378907812,-0.378114767,0.000446314,-0.024498039,80.24813666,114.2376263,62.91349933,63.59328439,0.759232178,-0.574632878,-11.21382105
*c1ccc(Oc2ccc(C(C)(C)c3ccc(Oc4ccc(N5C(=O)c6ccc(-c7ccc8c(c7)C(=O)N(*)C8=O)cc6C5=O)cc4)cc3)cc2)cc1,-5825519.11,-8.305874547,-0.860392845,0.270402572,0.160741658,-0.128097543,-0.175700568,83.23614712,108.9498832,82.67614699,58.08241121,-8.990850492,4.219525194,-6.760860526
*c1ccc(Oc2ccc(C(c3ccc(Oc4ccc(N5C(=O)c6ccc(-c7ccc8c(c7)C(=O)N(*)C8=O)cc6C5=O)cc4)cc3)(C(F)(F)F)C(F)(F)F)cc2)cc1,-7389641.992,-8.599594655,-0.921578425,2.447020967,1.205042985,2.126152843,0.123519642,83.86586559,112.1750986,68.75778846,70.66470972,8.97691514,-0.171954814,4.207557855
*c1cccc(Oc2ccc(S(=O)(=O)c3ccc(Oc4cccc(N5C(=O)c6ccc(-c7ccc8c(c7)C(=O)N(*)C8=O)cc6C5=O)c4)cc3)cc2)c1,-6956336.583,-8.720724929,-0.952661564,5.012032265,-0.958149058,2.114631533,-4.441931032,81.87339332,106.9444363,76.99288612,61.68285759,-4.657659256,-0.245574834,2.681258823
*N1C(=O)c2c(C1=O)cc(cc2)Oc1cc2c(C(=O)N(C2=O)CCCCCC*)cc1,-3509857.232,-9.3435001,-0.535928612,2.136714408,-1.27096708,-1.339707335,1.074883901,42.89938731,50.66233883,40.45768762,37.57813549,-3.119005572,5.661364262,-7.289643853
*c1ccc(N2C(=O)c3ccc(Oc4ccc5c(c4)C(=O)N(*)C5=O)cc3C2=O)cc1,-3497178.538,-9.044807821,-0.529725575,1.83676616,0.383362078,0.930152997,1.536736426,43.69445157,62.68062262,38.21254866,30.19018342,-2.509348324,10.30237975,0.220479181
*N1C(=O)c2c(C1=O)cc(cc2)Oc1cc2c(C(=O)N(C2=O)c2ccc(cc2)c2ccc(cc2)*)cc1,-4104167.887,-8.515144097,-0.626496978,0.916439643,0.391410678,-0.587592853,-0.58428926,56.41386026,90.32789695,41.39511729,37.51856653,1.31218523,-1.853054303,5.578130264
*c1cccc(Oc2ccc(N3C(=O)c4ccc(Oc5ccc6c(c5)C(=O)N(*)C6=O)cc4C3=O)cc2)c1,-4301723.879,-8.448449264,-0.618504313,0.739090305,-0.43505696,0.557958188,0.213688046,56.25255023,84.43862663,39.2706751,45.04834895,10.76150385,-0.306715586,-0.353882783
*c1ccc(Oc2cccc(Oc3ccc(N4C(=O)c5ccc(Oc6ccc7c(c6)C(=O)N(*)C7=O)cc5C4=O)cc3)c2)cc1,-5106282.581,-8.346269579,-0.702043401,4.333142851,-2.535851198,-2.492592915,2.476401871,65.33811841,88.50947601,50.8958515,56.60902773,-1.116758453,-6.310693335,-1.954409866
*c1ccc(Oc2ccc(Oc3ccc(N4C(=O)c5ccc(Oc6ccc7c(c6)C(=O)N(*)C7=O)cc5C4=O)cc3)cc2)cc1,-5106267.702,-8.331138638,-0.602968093,1.205149216,-0.936477102,-0.532271288,0.540446616,68.27132642,105.7110337,54.6088769,44.49406864,2.934494644,-2.045965048,-5.163029602
*c1cccc(Oc2ccc(N3C(=O)c4ccc(C(c5ccc6c(c5)C(=O)N(*)C6=O)(C(F)(F)F)C(F)(F)F)cc4C3=O)cc2)c1,-5978093.342,-8.490688168,-0.765629348,0.824266226,0.593867158,-0.540685605,-0.185460738,60.28301694,88.40575189,41.77967983,50.6636191,1.883116241,4.341928867,2.03896436
*c1ccc(Oc2ccc(N3C(=O)c4ccc(C(c5ccc6c(c5)C(=O)N(*)C6=O)(C(F)(F)F)C(F)(F)F)cc4C3=O)cc2)cc1,-5978093.373,-8.494736203,-0.76227754,0.844022439,0.651253384,0.07042693,0.532243323,60.26177878,88.60856622,46.50728743,45.66948269,0.610329446,-2.957666218,-4.642742231
*c1ccc(Oc2ccc(Oc3ccc(N4C(=O)c5ccc(C(c6ccc7c(c6)C(=O)N(*)C7=O)(C(F)(F)F)C(F)(F)F)cc5C4=O)cc3)cc2)cc1,-6782637.592,-8.510311427,-0.740579257,1.748342582,1.33060344,-0.349747629,-1.078829395,72.05197704,103.1966996,53.53429382,59.42493769,-10.91337005,-0.220176817,-5.002121207
*c1ccc2c(c1)C(=O)N(c1ccc(Oc3cccc(Oc4ccc(N5C(=O)c6ccc(C(*)(C(F)(F)F)C(F)(F)F)cc6C5=O)cc4)c3)cc1)C2=O,-6782649.54,-8.343748635,-0.649792157,2.574281344,1.500401476,2.033146228,0.491971816,72.66677208,99.82187682,60.29156219,57.88687724,5.036587144,-2.798189355,3.638018034
*c1ccc2c(c1)C(=O)N(c1cccc(Oc3cccc(Oc4cccc(N5C(=O)c6ccc(C(*)(C(F)(F)F)C(F)(F)F)cc6C5=O)c4)c3)c1)C2=O,-6782693.941,-8.271246804,-0.784576898,5.627741091,-1.398646086,-5.091210313,-1.948033998,66.81729866,67.08871794,80.93552751,52.42765053,-10.53627816,8.676796583,9.828819476
*c1cc2c(C(=O)N(C2=O)c2cc(ccc2)C(=O)c2cc(ccc2)N2C(=O)c3c(C2=O)cc(cc3)C(=O)*)cc1,-4501989.639,-9.206629038,-0.946066945,6.158545844,-4.406226498,-4.302207571,-0.062168986,58.31441814,78.20116832,52.61442171,44.12766438,-1.820233608,2.523087269,-4.620910549
*c1cc2c(C(=O)N(C2=O)c2cc(ccc2)NC(=O)c2cc(ccc2)N2C(=O)c3c(C2=O)cc(cc3)C(=O)*)cc1,-4647444.592,-8.535695771,-1.13219964,0.743120092,0.392123561,-0.280731773,0.565381513,60.24557737,85.25332726,51.13322955,44.3501753,2.675386412,2.297214397,-3.422785958
*C(=O)c1ccc2c(c1)C(=O)N(c1cccc(C(=O)Nc3ccc(N4C(=O)c5ccc(*)cc5C4=O)cc3)c1)C2=O,-4647445.911,-8.353520182,-1.022108512,3.648012488,2.542551872,0.902603759,-2.45534754,61.55183223,92.67673858,42.55773183,49.42102629,-1.904665433,-0.235717757,2.735519356
*C(=O)c1ccc2c(c1)C(=O)N(c1ccc(C(=O)Nc3cccc(N4C(=O)c5ccc(*)cc5C4=O)c3)cc1)C2=O,-4647444.845,-8.520736551,-1.049599345,2.689907906,1.709251787,1.4180256,-1.517651564,61.18844755,88.46528726,55.13360426,39.96645114,-10.30451221,-8.014855729,-8.329371934
*C(=O)c1ccc2c(c1)C(=O)N(c1cccc(C(=O)N(C)c3ccc(N4C(=O)c5ccc(*)cc5C4=O)cc3)c1)C2=O,-4750689.453,-8.646873762,-0.922790578,6.548503692,-5.549868771,3.451166715,0.413890721,61.08110528,79.06931948,58.68476483,45.48923155,5.12199199,-1.20956021,1.545667696
*C(=O)c1ccc2c(c1)C(=O)N(c1ccc(Oc3ccc(C(=O)c4cccc(C(=O)c5ccc(Oc6ccc(N7C(=O)c8ccc(*)cc8C7=O)cc6)cc5)c4)cc3)cc1)C2=O,-7015844.511,-8.635941965,-0.983313715,3.295655699,0.70691971,-2.923136704,1.347917958,89.94928349,75.83373568,107.563968,86.45014676,2.780104037,-1.688794059,-27.39571224
*c1cccc(N2C(=O)c3ccc(C(=O)c4ccc5c(c4)C(=O)N(*)C5=O)cc3C2=O)c1,-3597318.403,-9.208524976,-1.171606206,2.041949628,-1.389974437,0.491837827,1.412665884,44.99582077,61.63071331,45.66999074,27.68675824,-0.609106957,-5.587242384,1.40480522
*C(=O)c1ccc2c(c1)C(=O)N(c1ccc(C)c(N3C(=O)c4ccc(*)cc4C3=O)c1)C2=O,-3700574.5,-8.938220765,-0.938533918,2.952564498,2.678726777,1.236345252,-0.116234188,46.92207136,65.37074889,36.66535266,38.73011254,2.291835306,0.320012707,-5.558913152
*C(=O)c1ccc2c(c1)C(=O)N(c1ccc(N3C(=O)c4ccc(*)cc4C3=O)c(C)c1)C2=O,-3700573.632,-8.932964682,-0.906629128,2.845424152,-1.617932234,2.265019655,-0.590271002,47.41525308,72.20094852,35.85154929,34.19326142,-1.618960471,1.202050079,-2.036050051
*C(=O)c1ccc2c(c1)C(=O)N(c1cccc(N3C(=O)c4ccc(*)cc4C3=O)c1C)C2=O,-3700573.862,-9.246714854,-0.914595049,3.405851874,-2.957791202,1.099689004,1.281398566,46.39114156,63.75210698,42.265835,33.15548271,1.011408804,-0.544018586,6.304257651
*C(=O)c1ccc2c(c1)C(=O)N(c1c(C)c(C)c(N3C(=O)c4ccc(*)cc4C3=O)c(C)c1C)C2=O,-4010423.938,-8.775462311,-0.894001341,3.447458857,-3.401836221,-0.525632173,-0.190246459,52.41427653,77.04129489,39.94307116,40.25846352,3.908568548,-2.267079134,0.403981501
*C(=O)c1ccc2c(c1)C(=O)N(c1ccc(-c3ccc(N4C(=O)c5ccc(*)cc5C4=O)c(C)c3)cc1C)C2=O,-4410851.669,-8.581173583,-0.921962526,3.465146891,3.41907236,-0.563183454,-0.003400948,61.42814438,97.09450902,43.06938809,44.12053601,-3.752380083,0.592286831,-5.692016867
*C(=O)c1ccc2c(c1)C(=O)N(c1ccc(-c3ccc(N4C(=O)c5ccc(*)cc5C4=O)c(OC)c3)cc1OC)C2=O,-4805938.761,-8.373818054,-0.738568998,2.514436989,-1.552277602,0.749591122,1.830557502,62.86965943,96.08389378,52.76731983,39.75776467,0.082674417,-3.405402978,0.57169772
*C(=O)c1ccc2c(c1)C(=O)N(c1ccc(-c3ccc(-c4ccc(N5C(=O)c6ccc(*)cc6C5=O)cc4)cc3)cc1)C2=O,-4811270.899,-8.203739262,-0.966259721,3.502577212,3.487608235,0.007425089,0.323389537,71.42841421,120.5589048,47.70275029,46.02358752,-4.841377854,0.999687497,12.58210665
*C(=O)c1ccc2c(c1)C(=O)N(c1ccc3c(c1)Cc1cc(N4C(=O)c5ccc(*)cc5C4=O)ccc1-3)C2=O,-4304418.083,-8.128158476,-0.939115942,3.457859826,-3.346257635,-0.8710358,-0.025515686,60.54828021,99.34393347,38.79997538,43.50093179,3.60668327,1.521031609,-10.30575922
*c1ccc(Oc2ccc(N3C(=O)c4ccc(C(=O)c5ccc6c(c5)C(=O)N(*)C6=O)cc4C3=O)cc2)cc1,-4401863.02,-8.489282493,-1.138534967,1.943330686,-0.021902652,1.336230009,-1.410866326,57.68066668,86.2053806,48.97421858,37.86240086,-6.308573152,3.402799711,-3.663145342
*C(=O)c1ccc2c(c1)C(=O)N(c1ccc(Sc3ccc(N4C(=O)c5ccc(*)cc5C4=O)cc3)cc1)C2=O,-5249860.926,-8.130574467,-0.966411417,4.067381792,-2.856164362,-2.860372157,0.451874877,60.83327649,88.87011405,59.23024479,34.39947063,1.078801282,3.942332128,-6.996126805
*C(=O)c1ccc2c(c1)C(=O)N(c1ccc(Cc3ccc(N4C(=O)c5ccc(*)cc5C4=O)cc3)cc1)C2=O,-4307547.427,-8.684402065,-0.92682649,3.022619763,2.605981973,1.50672825,0.273602201,58.03892889,75.19112504,48.81511921,50.11054243,3.775984029,5.98506107,3.949676299
*C(=O)c1ccc2c(c1)C(=O)N(c1ccc(Cc3ccc(N4C(=O)c5ccc(*)cc5C4=O)c(C)c3)cc1C)C2=O,-4514119.927,-8.853487717,-0.892913476,3.038780713,2.848849726,-0.198312292,1.038708666,60.95534068,81.00763846,51.59985427,50.25852933,0.733695565,-2.967676209,-0.807726999
*C(=O)c1ccc2c(c1)C(=O)N(c1ccc(N3C(=O)c4ccc(*)cc4C3=O)nc1)C2=O,-3639366.362,-10.09100559,-1.036155025,3.233283495,0.708272995,0.616398182,-3.093949709,44.61973843,67.35045127,27.47407497,39.03468905,3.123319608,-1.101222331,5.503534165
*C(=O)c1ccc2c(c1)C(=O)N(c1ccc(-c3ccc(N4C(=O)c5ccc(*)cc5C4=O)cc3)cc1)C2=O,-4204280.613,-8.422059738,-0.96068797,3.481551207,-3.456408452,-0.240648119,-0.341361838,58.52199872,96.25724912,38.6501367,40.65861034,1.437002669,-0.881217317,9.976860158
*c1ccc(N2C(=O)c3ccc(C(=O)c4ccc5c(c4)C(=O)N(*)C5=O)cc3C2=O)cc1,-3597316.723,-9.183645011,-1.143201702,2.638072815,-0.319684747,-2.463673598,0.887435765,45.49528529,69.19611128,40.7270496,26.562695,2.049955858,1.289614063,-3.985302616
*c1cc2c(C(=O)N(C2=O)c2cc(ccc2)OCCOCCOc2cc(ccc2)N2C(=O)c3c(C2=O)cc(cc3)C(=O)*)cc1,-5210032.646,-8.555135029,-0.947132731,4.062373624,-3.909800903,0.927874266,-0.596142354,64.53217957,84.70323068,47.04519669,61.84811134,10.52770978,4.78579644,-3.516464563
*C(=O)c1ccc2c(c1)C(=O)N(c1ccc(Oc3ccc(-c4ccc(Oc5ccc(N6C(=O)c7ccc(*)cc7C6=O)cc5)cc4)cc3)cc1)C2=O,-5813370.427,-8.072195893,-0.911084275,2.724204006,0.614094819,-1.947805008,-1.802839613,82.05941426,125.1017369,66.0347939,55.04171201,-3.9727099,-0.058329393,0.954603874
*c1ccc(Oc2ccc(C(C)(C)c3ccc(Oc4ccc(N5C(=O)c6ccc(C(=O)c7ccc8c(c7)C(=O)N(*)C8=O)cc6C5=O)cc4)cc3)cc2)cc1,-6123214.204,-8.315369312,-1.120180277,2.26167104,-1.21652159,1.201288082,1.480587065,84.86342995,102.4092076,86.63001429,65.55106791,-12.88066559,4.446280586,-2.679941951
*C(=O)c1ccc2c(c1)C(=O)N(c1ccc(Oc3ccc(C(c4ccc(Oc5ccc(N6C(=O)c7ccc(*)cc7C6=O)cc5)cc4)(C(F)(F)F)C(F)(F)F)cc3)cc1)C2=O,-7687307.696,-8.536807836,-0.960674398,6.63425288,-0.70004259,-0.382403084,6.586123255,85.79080312,113.0451801,65.64978261,78.67744663,13.66890268,-3.136116468,0.930743589
*N1C(=O)c2c(C1=O)cc(cc2)Oc1ccc(cc1)S(=O)(=O)c1ccc(cc1)Oc1cc2c(C(=O)N(C2=O)c2cc(ccc2)S(=O)(=O)c2cc(ccc2)*)cc1,-8396953.882,-9.311452988,-0.693567253,9.526462774,5.209389554,-7.750703328,-1.882113546,84.3637653,113.7049343,60.55913686,78.82722473,-1.845653047,-7.366050469,5.827685506
*c1cccc(N2C(=O)c3ccc(Oc4ccc(C(C)(C)c5ccc(Oc6ccc7c(c6)C(=O)N(*)C7=O)cc5)cc4)cc3C2=O)c1,-5218540.687,-8.806555218,-0.213864008,4.475600904,-1.827609858,2.083112765,-3.514468219,70.09837137,89.13668032,55.39986206,65.75857172,-2.710197723,0.656556568,0.368986682
*N1C(=O)c2c(C1=O)cc(cc2)Oc1ccc(cc1)S(=O)(=O)c1ccc(cc1)Oc1cc2c(C(=O)N(C2=O)c2cc(ccc2)*)cc1,-6349339.9,-9.013862664,-0.511461041,2.468711705,-1.193765536,2.154829753,0.161771641,70.13105721,93.595905,64.72899322,52.06827341,-1.32252029,2.151683728,-6.134463619
*N1C(=O)c2c(C1=O)cc(cc2)Oc1ccc(cc1)S(=O)(=O)c1ccc(cc1)Oc1cc2c(C(=O)N(C2=O)c2ccc(cc2)Oc2ccc(cc2)*)cc1,-7153886.433,-8.398345804,-0.497274713,3.73319514,2.954376791,-0.444860653,-2.238415227,81.65027877,110.8319371,61.64063623,72.47826297,4.713543185,-3.770540664,-10.69357008
*c1ccc2c(c1)C(=O)N(c1ccc(Cc3ccc(N4C(=O)c5ccc(C(*)(C(F)(F)F)C(F)(F)F)cc5C4=O)cc3)cc1)C2=O,-5883814.789,-8.667702173,-0.601117296,2.752481243,-2.432362771,-0.230708958,-1.267492691,61.53095381,81.47618697,50.36933667,52.74733779,-11.30285772,-1.507734821,4.979659273
*c1ccc2c(c1)C(=O)N(c1ccc(C(C)(C)c3ccc(N4C(=O)c5ccc(C(*)(C(F)(F)F)C(F)(F)F)cc5C4=O)cc3)cc1)C2=O,-6090362.979,-8.593604331,-0.584513671,2.448368218,-2.106167426,1.150177607,0.485445339,65.21250567,90.55220107,64.21150639,40.87380955,-1.58787033,-3.134670297,3.909198804
*C(=O)NCCNC(=O)c1ccc(N2C(=O)c3ccc(*)cc3C2=O)cc1,-3047738.629,-8.853878795,-0.283208669,3.320808795,-1.649102115,1.828421424,2.22825231,37.24574233,40.61583241,34.26180512,36.85958945,-1.334388228,15.39500811,0.465548075
*c1cc2c(C(=O)N(C2=O)c2ccc(cc2)C(=O)NCCCCCCNC(=O)*)cc1,-3460814.172,-9.057035513,-0.430275801,3.946145277,3.465379115,-1.180903783,1.472642656,44.35994178,58.40946673,37.51888179,37.15147682,-6.648056447,6.602338883,3.501621209
*C(=O)Nc1ccc(Cc2ccc(NC(=O)c3ccc(N4C(=O)c5ccc(*)cc5C4=O)cc3)cc2)cc1,-4158419.72,-8.185788652,-0.49504693,6.778018118,-5.363759944,-4.122694835,0.418325431,59.10477736,85.83140227,52.6926143,38.79031549,0.394733281,5.603919891,-2.199290222
*C(=O)NC1CCC(CC2CCC(NC(=O)c3ccc(N4C(=O)c5ccc(*)cc5C4=O)cc3)CC2)CC1,-4177469.547,-9.068543887,-0.437925521,6.864040911,5.68298571,1.882430378,-3.357854512,56.56213307,79.35065396,50.79449805,39.54124721,4.086367851,-5.433543862,-0.908015467
*c1cccc(N2C(=O)c3ccc(Oc4ccc5c(c4)C(=O)N(*)C5=O)cc3C2=O)c1,-3497178.636,-9.03395616,-0.527392981,1.923587117,0.438291649,-0.919119326,1.631964304,43.46013243,59.08941236,37.73562651,33.55535842,0.858705961,3.678239223,-3.667456886
*N1C(=O)c2c(C1=O)cc(cc2)Oc1cc2c(C(=O)N(C2=O)c2ccc(cc2)Cc2ccc(cc2)*)cc1,-4207434.545,-8.753798825,-0.601921445,1.042185389,-0.646302303,0.776172167,-0.256905594,56.84859402,83.06416132,43.93623396,43.54538676,-5.132899489,-3.111507461,-3.592280286
*c1ccc(Oc2ccc(N3C(=O)c4ccc(Oc5ccc(C(c6ccc(Oc7ccc8c(c7)C(=O)N(*)C8=O)cc6)(C(F)(F)F)C(F)(F)F)cc5)cc4C3=O)cc2)cc1,-7587200.938,-8.324241888,-0.364942832,3.442982244,3.235439139,-1.074287653,-0.481628851,82.84974891,108.1160759,68.28072666,72.15244418,5.345013625,-5.700855985,-10.83633661
*c1cccc(Oc2ccc(N3C(=O)c4ccc(-c5ccc6c(c5)C(=O)N(*)C6=O)cc4C3=O)cc2)c1,-4104168.198,-8.450000578,-0.86631032,0.218947915,0.073721089,0.17527105,0.108551598,55.99442738,83.37255796,40.6941003,43.91662389,-3.088682966,-3.783451275,-4.267529155
*C(=O)Nc1ccccc1NC(=O)c1ccc(N2C(=O)c3ccc(*)cc3C2=O)cc1,-3448154.546,-8.548852658,-0.561472699,6.975871315,-6.707090371,-1.474464021,1.226244355,45.31871092,65.88225167,36.10319243,33.97068866,2.625237189,-5.064010656,0.42146738
*C(=O)Nc1cccc(NC(=O)/C=C/c2cccc(N3C(=O)c4ccc(*)cc4C3=O)c2)c1,-3651502.865,-8.293906218,-0.531820279,7.212551694,-7.120940541,-0.973232101,-0.604919016,50.86526677,70.81485223,41.40669172,40.37425636,7.214844642,-0.471683884,-14.18935159
*C(=O)Nc1cccc(/C=C/C(=O)/C=C/c2cccc(NC(=O)c3ccc(N4C(=O)c5ccc(*)cc5C4=O)cc3)c2)c1,-4759525.578,-8.51886232,-0.590771128,10.88531409,-10.47893471,-1.474515758,2.5510377,71.07222528,94.19061561,75.75232494,43.27373529,-0.110873952,-11.09943308,-19.23231325
*c1ccc2c(c1)C(=O)N(c1ccc(Oc3ccc(N4C(=O)c5ccc(C(C)(C)CCCCC(*)(C)C)cc5C4=O)cc3)cc1)C2=O,-5136902.524,-8.229014176,-0.287412955,3.461294716,-0.682564167,2.446402356,-2.351549018,72.57068214,98.05932087,60.81260082,58.84012473,-15.246804,-10.08519912,-5.592642129
*c1ccc(Oc2cccc3c(Oc4ccc(-n5c(=O)c6cc7c(=O)n(*)c(=O)c7cc6c5=O)cc4)cccc23)cc1,-4705344.439,-8.080625809,-1.288878943,2.571476617,1.996678751,-0.831903501,-1.390576327,62.43572781,80.52653988,51.53884247,55.24180108,-0.401468232,3.977652858,-2.480873773
*N1C(=O)c2c(C1=O)cc(cc2)Oc1cc2c(C(=O)N(C2=O)c2ccc(cc2)Oc2c3c(ccc2)c(ccc3)Oc2ccc(cc2)*)cc1,-5509895.03,-8.024337398,-0.669708743,1.725542533,-1.055914395,1.115305308,0.786534102,75.79920769,113.689798,63.07633087,50.63149416,1.431363203,-0.743355384,1.543904692
*C(=O)c1ccc2c(c1)C(=O)N(c1ccc(Oc3cccc4c(Oc5ccc(N6C(=O)c7ccc(*)cc7C6=O)cc5)cccc34)cc1)C2=O,-5610006.935,-8.016396764,-0.848107176,5.798247455,3.412640051,-4.570304372,-1.042055362,76.59187949,99.47143103,65.97941633,64.32479112,-4.281110436,1.868259556,2.87790496
*c1ccc2c(c1)C(=O)N(c1ccc(Oc3ccc(C(c4ccc(Oc5ccc(N6C(=O)c7ccc(C(*)(C(F)(F)F)C(F)(F)F)cc7C6=O)cc5)cc4)(C(F)(F)F)C(F)(F)F)cc3)cc1)C2=O,-9263575.364,-8.539838681,-0.691185303,4.023107442,-1.036209413,-3.866660008,-0.400754195,89.59345065,132.4263337,63.56416092,72.78985732,4.994073191,-2.262141289,5.267837895
*c1ccc(N2C(=O)c3ccc(C(c4ccc5c(c4)C(=O)N(*)C5=O)(C(F)(F)F)C(F)(F)F)cc3C2=O)cc1,-5173547.088,-9.183133805,-0.767943139,1.488090144,0.541096522,-1.101107101,-0.842134182,48.10569086,68.59155802,38.97703643,36.74847812,2.317479356,-3.456711657,5.420742475
*c1ccc2c(c1)C(=O)N(c1ccc(C(c3ccc(N4C(=O)c5ccc(C(*)(C(F)(F)F)C(F)(F)F)cc5C4=O)cc3)(C(F)(F)F)C(F)(F)F)cc1)C2=O,-7654481.219,-9.066922664,-0.737950445,5.295149289,1.246179802,0.133295922,-5.14469378,65.37242517,87.34017831,39.80919598,68.96790123,-6.538089967,-2.196106651,-0.494409215
*c1ccc2c(c1)C(=O)N(c1c(C)cc(C)c(N3C(=O)c4ccc(C(*)(C(F)(F)F)C(F)(F)F)cc4C3=O)c1C)C2=O,-5483418.059,-9.031791508,-0.570523685,2.750096352,-2.276577222,1.359447738,-0.729471003,53.45556562,69.82368533,47.87902436,42.66398717,0.116794867,1.772615058,-5.527159904
*c1ccc2c(c1)C(=O)N(c1c(C)c(C)c(N3C(=O)c4ccc(C(*)(C(F)(F)F)C(F)(F)F)cc4C3=O)c(C)c1C)C2=O,-5586691.529,-8.761275788,-0.57212854,2.885550486,2.85350852,-0.366695155,-0.222318228,55.82571709,80.85750732,43.03785104,43.58179289,-0.754406032,-0.600298483,0.041450517
*c1ccc(Oc2cc3ccccc3cc2Oc2ccc(N3C(=O)c4ccc(-c5ccc6c(c5)C(=O)N(*)C6=O)cc4C3=O)cc2)cc1,-5312346.799,-8.247939732,-0.871963236,0.863142874,-0.377569961,0.231257324,0.740929549,75.26041299,107.4819991,66.36358493,51.93565498,10.43059039,0.30242267,0.274177374
*c1ccc(Oc2cc3ccccc3cc2Oc2ccc(N3C(=O)c4ccc(Oc5ccc6c(c5)C(=O)N(*)C6=O)cc4C3=O)cc2)cc1,-5509903.423,-8.245974399,-0.529692283,1.890512909,-0.500626555,-1.699422007,-0.659831003,74.5263627,93.45914787,71.62191515,58.49802508,-8.119650355,5.703335551,-12.49051756
*C(=O)c1ccc2c(c1)C(=O)N(c1ccc(Oc3cc4ccccc4cc3Oc3ccc(N4C(=O)c5ccc(*)cc5C4=O)cc3)cc1)C2=O,-5610061.145,-8.356323009,-0.961834522,2.907825656,0.715283159,2.794833223,-0.364317586,71.72684983,50.8360202,73.18566472,91.15886458,3.157075886,7.976396411,18.55709808
*c1ccc(Oc2cc3ccccc3cc2Oc2ccc(N3C(=O)c4ccc(S(=O)(=O)c5ccc6c(c5)C(=O)N(*)C6=O)cc4C3=O)cc2)cc1,-6752952.642,-8.327974247,-1.21269036,3.604738056,-2.447384066,-1.0884667,-2.412402937,76.78437536,96.20633833,63.69253385,70.45425392,-2.060903258,10.36360397,-0.1527559
*c1ccc(C(c2ccccc2)(c2ccc(-n3c(=O)c4cc5c(=O)n(*)c(=O)c5cc4c3=O)cc2)C(F)(F)F)cc1,-4895192.065,-9.1700851,-1.374434215,2.11446195,-0.198429022,0.276063036,-2.086950996,56.34514867,74.7354151,57.30817371,36.99185718,-0.492339286,-1.591717158,2.321789851
*c1ccc(N2C(=O)c3ccc(-c4cccc5c4C(=O)N(*)C5=O)cc3C2=O)cc1,-3299618.495,-8.959859609,-0.665683144,2.634679964,-1.559377877,-2.107415595,-0.262066135,43.08901032,64.49950389,32.94502246,31.82250461,0.657657516,-3.551248135,-5.029881594
*CC1(C)CC(*)(C)C(=O)OC1=O,-1412707.247,-10.48413097,1.40948717,5.365826702,0.959784799,2.332003695,-4.736313767,14.82705942,17.71374857,12.90146128,13.86596843,-0.434446955,0.172020577,-0.990020141
*OC(=O)OCCCCCC*,-1315743.696,-10.86764459,2.434877515,3.461358946,-2.952942457,1.624802182,-0.788133534,14.1472507,16.05105917,13.3048532,13.08583972,-0.958052086,0.33018799,0.66793731
*OC(=O)OCC(C(C(C(C*)(F)F)(F)F)(F)F)(F)F,-3401141.145,-11.49527457,2.290257882,3.262974392,0.203094251,1.578229934,2.848674232,14.52932424,14.63122341,14.85472432,14.10202499,-0.286864071,0.313794777,-0.298104411
*Oc1ccc(cc1)C(c1ccc(cc1)OC(=O)*)(C)C,-2219812.755,-8.352521926,1.562814499,1.967995639,-0.791483257,1.694281032,-0.61316627,29.13946724,37.64445185,26.53947444,23.23447541,-0.173281409,-1.122120666,1.029097938
*Oc1ccc(C(C)(CCC)c2ccc(OC(*)=O)cc2)cc1,-2426356.84,-8.332481541,1.543513094,1.83463214,-0.218178486,-1.774867509,0.410022638,32.65325012,37.24494505,32.72003898,27.99476633,2.516983807,4.937380507,1.518901927
*Oc1ccc(C(C)(C)c2ccc(OC(*)=O)c(C)c2)cc1C,-2426385.169,-8.201946331,1.666276856,0.833573555,-0.816378201,0.0195301,0.167302358,32.64496968,39.25127445,32.17092847,26.51270613,-2.22853348,0.588432589,0.243219074
*Oc1c(Cl)cc(C(C)(C)c2cc(Cl)c(OC(*)=O)c(Cl)c2)cc1Cl,-7047169.805,-8.954855936,0.774417587,1.911400001,-0.349296187,-1.139619069,-1.494225725,37.55732053,44.72105862,33.86911085,34.08179213,-2.25700755,-4.451155518,0.182674434
*Oc1c(Br)cc(C(C)(C)c2cc(Br)c(OC(*)=O)c(Br)c2)cc1Br,-29246895.32,-8.841146151,0.774076631,2.134795087,0.288057709,-2.05161102,0.515038875,40.85588727,46.39736095,39.13340169,37.03689916,-4.650087845,-5.257873552,0.506417953
*Oc1ccc(C(C)(c2ccccc2)c2ccc(OC(*)=O)cc2)cc1,-2723508.233,-8.431132404,1.303349702,2.744902627,-0.752437135,2.080877746,-1.624277253,37.30302697,40.62532896,40.83471016,30.4490418,-2.176827231,-2.517487238,-0.22275196
*Oc1ccc(C(CCC)(CCC)c2ccc(OC(*)=O)cc2)cc1,-2632902.681,-8.322393525,1.595852155,2.487131577,-0.294461481,0.21604347,2.460170957,36.1502324,39.79967281,36.60722671,32.04379768,-3.005154814,0.658919593,0.278266903
*Oc1ccc(cc1)C1(CCCC1)c1ccc(cc1)OC(=O)*,-2423195.104,-8.322513365,1.580294006,2.533580457,-0.609994717,1.229637013,-2.129537319,31.86196466,38.05543698,29.99319079,27.53726622,1.256657463,-1.243000488,0.143097259
*Oc1ccc(C2(c3ccc(OC(*)=O)cc3)CCCCC2)cc1,-2526484.424,-8.259314209,1.541963379,0.82531425,0.398414866,0.702635164,-0.169449199,33.54791703,38.31370766,33.80420133,28.52584208,-0.080647361,1.079299391,-0.883099866
*Oc1ccc(C2(c3ccc(OC(*)=O)c(C)c3)CCCCC2)cc1C,-2733056.678,-8.216734113,1.703134278,2.803848694,-1.685818055,1.262814528,1.850644333,37.17255094,40.92312487,36.15433061,34.44019735,0.963133815,2.162330312,-0.399562193
*Oc1ccc(cc1)C1(c2ccccc2c2ccccc12)c1ccc(cc1)OC(=O)*,-3224094.055,-8.210881819,0.856360468,2.206076735,0.319296521,2.181514418,0.07628326,45.88427682,46.08186347,46.70985815,44.86110883,1.347882591,-0.531515984,-0.715864611
*Oc1ccc(cc1)C(c1ccc(cc1)OC(=O)*)(c1ccccc1)c1ccccc1,-3227201.076,-8.374869821,1.194914499,1.365267978,0.305455924,-1.117583766,-0.722260242,45.68786956,47.11701828,43.91279867,46.03379173,-0.754554558,1.069161992,-0.757744715
*Oc1ccc(cc1)C(c1ccc(cc1)OC(=O)*)(C(F)(F)F)C(F)(F)F,-3783935.621,-8.883901515,1.156658145,1.337989237,-0.414193853,1.097092399,-0.644241351,29.222274,36.95329244,28.19964815,22.51388142,-0.011489551,0.280179221,2.449151586
*Oc1ccc(cc1)C(c1ccc(cc1)OC(=O)*)(c1ccccc1)C#N,-2862531.269,-8.764919865,0.928405517,4.565212224,-0.52882568,0.25934198,-4.527057299,38.50175053,43.08753819,40.20697045,32.21074294,0.951084615,-0.206485734,-0.380296504
*Oc1c(C)cc(C(C)(C)c2cc(C)c(OC(*)=O)c(C)c2)cc1C,-2632955.18,-8.085835269,1.829292735,2.646430887,1.018365431,-2.024287736,-1.367036009,36.56947861,42.27172391,34.11956633,33.31714558,5.465335039,-1.588323064,-0.042922853
*Oc1c(cc(cc1)C(c1ccc(cc1)C(c1cc(c(cc1)OC(=O)*)C)(C)C)(C)C)C,-3343189.722,-8.1429668,1.632860591,2.085308397,1.028217779,-1.724505545,-0.563347085,48.45273564,57.86130207,47.73023693,39.76666793,6.162176934,-5.106553557,2.063178901
*Oc1cc(ccc1)CCCCCCCCCCc1cc(ccc1)OC(=O)*,-2942730.563,-8.406917913,1.539213828,1.521776114,-1.423542543,-0.32930201,0.425310892,40.81018167,42.35503014,44.29908681,35.77642805,0.792683501,0.920604969,-0.009166457
*Oc1ccc(C(C)(C)c2ccc(OC(*)=O)c(C(C)C)c2)cc1C(C)C,-2839485.559,-8.216388376,1.578127334,2.078357578,0.055398672,-1.800243352,-1.037123466,39.09398013,41.46438479,39.82280416,35.99475142,-1.659491591,-2.909498382,-0.564540883
*Oc1ccc(cc1)C(=O)CCCCCCCCC(=O)c1ccc(cc1)OC(=O)*,-3331616.147,-8.757447941,0.551348596,5.361204303,3.068397156,4.043514366,1.725526599,41.74022636,50.90670247,37.24509023,37.06888638,-3.415308855,2.056187302,-4.737363191
*Oc1ccc(cc1)S(=O)(=O)c1ccc(cc1)OC(=O)*,-3350624.47,-9.177375527,0.413178399,6.956319941,-0.658228671,6.919954614,-0.267114745,27.86397863,34.83872044,23.3384509,25.41476454,-1.164131151,0.150598006,-0.940899634
*OC(=O)OCc1ccc(cc1)C*,-1509638.161,-9.118748627,1.600557099,0.992379069,-0.966925922,-0.215486944,-0.058616171,17.10024301,21.35211141,16.56755566,13.38106197,0.541237467,0.693537236,-1.526380848
*Oc1ccc(C(=C(Cl)Cl)c2ccc(OC(*)=O)cc2)cc1,-4526986.696,-8.335425177,0.718664732,2.767269954,0.313678277,2.749230385,0.033484741,32.2472312,38.06696505,33.7423747,24.93235386,0.336182692,-4.202800336,-1.827117502
*Oc1ccc(cc1)OC(=O)Oc1ccc(cc1)c1ccc(cc1)OC(=O)*,-3209903.523,-8.5716149,0.886740614,0.244398929,0.140918353,-0.082334577,0.181917212,39.06060784,58.8878876,30.95217429,27.34176161,-1.239423635,-1.29893422,-6.051632431
*Oc1cc2c(cc1)ccc(c2)OC(=O)Oc1ccc(cc1)OC(=O)*,-3006536.455,-8.266865036,0.684873023,1.511524546,-0.436532345,1.360364285,0.493512891,35.41398575,51.56422487,35.13621198,19.54152041,-2.035894147,-0.885713808,0.792004038
*Oc1c2c(ccc1)c(ccc2)OC(=O)Oc1ccc(cc1)OC(=O)*,-3006536.959,-8.088968636,0.776098493,0.780160212,-0.740986402,0.123074457,0.210812209,34.44403342,43.17457729,36.24972159,23.90780138,1.313535477,-3.363027147,-1.16686489
*c1ccc(-c2nc3cc(-c4ccc5nc(-c6ccccc6)c(*)nc5c4)ccc3nc2-c2ccccc2)cc1,-4013811.313,-8.277859327,-0.458263191,0.288771701,-0.178809395,0.216133568,-0.068575331,72.91005679,118.4793501,49.56156288,50.68925737,-2.331021221,-2.768767145,13.77208777
*c1ccc(-c2nc3cc(-c4ccc5nc(*)c(-c6ccccc6)nc5c4)ccc3nc2-c2ccccc2)cc1,-4013811.359,-8.377749326,-0.411538389,1.130837015,-0.583007097,0.964016135,0.097816,71.59743525,107.461876,69.84731258,37.48311713,-0.33465997,-0.821403468,-2.140531662
*c1cccc(-c2nc3cc(-c4ccc5nc(*)c(-c6ccccc6)nc5c4)ccc3nc2-c2ccccc2)c1,-4013811.353,-8.377591354,-0.411842825,1.131980854,-0.676047817,0.642922688,0.641085346,71.60096637,107.0917492,58.083795,49.62735488,0.469140943,4.413627516,15.83150967
*c1ccc(-c2nc3cc(-c4ccc5nc(*)c(-c6ccc7ccccc7c6)nc5c4)ccc3nc2-c2ccc3ccccc3c2)cc1,-4821054.147,-8.092106765,-0.446476581,1.212932744,-0.227162865,0.136028855,1.183680288,90.27493864,139.033364,51.52425234,80.26719956,-2.59516922,-10.15802854,1.234884455
*c1cccc(-c2nc3cc(-c4ccc5nc(*)c(-c6ccc7ccccc7c6)nc5c4)ccc3nc2-c2ccc3ccccc3c2)c1,-4821054.162,-8.094885441,-0.445916684,1.175239463,-0.46933272,0.254883575,1.046875808,90.32411063,142.2496023,49.247603,79.47512663,-5.084473765,0.719050416,-0.501618544
*N=P(*)(OCC(F)(F)F)OCC(F)(F)F,-3418825.915,-9.250565952,1.875216142,2.229284876,-0.680890864,2.122236186,-0.047034658,13.96137842,14.79477258,13.28901365,13.80034905,-1.025735725,-0.034625008,0.892410646
*Oc1ccc(C(=O)c2ccc(*)cc2)cc1,-1712398.812,-8.83740931,0.365563259,2.252369855,1.262139874,1.834325564,-0.339739057,23.75252414,33.50086722,22.99690174,14.75980345,-0.902667074,-0.116493234,0.340160744
*CCCCCCS(*)(=O)=O,-2063369.332,-10.79568755,2.160671754,5.074883282,-4.207461959,-0.443828045,-2.802627492,14.95224305,18.51938969,13.45532299,12.88201647,0.007713628,0.436177746,0.480611579
*OS(=O)(=O)c1ccc(*)cc1,-2248344.659,-10.21912984,0.566773486,4.665902576,-3.454862745,-1.970575052,2.439550005,14.38409189,18.09556371,15.05788129,9.99883066,0.432804032,-1.225450466,0.406274908
*c1ccc(*)cc1,-610096.5674,-9.379584551,1.960208417,3.07E-05,-4.98E-06,-3.02E-05,-2.73E-06,9.962380184,11.74564677,11.73142106,6.410072725,-0.00116221,-0.025584737,-0.312561862
*CCc1ccc(*)c(C)c1,-919931.9695,-8.837967023,1.989181926,0.285144742,0.008570368,0.243976523,0.147341538,15.72265744,19.38260042,14.95304161,12.83233029,0.696382775,-1.01377139,2.536035916
*CCc1cc(C)c(*)cc1C,-1023210.069,-8.546187763,2.129191733,0.464204302,-0.418601703,-0.179798444,0.089054858,17.52647899,21.14508315,19.11888182,12.31547202,-0.827310124,-1.392096964,-1.657186027
*CCc1ccc(*)c(Cl)c1,-2023497.292,-9.1462215,1.576037683,2.214702506,-1.463649522,1.19592659,1.154294962,15.82659421,19.05857258,15.1636527,13.25755733,-0.391500661,-2.137320826,3.254795317
*c1ccc(C(Cl)(Cl)C(*)Cl)cc1,-4437158.268,-9.671943242,0.751098868,2.167061799,1.664312305,-1.387804633,0.014822129,19.48532894,22.51571473,17.44154123,18.49873086,-0.587982179,-0.464269646,1.668038162
*C1CCC(*)C1,-516323.3999,-11.13826483,2.83543397,0.017102844,0.004808208,-0.016237197,-0.002396216,8.551436695,8.919254913,8.891502464,7.843552708,0.012017266,-0.063128577,0.187968445
*C1C2CC(C)C(C2)C1*,-822980.7768,-10.42149102,2.798230293,0.043385579,-0.040710916,0.010258695,-0.010940245,13.05620458,13.75066922,13.18094523,12.23699929,-0.679762255,0.057483107,-0.1230828
*C1CC2CC1C(*)C2CCCC,-1132796.367,-10.31734584,2.768066511,0.027376043,-0.023730342,-0.00711911,-0.011646323,18.3777016,21.08538543,16.77627202,17.27144736,-0.264031504,-0.071818664,-0.417418059
*C1CC2CC1C(*)C2CCCCCC,-1339343.044,-10.18601273,2.807797901,0.074619289,-0.029778373,0.003433924,0.068333703,22.1788877,26.84114653,19.59216876,20.10334781,-0.657005075,-0.862117168,0.376156181
*CC(*)(C)c1ccc2ccccc2c1,-1323547.855,-8.172071386,0.896555184,0.391914938,-0.315777798,0.232088406,0.004083189,23.28914292,25.93378661,21.97151821,21.96212394,-8.544191693,-0.735890741,3.087066958
*CCC(c1ccccc1)C(*)c1ccccc1,-1630183.227,-8.932995565,1.829045068,0.284417234,-0.196575549,0.196340707,0.06084031,26.71260816,27.96969797,27.36453794,24.80358857,1.614456216,-2.64421096,3.211381873
*/C(Cl)=C(/*)c1ccccc1,-2020264.562,-8.652450523,0.682460075,2.055513371,-2.025996483,0.302375971,0.170417851,16.72485581,25.58487161,13.78189574,10.80780007,0.098459648,0.115863248,2.668177974
*/C=C(/*)c1ccc(C#C)cc1,-1013460.556,-8.416511811,0.405327145,0.687800844,-0.687647085,0.006439365,-0.013039267,19.06140269,30.9506108,12.0976912,14.13590606,-0.668586314,1.438324577,-3.107260384
*/C=C(/*)c1cccc(C#C)c1,-1013459.599,-8.655754256,0.730294738,0.65460062,-0.443108686,0.479178242,-0.050446772,18.47602646,24.33961115,21.08037768,10.00809054,-1.19272049,1.489373213,0.071035177
*/C=C/C(C(=O)OCc1ccc(Cl)cc1)C(*)C(=O)OCc1ccc(Cl)cc1,-5237893.733,-8.875712984,1.468661749,4.305793664,-0.47845879,-4.20217913,-0.807853215,38.20241536,32.66406189,46.17285318,35.77033101,1.603245277,-4.675820156,4.365945592
*/C=C(/*)c1ccc(-c2ccc(C#C)cc2)cc1,-1620443.875,-8.132992501,0.204040811,0.805450559,0.802460451,0.067046873,0.017678928,31.82348627,54.12434884,23.05767307,18.28843689,3.778920094,-0.214988138,-4.091182116
*CC(*)C(=O)OCC(C)O,-1212436.019,-10.33153086,2.491216627,1.753666542,0.581557995,-0.46454625,1.587870719,12.59326199,15.3590123,10.71481573,11.70595793,0.500505696,0.270008706,0.725913193
*CC(*)(CC(=O)OCCCCCCCC)C(=O)OCCCCCCCC,-2956014.841,-10.12987927,2.181721491,2.574228446,0.036416561,-2.565013181,-0.214553744,38.85852082,41.74347577,35.26404619,39.5680405,-0.327933405,3.072862008,-1.389004237
*CC(*)(CC(=O)OCCCCCCCCC)C(=O)OCCCCCCCCC,-3162558.642,-10.085364,2.085959252,3.47765274,1.514789489,-0.867561246,-3.007793023,42.3704657,46.2193445,39.17544102,41.71661157,-0.06543213,-0.920960584,1.830055045
*CC(*)C(=O)n1c2ccccc2c2ccccc21,-1863666.402,-8.427334997,0.750860519,2.487660935,-0.612268817,2.365371311,0.467549339,27.93492032,31.84652531,35.97952148,15.97871418,0.803917843,-3.10814082,2.959882471
*CC(*)C(=O)OC(OCC)C(F)(F)F,-2097747.816,-10.67840351,2.104139967,2.714431367,-0.528201254,-2.443713819,1.057073246,14.38508903,15.65279875,14.93303796,12.56943038,0.737719722,-0.394577021,0.087932923
*CC(*)(C)C(=O)OC(OCC)C(F)(F)F,-2201024.834,-10.5894133,1.988669013,2.860511627,1.071017132,1.844906035,-1.905720544,16.08800254,17.52449447,14.91873631,15.82077684,0.537471724,-0.558289922,-0.232296436
*CC(*)(CC(=O)Oc1ccc(OCCCCCCC)cc1)C(=O)Oc1ccc(OCCCCCCC)cc1,-4358532.912,-8.393015987,1.602953921,2.678459747,0.223771676,-0.179447615,2.663056779,58.03398068,74.69237209,50.38147349,49.02809646,7.541234122,-1.360394118,-0.347593182
*CC(*)(C)C(=O)Oc1c(C)cccc1C,-1621837.572,-9.035947938,1.986005326,1.643986292,-0.473161559,0.721035141,-1.399613301,21.68855071,26.0184528,21.37090652,17.67629281,-1.065797522,1.483615317,2.56782425
*CC(*)(C)C(=O)OCCCCCCN(C)c1ccc(/N=N/c2ccc(S(C)(=O)=O)cc2)cc1,-4722003.87,-7.602516898,-0.419212138,10.76973614,-9.656809647,-3.531556472,-3.203334633,59.11372639,92.81284827,43.75515871,40.77317219,-0.165066312,7.21772148,-3.798712361
*C([2H])([2H])C(*)(C(=O)OC([2H])([2H])[2H])C([2H])([2H])[2H],-911560.8002,-10.24755276,2.53475948,1.696514239,0.059336809,-1.176338725,1.22101061,10.04133363,11.51265929,9.709272729,8.902068865,-0.316214992,0.101650844,-0.786045976
*C(*)C(=O)OC(C)C,-911582.0538,-10.24517051,2.698004015,1.799553895,-0.499538455,0.003555422,-1.728827033,10.11546493,11.65252172,8.764484274,9.92938879,-0.072500793,0.257581137,0.342952117
*CC(*)(C)C(=O)Oc1c(C(C)C)cccc1C(C)C,-2034934.146,-8.981933807,1.896007949,1.66801824,1.163434219,-0.247977672,1.169278727,28.75714618,30.6336626,32.22211042,23.41566552,-0.591275303,-2.661444905,-1.133748542
*CC(*)(C)C(=O)OCC(=O)c1ccccc1,-1816249.882,-9.567136018,0.534265058,4.013301037,-1.18755896,-0.58295945,3.788990263,21.47867369,20.58244643,20.28891075,23.56466389,2.144685019,-0.051448986,1.491951015
*CC(*)(C)C(=O)OCc1ccc(Cl)c(Cl)c1,-3932222.664,-9.362904047,0.998718557,2.464116384,-2.200906141,1.006185005,-0.464191179,23.78878184,28.6594542,22.89983054,19.80706079,-0.315883018,2.961391394,1.308866711
*CC(*)(C)C(=O)OCc1cccc(Cl)c1,-2725390.3,-9.300889835,1.264625506,0.93554292,-0.848497133,-0.361572577,0.15671133,21.68952256,22.96750269,22.99008364,19.11098136,3.367744224,-0.667912929,1.969331763
*CC(*)(C)C(=O)OCc1ccc(Cl)cc1,-2725390.645,-9.262353582,1.282491938,2.37153215,-1.508509832,-1.625745547,-0.839948952,21.79584541,25.92195897,20.55212595,18.91345132,-0.76301262,3.244040796,0.403558309
*CC(*)(C)C(=O)OCc1cccc(Cl)c1Cl,-3932222.087,-9.389821445,1.026576274,1.208777989,-0.327849067,-0.785029716,0.858712736,23.48650255,23.81711601,22.80657956,23.83581207,3.456754268,1.027126141,-2.542584693
*CC(*)(C)C(=O)OCc1ccc(Cl)cc1Cl,-3932231.832,-9.433272503,0.993022743,1.214464904,-0.90639779,0.395661707,0.704854497,23.75107092,25.4303589,20.58834004,25.23451381,-2.879378753,-2.904871789,-0.824835457
*CC(*)(C)C(=O)OCc1cc(Cl)ccc1Cl,-3932229.921,-9.228797537,1.151477677,1.582192058,-0.575207831,-1.229275264,0.813234275,23.8213938,26.14492643,21.74964709,23.56960787,1.486706154,0.408469014,5.47588181
*CC(*)(C)C(=O)OCc1c(Cl)cccc1Cl,-3932220.887,-9.541534075,0.919228674,3.183873163,1.841364394,2.559196264,-0.443779192,23.99117197,27.64102947,21.44576659,22.88671986,2.629207716,-2.636109322,3.479111877
*CC(*)(C)C(=O)OCc1cc(Cl)cc(Cl)c1,-3932230.517,-9.463857626,0.936741498,2.405697538,-1.5894049,-1.33840462,-1.212371966,23.84102339,25.54236027,20.75762218,25.22308772,1.914359372,-2.249556649,2.80217162
*/C=C(/*)C(C)(C)C,-619541.4627,-9.656746123,2.693859767,0.293694344,-0.283638271,-0.064745499,0.040171128,11.0887,12.40636721,10.83082809,10.02890469,0.854152269,-0.376581367,-0.201568824
*C1C(*)C2CC1C1C=CCC12,-1023033.313,-9.008534986,2.688645173,0.283368931,-0.24559002,0.128861556,0.058122221,15.83686059,17.569725,15.43963755,14.50121923,-0.000958186,-1.54687024,-0.075843941
*/C(C)=C(/*)C(C)C,-619543.4157,-9.17914197,2.749511016,0.052630958,-0.003712244,0.029503827,-0.043425351,11.1983436,13.3180867,10.96372184,9.313222277,1.269585167,0.273179347,0.580247956
*OC1C(CO)OC(*)C(O)C1O,-1607567.116,-9.980490875,2.493942608,2.002513802,-1.440464009,-0.354038049,-1.345281392,13.33938932,14.60655015,12.92812721,12.48349061,0.033526762,0.005605593,-0.623650267
*Oc1cc(C)c(*)c(C)c1Br,-7771046.994,-8.565031394,1.695254606,1.390282111,0.029726931,-1.388381674,-0.066309759,17.37332437,21.87554178,19.44406413,10.80036721,-1.98334504,0.712136929,0.472218106
*CCC(C)CO*,-717070.8224,-10.07876287,2.729898592,1.680272855,0.623964108,-0.128469953,-1.554825113,9.862481055,10.74051305,9.718574208,9.128355908,-0.209347749,-0.139396314,0.023438257
*Oc1ccc2[nH]c(-c3ccc4c(c3)-c3cc(-c5nc6cc(*)ccc6[nH]5)ccc3S4(=O)=O)nc2c1,-4841747.516,-8.327361936,-0.59733122,7.938950967,-6.381782664,4.692575425,-0.528704414,59.78907057,79.77198156,71.86828789,27.72694227,-0.299490985,-0.69978011,-5.632607395
*C1Oc2ccccc2C1*,-1011057.905,-8.256903449,1.830350406,1.621406008,-0.914259523,-1.252875918,0.472640352,13.77094299,17.66610166,14.12874415,9.517983152,0.193855952,0.84501079,-1.455116387
*Oc1ccc2[nH]c(-c3ccc4sc5ccc(-c6nc7cc(*)ccc7[nH]6)cc5c4c3)nc2c1,-4446781.596,-7.757129643,0.366610337,4.655840502,-4.157809679,2.006121897,0.60410627,59.39203568,81.90778734,54.08605368,42.18226604,-6.28432843,7.115309814,20.12456118
*OC(F)(F)C(F)(F)C(*)(F)F,-2074614.74,-12.37659113,2.205487179,3.209451854,-1.993329384,2.165801788,-1.279266112,6.851579038,7.243083083,6.643612439,6.668041594,-0.072421686,0.096705489,0.021314441
*c1ccc(Oc2ccc(C(=O)c3ccc(Oc4ccc(C5(*)OC(=O)c6ccccc65)cc4)cc3)cc2)cc1,-4326344.602,-8.761882931,0.37986542,4.784859486,-4.671578526,0.683045824,0.777613512,60.28275565,69.56705684,51.73473537,59.54647473,-2.685702161,0.36237647,12.00320232
*Oc1cccc(Oc2cccc(*)c2)c1C#N,-1854587.864,-8.879671977,0.444461161,2.767532933,-0.377205695,-2.428600027,-1.272342841,23.93654857,29.03789745,23.40896489,19.36278336,3.907841081,2.910126734,0.530618772
*C(=O)Oc1ccc(C(C)(C)c2ccc(OC(=O)c3ccc4c(c3)C(=O)n3c-4nc4ccc(Oc5ccc6c(c5)nc5n6C(=O)c6ccc(*)cc6-5)cc43)cc2)cc1,-6507812.12,-8.215420195,-0.763180798,3.988418843,-1.350049897,-2.218532401,3.027038838,92.02128452,117.2520414,65.20450846,93.60730367,-3.900116995,1.838894286,-12.09075245
*Oc1ccc(NC(=O)c2ccc(C(c3ccc(C(=O)O)c(C(=O)Nc4cc(*)ccc4N)c3)(C(F)(F)F)C(F)(F)F)cc2C(=O)O)c(N)c1,-6670519.192,-8.051273032,-0.017841386,3.479140415,1.883960249,0.371964103,-2.901164337,65.13873932,89.93561291,48.41124581,57.06935923,0.089991493,3.362677816,1.679111965
*c1ccc2c(c1)-c1nc3cc(Oc4ccc5c(c4)nc4n5C(=O)c5cc(C(*)(C(F)(F)F)C(F)(F)F)ccc5-4)ccc3n1C2=O,-5867335.01,-8.316234856,-0.765583886,5.719800321,4.061165355,-2.092873418,3.441356205,65.02393784,95.28596809,44.54624586,55.23959958,-3.968048656,1.273781222,-3.57436134
*Oc1ccc(S(=O)(=O)c2ccc(Oc3ccc(C(C)(C)c4ccc(*)cc4)cc3[N+](=O)[O-])cc2)cc1,-5113848.355,-8.858477722,-0.354441859,6.895792401,-5.773260049,0.242676089,3.76331364,53.84051737,62.36357651,54.7367871,44.42118851,-0.205854612,-0.124507445,-3.376089101
*Oc1ccc(S(=O)(=O)c2ccc(Oc3ccc(C(C)(C)c4ccc(*)cc4)cc3)c([N+](=O)[O-])c2)cc1[N+](=O)[O-],-5651046.476,-8.803477983,-1.154776475,4.45286914,-2.56369889,1.686092869,-3.22685333,56.55433462,64.45124926,57.93663331,47.27512129,-1.136833646,-0.552444399,1.060921065
*Oc1ccc(S(=O)(=O)c2ccc(Oc3c(C)cc(C(c4cc(C)c(*)c(C)c4)(C(F)(F)F)C(F)(F)F)cc3C)cc2)cc1,-6553933.121,-8.940063425,0.698609182,5.621341721,-1.654852751,5.3720504,-0.044940158,60.08067789,77.13583301,49.32295713,53.78324353,4.279735571,-1.283661631,1.284915058
*CC(=C)COCC(=C)COC(=O)O*,-1713386.273,-9.786080004,2.105557361,3.165222566,-2.252350883,-1.50382608,1.638309041,18.36252428,21.14856979,17.52891324,16.4100898,-1.73533304,0.405908912,-0.202215489
*OC1C(COC(C)=O)OC(*)C(OC(C)=O)C1OC(C)=O,-2810651.303,-9.785172765,2.173103724,1.325335169,-1.122993818,0.043505097,0.702499467,24.45378624,26.70163612,25.54862192,21.11110066,-1.201570453,-1.119284341,0.180884688
*Oc1ccc(SC(=O)Sc2ccc(*)cc2)cc1,-3803596.462,-8.69119372,1.027159497,2.289284681,-0.036939166,1.344519969,-1.852491809,30.71609486,41.54763667,26.46697319,24.13367473,-0.762086006,-2.480846723,-1.715030876
*Oc1ccc(SC(=O)Oc2ccc(C(C)(C)c3ccc(OC(=O)Sc4ccc(*)cc4)cc3)cc2)cc1,-6020312.865,-8.729754585,1.265855463,2.271450815,-0.098963387,2.133728227,0.772592327,61.08770934,88.78124873,48.76344471,45.71843457,-1.049296589,4.489629338,-1.030739099
*Oc1ccc(NC(=O)c2cc(C(c3ccc(C(=O)O)c(C(=O)Nc4ccc(Oc5ccc(C(c6ccc(*)cc6)(C(F)(F)F)C(F)(F)F)cc5)cc4)c3)(C(F)(F)F)C(F)(F)F)ccc2C(=O)O)cc1,-9665150.993,-8.533018826,-0.506732874,8.114621439,7.776034974,-1.760760517,-1.509994564,88.94694191,89.99633299,103.6593758,73.18511692,-5.692329697,-8.465590331,5.938784373
*OC1C(CO)OC(*)C(N)C1O,-1555368.092,-9.349288075,2.316450329,1.0450074,0.24749048,-1.010121374,0.102194608,13.93782172,14.87460426,13.78589147,13.15296943,0.430755034,0.862383542,0.360656949
*Oc1ccc(S(=O)(=O)c2ccc(Oc3ccc(C(=O)c4cc(Br)cc(C(=O)c5ccc(*)cc5)c4)cc3)cc2)cc1,-12226048.02,-9.246451607,-0.546389647,3.949387915,-2.844646247,-2.371349482,-1.371989165,63.92620053,56.61426852,64.12754467,71.0367884,-16.72162989,6.242561691,-4.907502036
*Oc1ccc(S(=O)(=O)c2ccc(Oc3ccc(C(=O)c4cc(I)cc(C(=O)c5ccc(*)cc5)c4)cc3)cc2)cc1,-5497464.312,-8.932496981,-0.323990069,7.34106101,3.656237857,-1.684239346,-6.138928189,68.8027711,91.64670542,61.29517306,53.46643483,8.591704689,1.644208566,7.442760198
*Oc1ccc(S(=O)(=O)c2ccc(Oc3ccc(C(=O)c4cc(C(=O)c5ccc(*)cc5)cc(C(C)(C)C)c4)cc3)cc2)cc1,-5882386.872,-9.050861578,-0.148471985,4.207692258,0.771255956,2.580657929,-3.232652633,69.35757427,91.72335153,55.52982862,60.81954268,6.187051249,-2.178582846,4.846062012
*Oc1ccc(C(c2ccc(Oc3ccc(C(=O)c4cccc(C(=O)c5ccc(*)cc5)c4)cc3)cc2)(C(F)(F)F)C(F)(F)F)cc1,-5902565.261,-8.836742688,-0.067671605,4.90414105,-4.209818367,-0.817060717,2.379168035,65.46084382,93.81533944,55.46001808,47.10717394,0.064889204,-2.035327598,-5.199097358
*Oc1ccc(C(=O)Nc2cccc(C(O)Cc3ccc(NC(=O)c4ccc(*)cc4)cc3)c2)cc1,-3919190.665,-8.185303574,0.704708229,2.917066864,-2.507662265,1.484429681,0.131824033,51.27535374,33.91619361,72.4012815,47.50858611,2.903386755,-0.499217388,-2.212766369
*C1(OC(C(C1(C(C(*)(F)F)(F)F)F)(F)F)(F)F)F,-3423913.021,-12.40408368,1.904667392,1.34110387,1.324562022,0.029847494,0.20785612,11.59648202,12.84547581,11.26213737,10.68183288,0.028811346,-0.009076683,0.023840748
*Oc1cc(C(C)(C)C)c(Oc2ccc(C(=O)Nc3ccc(C(C)(C)c4ccc(NC(=O)c5ccc(*)cc5)cc4)cc3)cc2)cc1C(C)(C)C,-5455573.118,-8.020598573,0.750593818,4.242058744,1.285156277,-3.448112437,2.110439848,84.3519697,108.7562655,67.74685888,76.5527847,-5.650188639,-3.539396876,7.231897412
*Oc1cc(C(C)(C)C)c(Oc2ccc(C(=O)Nc3ccc(C(C)(C)c4ccc(NC(=O)c5ccc(*)cc5)c(C)c4)cc3C)cc2)cc1C(C)(C)C,-5662144.45,-7.928046256,0.744275412,7.328034947,1.386216182,2.141390796,6.869712245,87.4567657,99.55268708,81.78052453,81.03708549,-3.608907062,2.708016487,-9.327553901
*Oc1cc(C(C)(C)C)c(Oc2ccc(C(=O)Nc3c(C)cc(C(C)(C)c4cc(C)c(NC(=O)c5ccc(*)cc5)c(C)c4)cc3C)cc2)cc1C(C)(C)C,-5868701.839,-8.213452249,0.88212735,4.845824992,-2.125512305,-1.752502301,3.986596666,90.37487425,118.0050367,78.69531822,74.42426778,5.515510996,-0.16979293,8.516264207
*Oc1cc(C(C)(C)C)c(Oc2ccc(C(=O)Nc3c(C)cc(Cc4cc(C)c(NC(=O)c5ccc(*)cc5)c(C(C)C)c4)cc3C(C)C)cc2)cc1C(C)(C)C,-6075295.939,-7.995276695,0.69724667,6.19560991,2.817246462,-2.328848807,5.002516143,88.39709125,85.35003289,81.74924374,98.09199714,1.65023717,-4.97893111,5.069531176
*Oc1cc(C(C)(C)C)c(Oc2ccc(C(=O)Nc3ccc(C(c4ccc(NC(=O)c5ccc(*)cc5)cc4)(C(F)(F)F)C(F)(F)F)cc3)cc2)cc1C(C)(C)C,-7019697.537,-8.309296729,0.534592581,6.425944325,-0.251748271,3.984785162,-5.034964795,84.14691795,101.3472794,84.87334715,66.22012732,4.891329075,1.91612923,2.685588382
*Oc1ccc(Oc2ccc(C(=O)c3ccc(C(=O)c4ccc(*)cc4)c4ccccc34)cc2)cc1,-3825242.031,-8.46560824,-0.189722042,5.13579901,-2.104348685,3.582934595,3.018398212,56.10942911,78.86192048,39.10902767,50.35733918,-0.227436599,-1.727834218,1.211464382
*Oc1ccc(S(=O)(=O)c2ccc(Oc3ccc(C(C)(C)c4ccc(*)c(C(O)(C(F)(F)F)C(F)(F)F)c4)cc3C(O)(C(F)(F)F)C(F)(F)F)cc2)cc1,-8719770.138,-8.9528234,0.561876932,5.766470637,4.394138323,-3.292354459,1.761855306,62.48222619,72.70128084,59.55277827,55.19261945,-5.118128,-0.175628938,1.775606864
*Oc1ccc(S(=O)(=O)c2ccc(Oc3ccc(C(C)(C)c4ccc(*)c(C(OC)(C(F)(F)F)C(F)(F)F)c4)cc3C(OC)(C(F)(F)F)C(F)(F)F)cc2)cc1,-8926211.204,-8.667904034,0.665304383,12.00346253,-9.562097771,-4.169158889,5.938645732,65.89970293,70.25407029,66.43901921,61.0060193,4.334006036,-4.785996425,0.723504877
*Oc1ccc(S(=O)(=O)c2ccc(Oc3c(C)cc(C(C)(C)c4cc(C)c(*)c(C)c4)cc3C)cc2C(O)(C(F)(F)F)C(F)(F)F)c(C(O)(C(F)(F)F)C(F)(F)F)c1,-9132872.626,-8.505276787,0.155306247,6.498580518,4.490955213,-3.707941771,-2.883407332,71.60396538,94.35429501,64.10258279,56.35501834,-1.636149891,-1.251196055,-1.932640341
*Oc1ccc2c(c1)nc1n2C(=O)c2ccc(-c3ccc4c(c3)C(=O)n3c-4nc4ccc(*)cc43)cc2-1,-3993420.627,-8.278640738,-0.965245735,1.812246576,-1.466907031,-0.512797107,0.932448679,60.7842517,97.61430221,52.63792523,32.10052765,-0.951283819,-3.832463726,-8.164344784
*Oc1ccc2c(c1)nc1c3cc4c(=O)n5c6cc(*)ccc6nc5c4cc3c(=O)n21,-3386342.786,-8.324767472,-1.644484121,1.430125724,0.496884375,1.322146996,0.224260614,50.50103143,88.32535972,42.85776686,20.31996772,0.570562002,-0.58965192,0.96790337
*c1ccc2c(c1)-c1nc3cc(Oc4ccc5nc6n(c5c4)C(=O)c4cc(C(*)(C(F)(F)F)C(F)(F)F)ccc4-6)ccc3n1C2=O,-5867338.316,-8.297291307,-0.729789472,3.477295531,-2.682600055,1.813630282,1.267275169,63.99009969,79.33949141,67.74860359,44.88220406,-5.369355949,-1.564722077,5.459942283
*c1ccc(*)s1,-1452286.812,-9.064313615,1.758329024,0.53324626,-9.59E-05,-0.532122999,-0.034593033,9.156695498,9.980411223,11.14532567,6.344349599,-0.010297516,0.161722817,0.313334679
*c1ccc2c(c1)-c1cc(-c3nc4cc(-c5ccc6[nH]c(*)nc6c5)ccc4[nH]3)ccc1S2(=O)=O,-4644140.758,-8.06811301,-0.359353255,7.019644897,3.803168848,2.517005773,-5.33629114,58.33118288,83.65393694,49.84269485,41.49691685,-4.91485853,-19.84018098,-8.71418683
*Cc1ccc2[nH]c(-c3ccc4c(c3)-c3cc(-c5nc6cc(*)ccc6[nH]5)ccc3S4(=O)=O)nc2c1,-4747433.041,-8.362406483,-0.584707789,6.931315628,3.972511131,-1.323640662,-5.523609965,61.17956429,82.59799561,31.787634,69.15306326,4.014640839,0.101018355,11.85205634
*c1ccc2sc3ccc(-c4nc5cc(-c6ccc7[nH]c(*)nc7c6)ccc5[nH]4)cc3c2c1,-4249168.235,-7.746838144,0.567222096,1.504495307,0.368760929,-1.243244346,0.762800761,57.81740066,90.55125038,30.06430126,52.83665036,2.970162346,1.816745769,2.869526952
*Cc1ccc2[nH]c(-c3ccc4sc5ccc(-c6nc7cc(*)ccc7[nH]6)cc5c4c3)nc2c1,-4352464.253,-7.853890653,0.402179943,4.816298287,4.629512563,1.162604848,-0.642411542,60.62620566,83.02596692,55.01044337,43.84220668,2.348023042,1.629122456,-21.96960619
*c1cc(CCCC)c(*)s1,-1865388.912,-8.832348257,1.814915056,0.861304902,-0.37150125,-0.673478593,0.387633255,16.33084772,17.98359767,16.68142786,14.32751762,2.022932516,0.226129175,-1.737609427
*Oc1ccc(C(C)(c2ccccc2)c2ccc(OC(=O)c3cccc(C(*)=O)c3)cc2)cc1,-3628214.076,-8.402787294,0.007565383,1.237028085,1.049820406,-0.410783654,-0.509286156,50.81727433,62.22924303,53.96124111,36.26133885,-0.3358681,0.83380771,-0.418761945
*Oc1ccc(C(c2ccccc2)(c2ccccc2)c2ccc(OC(=O)c3cccc(C(*)=O)c3)cc2)cc1,-4131906.773,-8.358610469,-0.011201718,2.363460982,2.221585592,0.685342063,-0.425219386,59.27165762,68.98134309,57.66654184,51.16708792,0.756070005,0.512569101,-4.573098552
*Oc1ccc(C(C)(C)c2ccc(OC(=O)c3ccc(C(=O)c4ccc(C(*)=O)cc4)cc3)cc2)cc1,-4029210.655,-8.358323939,-0.726130723,1.20008449,-0.621771652,0.301607614,0.981139971,56.640822,78.57404449,42.30020253,49.04821898,1.745114132,0.819457496,-4.948087254
*CCCCCCCCOC(=O)c1cccc(C(=O)O*)c1,-2427026.741,-9.914341122,0.305609642,1.147779294,0.637793568,-0.952548631,0.057164469,30.18903506,32.13434266,27.92559834,30.50716417,-4.088740728,0.495499038,1.025944342
*c1cc(Br)c(OC(=O)c2ccc(C(=O)Oc3c(Br)cc(C4(*)OC(=O)c5ccccc54)cc3Br)cc2)c(Br)c1,-31044257.47,-9.42837851,-0.355541558,3.591675171,-1.4201761,-2.647288282,-1.968526132,63.32430718,83.99579256,57.67483772,48.30229125,4.817722795,-1.290695692,4.703682428
*CCCCCCS(=O)(=O)c1ccc(/N=N/c2ccc(N(C)CCCCCC(=O)O*)cc2)cc1,-4825317.404,-7.863313826,-0.629609658,8.918535413,-7.934326205,-2.280734452,3.374165372,59.39923547,92.29636827,45.27851474,40.62282341,1.097566794,4.660247295,2.869809297
*CCCS(=O)(=O)c1ccc(/N=N/c2ccc(N(CCCC)CC(=O)O*)cc2)cc1,-4412204.903,-8.411212687,-0.762989572,7.550422439,-6.373443301,-3.288340103,-2.361126609,51.85130933,78.79065721,40.94430216,35.81896862,1.608396961,-6.683483858,3.380601344
*Oc1ccc(OC(=O)c2cc(OCCCCCCCCCCCC)c(C(*)=O)cc2OCCCCCCCCCCCC)cc1,-5081402.413,-8.369428964,-0.239020788,2.21929764,1.176795641,1.856832553,-0.30431382,70.96233299,82.31484605,64.03469035,66.53746256,9.204602436,2.337087412,-1.985756004
*Oc1ccc2c(c1)C1(CC2(C)C)CC(C)(C)c2ccc(OC(=O)c3ccc(C(*)=O)cc3)cc21,-3737899.133,-8.290708822,-0.408141545,4.483965914,-1.467290652,-3.492924867,2.398433725,52.15067565,56.91815529,53.35196565,46.181906,6.98150908,2.963270786,-2.463764089
*Oc1ccc2c(c1)C1(CC2(C)C)CC(C)(C)c2ccc(OC(=O)c3cccc(C(*)=O)c3)cc21,-3737900.074,-8.342960242,-0.011184327,2.854739794,-2.805474742,-0.513982574,-0.121130821,51.9219366,58.7480044,49.37648544,47.64131995,-2.438242855,-1.067099173,-3.824969851
*CCOC(=O)NCC1(C)CC(NC(=O)O*)CC(C)(C)C1,-2520903.191,-9.545848292,2.610375652,3.108713508,-0.113937213,-3.091688049,0.304274537,28.72746233,32.62575726,25.81951575,27.73711398,-0.643529774,2.027272258,-0.49669046
*Oc1ccc(C(C)(C)c2ccc(OC(=O)c3ccccc3/C=C/c3ccc(/C=C/c4ccccc4C(*)=O)cc3)cc2)cc1,-4745179.007,-7.829114378,-0.612018967,7.494886911,6.978024977,-1.743237453,2.107515221,76.96116519,81.45653858,90.51669203,58.91026494,-15.68724722,-0.066374966,21.76654671
*Oc1ccc(C(C)(C)c2ccc(OC(=O)c3ccccc3/C=C/c3ccc(/C=C/c4ccccc4C(*)=O)cc3)c(C)c2)cc1C,-4951748.238,-7.93768035,-0.210875681,4.444855342,2.969214176,1.283570767,-3.048434397,76.64560497,62.49781114,108.0137454,59.42525833,12.38956738,-4.188814388,14.72087905
*Oc1ccc(S(=O)(=O)c2ccc(OC(=O)c3ccccc3/C=C/c3ccc(/C=C/c4ccccc4C(*)=O)cc3)cc2)cc1,-5875990.668,-8.308646761,-0.738112132,11.57206455,-10.7325812,-4.095358685,-1.397288742,74.52650874,71.41456454,102.9818941,49.18306759,-14.70649164,-2.543158609,4.921817419
*c1ccc(OC(=O)c2ccccc2/C=C/c2ccc(/C=C/c3ccccc3C(=O)Oc3ccc(C4(*)OC(=O)c5ccccc54)cc3)cc2)cc1,-5637736.734,-8.007662672,-0.335083025,7.790588779,-6.737574847,-3.895992104,-0.345838427,85.89337104,100.7934373,88.1513436,68.73533226,-11.53278316,17.8039581,-12.40594714
*Oc1cccc2c(OC(=O)c3ccccc3/C=C/c3ccc(/C=C/c4ccccc4C(*)=O)cc3)cccc12,-4231959.482,-7.929831397,-0.145266509,5.410035876,-3.305110931,0.585863667,4.242816715,68.7958588,81.926932,62.0945272,62.36611719,14.18468763,-3.382901263,-6.711368104
*Oc1cccc2ccc(OC(=O)c3ccccc3/C=C/c3ccc(/C=C/c4ccccc4C(*)=O)cc3)cc12,-4231978.493,-7.773116807,-0.138587634,4.494239229,3.968213339,-0.773435146,1.962974074,65.47619211,65.13239778,45.24306092,86.05311762,0.042385383,-23.21430825,-9.291188212
*Oc1ccc2ccc(OC(=O)c3ccccc3/C=C/c3ccc(/C=C/c4ccccc4C(*)=O)cc3)cc2c1,-4231995.212,-7.758655526,-0.305121814,6.140645556,5.164635676,-0.417099269,3.29546573,65.83968347,65.51485234,77.36942379,54.63477427,22.31872444,-10.43278254,-18.50751496
*Oc1cccc(OC(=O)c2ccccc2/C=C/c2ccc(/C=C/c3ccccc3C(*)=O)cc2)c1,-3828335.944,-8.006201631,-0.215084618,3.206557601,-1.419673259,2.69796372,-0.993746069,60.88108612,80.53875505,69.38476335,32.71973994,16.87529015,-0.181337414,3.755218795
*Oc1ccccc1OC(=O)c1ccccc1/C=C/c1ccc(/C=C/c2ccccc2C(*)=O)cc1,-3828332.074,-7.982383734,-0.258153253,4.91959826,-0.778349929,-0.732914631,-4.80202609,60.85881277,75.77963254,36.09290685,70.70389893,-7.091711353,17.70392284,-5.596264197
*Oc1ccc(OC(=O)c2ccccc2/C=C/c2ccc(/C=C/c3ccccc3C(*)=O)cc2)cc1,-3828332.922,-7.951739834,-0.166982051,3.466967012,2.750734613,-1.659820613,-1.303194108,62.20841927,85.98092861,46.92571384,53.71861537,-14.34023033,-3.422063934,-6.583451165
*CCCCCCCCCCCCNC(=O)CCCCCCCCCCCCCCCCCCC(=O)N*,-3987625.871,-9.3661055,2.263756901,5.215755349,2.497783393,-2.825398217,-3.603096848,61.43832355,67.68593844,55.9929226,60.6361096,-2.648498825,3.192489755,0.062187298
*Nc1ccc(NC(=O)c2cc(C(*)=O)c(C(=O)OCC)cc2C(=O)OCC)cc1,-3507145.499,-7.763941828,-0.519399618,2.910582536,1.383330887,-0.029515205,-2.560666946,42.29029562,54.55793803,38.21444229,34.09850652,11.06068077,1.994109808,-3.92425234
*Nc1cccc(C(O)Cc2ccc(NC(=O)c3ccc(C(*)=O)cc3)cc2)c1,-3114517.245,-7.708703134,-0.37262645,1.892431351,-0.571467055,0.904962817,1.560693475,42.64073537,56.11959539,37.85375905,33.94885166,9.310562265,4.972316148,-6.531196422
*c1ccc2c(c1)-c1nc3cc(-c4ccc5nc6n(c5c4)C(=O)c4cc(C(*)(C(F)(F)F)C(F)(F)F)ccc4-6)ccc3n1C2=O,-5669784.137,-8.22802709,-0.82939982,2.859776741,2.53693202,0.877290626,0.986235313,66.44909554,105.3808683,39.65452151,54.31189679,-5.179444959,0.811748833,10.52982762
*CC(C)CNC(=O)O*,-1057051.655,-9.702112562,2.602173857,2.170508262,-0.898719543,-1.439853784,1.352860074,11.28277982,11.96003866,11.19382472,10.69447609,1.297553485,0.398802201,-0.33621669
*c1ccc(Oc2cccc(Oc3ccc(N4C(=O)c5ccc(-c6ccc7c(c6)C(=O)N(*)C7=O)cc5C4=O)cc3)c2)cc1,-4908666.604,-8.5022415,-0.996179172,0.383697232,-0.089127885,0.249396921,-0.277634583,68.57023987,93.65419388,55.16508184,56.89144389,-12.42308933,1.664934769,7.676436711
*c1cccc(N2C(=O)c3ccc(C(c4ccc5c(c4)C(=O)N(*)C5=O)(C(F)(F)F)C(F)(F)F)cc3C2=O)c1,-5173547.09,-9.183115178,-0.768038631,1.488829651,-0.513593985,0.607013621,-1.258717368,48.10630005,68.50597024,34.79829985,41.01463006,-4.333301648,-1.223729932,-4.560985362
*c1ccc2c(c1)C(=O)N(c1cccc(S(=O)(=O)c3cccc(N4C(=O)c5ccc(C(*)(C(F)(F)F)C(F)(F)F)cc5C4=O)c3)c1)C2=O,-7221194.052,-9.422662716,-0.772413871,8.344528162,2.963754469,4.62406195,-6.282146192,60.31901871,61.09201646,72.34907797,47.51596169,10.71219753,0.201311006,-7.062105505
*c1cc2c(C(=O)N(C2=O)c2ccc(cc2)Oc2ccc(cc2)NC(=O)*)cc1,-3202548.948,-8.203894937,-0.315508171,5.479584572,1.107604654,-5.288131807,-0.913630674,42.11113696,58.63135845,38.79550771,28.90654471,-9.197716327,-1.826780377,6.295058483
*c1ccc(S(=O)(=O)c2ccc(N3C(=O)c4cc5C(=O)N(*)C(=O)c5cc4C3=O)cc2)cc1,-4740235.196,-9.581518127,-1.548241544,5.799908773,-2.109700381,4.017455556,-3.612223267,46.53648383,63.11018326,32.24174157,44.25752667,-4.734958637,0.277608137,1.526924227
*c1cccc(Oc2ccc(N3C(=O)c4cc5C(=O)N(*)C(=O)c5cc4C3=O)cc2)c1,-3497171.295,-8.561430428,-1.325712344,1.368318812,-0.965846796,-0.623991019,-0.741668084,43.71697078,64.67071892,36.47108606,30.00910735,-2.569074425,0.570850439,7.574887123
*c1ccc(-c2ccc(N3C(=O)c4ccc(-c5ccc6c(c5)C(=O)N(*)C6=O)cc4C3=O)cc2C(F)(F)F)c(C(F)(F)F)c1,-5677293.762,-9.29243476,-0.980111954,3.178104333,0.389223005,-2.245382955,2.215199312,59.13325595,89.71335002,37.53952587,50.14689196,5.257951992,-5.470488096,0.073316418
*C(=O)Oc1ccc(C(C)(C)c2ccc(OC(=O)c3ccc4c(c3)C(=O)N(c3ccc(-c5ccc(N6C(=O)c7ccc(*)cc7C6=O)c(C)c5)cc3C)C4=O)cc2)cc1,-6627592.253,-8.540341961,-0.71603587,2.624252143,-2.298510358,-1.247070638,-0.219918776,92.16882847,130.0717414,82.59102357,63.84372041,1.485912623,7.714481079,9.899534614
*C(=O)Oc1ccc(C(C)(C)c2ccc(OC(=O)c3ccc4c(c3)C(=O)N(c3ccc(Oc5ccc(N6C(=O)c7ccc(*)cc7C6=O)cc5)cc3)C4=O)cc2)cc1,-6618576.541,-8.332656683,-0.741280666,3.135699034,2.487611582,-1.243177,1.448760849,88.66717737,132.3098945,57.45372043,76.23791719,-6.166862074,-7.904659188,-10.55628122
*C(=O)Oc1ccc(C(C)(C)c2ccc(OC(=O)c3ccc4c(c3)C(=O)N(c3ccc(-c5ccc(N6C(=O)c7ccc(*)cc7C6=O)cc5)cc3)C4=O)cc2)cc1,-6421021.374,-8.360894312,-0.716557723,2.838781263,0.451985865,-2.712961185,0.703014544,89.23662918,136.1999721,79.2892868,52.22062866,-5.41945644,6.195810986,-1.468535054
*c1ccc2c(c1)C(=O)N(c1ccc3c(c1)-c1cc(N4C(=O)c5ccc(C(*)(C(F)(F)F)C(F)(F)F)cc5C4=O)ccc1C3)C2=O,-5880685.253,-8.322637471,-0.595939078,2.224039283,-1.605100063,0.875231791,1.266480886,61.92167564,81.85324087,43.77164439,60.14014165,5.534651115,-3.956428196,10.85550858
*C(=O)Nc1ccc(NC(=O)c2ccc(N3C(=O)c4ccc(*)cc4C3=O)cc2)cc1,-3448163.042,-8.033965547,-0.491324848,4.190053619,4.186889402,-0.049234407,0.155185167,46.54308261,73.87011646,42.61210493,23.14702642,-2.805435332,-0.085576785,1.67116817
*c1ccc(Oc2ccc(C(c3ccc(Oc4ccc(N5C(=O)c6ccc(Oc7ccc8c(c7)C(=O)N(*)C8=O)cc6C5=O)cc4)cc3)(C(F)(F)F)C(F)(F)F)cc2)cc1,-7587198.872,-8.576384246,-0.651862384,4.037971268,-1.362830339,-2.182046546,-3.11232683,83.36361597,108.9907571,78.92538941,62.1747014,0.635176805,0.239377775,-2.47856151
*c1cccc(Oc2cccc(Oc3cccc(-n4c(=O)c5cc6c(=O)n(*)c(=O)c6cc5c4=O)c3)c2)c1,-4301735.709,-8.565278683,-1.419006999,1.038817608,0.974556531,-0.338142967,0.12264145,52.27561608,61.5274234,50.73258226,44.56684259,4.152335006,10.42763171,0.200483844
*c1ccc(Oc2ccc(S(=O)(=O)c3ccc(Oc4ccc(N5C(=O)c6ccc(C(=O)c7ccc8c(c7)C(=O)N(*)C8=O)cc6C5=O)cc4)cc3)cc2)cc1,-7254028.286,-8.812165725,-1.234129614,2.987421065,0.367060797,2.622232447,1.383418947,84.37440348,124.0207383,68.37525083,60.72722131,2.261035198,-3.745305817,6.983117014
*c1ccc(Oc2ccc(S(=O)(=O)c3ccc(Oc4ccc(N5C(=O)c6ccc(Oc7ccc8c(c7)C(=O)N(*)C8=O)cc6C5=O)cc4)cc3)cc2)cc1,-7153891.422,-8.795283939,-0.702714563,5.950846238,1.515819621,-5.616119358,-1.254617544,81.78208344,113.27293,66.16129108,65.91202921,3.551395165,6.391756601,-1.699984969
*c1ccc(Oc2cccc(Oc3ccc(N4C(=O)c5ccc(C(=O)c6ccc7c(c6)C(=O)N(*)C7=O)cc5C4=O)cc3)c2)cc1,-5206410.039,-8.39456452,-1.144919764,2.675432047,0.179677838,2.114087693,1.629811565,69.35480502,101.1333797,55.66704804,51.26398731,-0.691206803,-2.306683558,4.32462078
*c1ccc(Oc2ccc(S(=O)(=O)c3ccc(Oc4ccc(N5C(=O)c6cc7C(=O)N(*)C(=O)c7cc6C5=O)cc4)cc3)cc2)cc1,-6349336.027,-8.865526358,-1.49114684,6.667005322,2.411781858,5.294795669,-3.255365886,69.47706833,86.14096592,77.27516407,45.01507498,5.319789858,-2.754491403,2.432511249
*c1ccc(-c2ccc(-n3c(=O)c4cc5c(=O)n(*)c(=O)c5cc4c3=O)cc2C(F)(F)F)c(C(F)(F)F)c1,-5070295.673,-9.48502155,-1.474915509,2.697588915,-0.104456642,0.782637379,-2.579448293,46.78473199,69.26070594,42.53902046,28.55446957,-3.196160518,-0.632564606,3.726356676
*c1ccc(S(=O)(=O)c2ccc(N3C(=O)c4ccc(-c5ccc6c(c5)C(=O)N(*)C6=O)cc4C3=O)cc2)cc1,-5347233.76,-9.388130674,-1.046363452,5.804431064,-3.225049555,4.660737172,1.25219981,58.92965459,85.82201575,51.03351752,39.93343048,2.849313251,-3.098428207,-1.218531252
*C(=O)c1ccc2c(c1)C(=O)N(c1ccc(C3(c4ccc(N5C(=O)c6ccc(*)cc6C5=O)cc4)c4ccccc4-c4ccccc43)cc1)C2=O,-5518377.012,-8.273148149,-0.90994809,2.835959813,2.766646977,0.617318378,0.085150374,79.17878866,96.36809958,84.09042948,57.07783691,-0.761860012,-0.493862188,2.968847543
*CCCCCCN1C(=O)c2ccc(C(c3ccc4c(c3)C(=O)N(*)C4=O)(C(F)(F)F)C(F)(F)F)cc2C1=O,-5186225.224,-10.06002142,-0.725920176,1.451229731,0.603127931,0.072756683,1.317957092,47.90889669,61.95339079,37.78379478,43.98950451,-6.12464425,1.145063936,-1.222162241
*c1ccc2c(c1)C(=O)N(c1c(C)cc(Cc3cc(C)c(N4C(=O)c5ccc(C(*)(C(F)(F)F)C(F)(F)F)cc5C4=O)c(C)c3)cc1C)C2=O,-6296963.295,-8.738582297,-0.562053097,2.853236929,2.294742793,-0.945318006,-1.407654203,67.97304899,86.43129887,60.69148651,56.7963616,8.498842234,-7.523225173,3.304180116
*c1ccc2c(c1)C(=O)N(c1c(CC)cc(Cc3cc(CC)c(N4C(=O)c5ccc(C(*)(C(F)(F)F)C(F)(F)F)cc5C4=O)c(CC)c3)cc1CC)C2=O,-6710057.461,-8.77473637,-0.571656588,2.9680263,2.146604381,1.797468203,0.985077566,74.36937449,90.29371175,71.5711128,61.24329892,-2.518667738,12.42629183,2.685613186
*c1ccc2c(c1)C(=O)N(c1c(C(C)C)cc(Cc3cc(C(C)C)c(N4C(=O)c5ccc(C(*)(C(F)(F)F)C(F)(F)F)cc5C4=O)c(C(C)C)c3)cc1C(C)C)C2=O,-7123163.666,-8.780405502,-0.524851819,3.205514281,-1.971576467,0.872453502,-2.372136786,81.28355547,92.87985248,73.5627377,77.40807624,8.772513428,9.754511023,-2.354771993
*c1ccc2c(c1)C(=O)N(c1cc(N3C(=O)c4ccc(C(*)(C(F)(F)F)C(F)(F)F)cc4C3=O)ccc1C)C2=O,-5276841.988,-8.926544327,-0.624184969,2.905613668,2.166382188,1.932038968,0.128858192,50.24506272,65.91406502,48.67333357,36.14778958,2.61228374,-1.257917639,-0.682075134
*c1ccc(S(=O)(=O)c2ccc(N3C(=O)c4ccc(C(c5ccc6c(c5)C(=O)N(*)C6=O)(C(F)(F)F)C(F)(F)F)cc4C3=O)cc2)cc1,-7221158.236,-9.496926019,-0.976865302,4.855246517,-2.670857747,-2.355942,3.299920443,63.14197651,87.9729762,48.45665294,52.99630039,1.841993,0.992542216,-1.230745811
*c1ccc(S(=O)(=O)c2ccc(N3C(=O)c4ccc(C(=O)c5ccc6c(c5)C(=O)N(*)C6=O)cc4C3=O)cc2)cc1,-5644927.952,-9.49800279,-1.305475454,4.540365401,3.154890203,1.224325677,-3.026980742,60.54021195,87.3580769,51.4138156,42.84874335,1.364554663,-2.733829212,-3.758441273
*c1ccc(-c2ccc(-n3c(=O)c4cc5c(=O)n(*)c(=O)c5cc4c3=O)cc2OC(F)(F)F)c(OC(F)(F)F)c1,-5465487.176,-9.097676002,-1.468778962,2.092221947,0.145705359,-1.083630982,1.783789931,48.59769951,71.51573463,41.17599609,33.10136782,2.845322958,-3.881781116,-3.392163501
*C1CCC(N2C(=O)c3ccc(-c4ccc5c(c4)C(=O)N(*)C5=O)cc3C2=O)CC1,-3309164.269,-9.477539666,-0.792632463,1.283823508,-0.914726979,0.862132437,-0.261160898,43.18116345,63.85584103,27.44857117,38.23907817,-3.020493111,-1.004642535,3.201849039
*c1cc(C(c2ccc(O)c(-n3c(=O)c4cc5c(=O)n(*)c(=O)c5cc4c3=O)c2)(C(F)(F)F)C(F)(F)F)ccc1O,-5568767.855,-8.808031249,-1.67924903,4.286018563,-2.758456136,2.847487854,1.628707397,48.71136423,57.6045407,39.50253856,49.02701344,-3.677694225,-2.051188038,10.4873086
*c1ccc2c(c1)C(=O)N(c1ccc(C(c3ccc(C)c(N4C(=O)c5ccc(C(*)(C(F)(F)F)C(F)(F)F)cc5C4=O)c3)(C(F)(F)F)C(F)(F)F)cc1C)C2=O,-7861063.674,-9.211326816,-0.580309688,7.417927824,-1.880447051,4.530260772,5.564738038,66.83849745,71.09184347,73.39845242,56.02519648,-4.197163111,3.01027268,15.1530784
*c1ccc2c(c1)C(=O)N(c1ccc(Oc3ccc(-c4ccc(Oc5ccc(N6C(=O)c7ccc(C(*)(C(F)(F)F)C(F)(F)F)cc7C6=O)cc5)cc4)cc3)cc1)C2=O,-7389638.548,-8.052721227,-0.613923346,4.392073689,1.966608998,3.040552129,2.485518675,85.50656163,129.1685134,59.82078061,67.53039085,7.306709418,6.149304255,-0.001614759
*c1ccc(Oc2ccc(S(=O)(=O)c3ccc(Oc4ccc(N5C(=O)c6ccc(C(c7ccc8c(c7)C(=O)N(*)C8=O)(C(F)(F)F)C(F)(F)F)cc6C5=O)cc4)cc3)cc2)cc1,-8830258.531,-8.820057651,-0.881590764,6.707176022,-0.682803408,5.346194209,3.992267172,87.00390176,122.9100151,69.16381284,68.93787735,5.38715737,-1.745142048,5.694063069
*c1ccc2c(c1)C(=O)N(c1cccc(Oc3ccc(S(=O)(=O)c4ccc(Oc5cccc(N6C(=O)c7ccc(C(*)(C(F)(F)F)C(F)(F)F)cc7C6=O)c5)cc4)cc3)c1)C2=O,-8830273.258,-8.636147349,-0.767536859,5.044315604,1.597967721,-4.695626985,-0.917990357,85.99964187,98.87315543,63.11121745,96.01455272,2.655616672,-0.229993513,-1.64666765
*c1ccc(C(C)(C)c2ccc(N3C(=O)c4ccc(Oc5ccc6c(c5)C(=O)N(*)C6=O)cc4C3=O)cc2)cc1,-4413982.933,-8.708328292,-0.594783426,1.148243455,-0.711025424,0.847489934,0.307679526,60.486922,88.49902091,49.85340392,43.10834117,1.109471308,4.140011772,1.42847342
*c1cccc(N2C(=O)c3ccc(Oc4ccc5c(c4)C4(CC(C)(C)c6ccc(Oc7ccc8c(c7)C(=O)N(*)C8=O)cc64)CC5(C)C)cc3C2=O)c1,-5831970.732,-8.777725581,-0.254975067,6.989405056,2.596064662,3.805860846,5.256201531,77.65188002,72.43758008,75.96889072,84.54916925,5.700533877,16.71114242,9.853022504
*c1ccc(S(=O)(=O)c2ccc(N3C(=O)c4ccc(Oc5ccc6c(c5)C(=O)N(*)C6=O)cc4C3=O)cc2)cc1,-5544791.274,-9.320203735,-0.777355249,7.432484782,3.540219413,-3.201569489,-5.697247524,58.07414486,76.6303588,44.36220562,53.22987016,4.620206463,1.792755732,-3.978367124
*c1ccc2c(c1)C(=O)N(c1ccc(Oc3ccc(N4C(=O)c5ccc(C(C)(C)CCCCCCCCC(*)(C)C)cc5C4=O)cc3)cc1)C2=O,-5549979.903,-8.223809558,-0.296634508,3.628198975,0.893905784,1.061756272,3.352228195,81.30196729,115.9440298,59.90380977,68.05806226,2.664474317,3.204313872,0.545077394
*C(=O)Nc1cccc(NC(=O)c2ccc(N3C(=O)c4ccc(*)cc4C3=O)cc2)c1,-3448168.552,-8.368618978,-0.541494228,7.69766502,-7.645611091,-0.823952951,-0.346091525,46.07729894,71.43556689,23.53244103,43.26388889,4.866668748,4.0458649,-0.654820284
*C(=O)c1ccc2c(c1)C(=O)N(c1ccc(C(=O)Nc3ccc(N4C(=O)c5ccc(*)cc5C4=O)cc3)cc1)C2=O,-4647446.401,-8.342032698,-1.108679024,3.400940768,-0.430793196,-3.312404591,-0.639367779,62.35992736,91.56941506,48.41139398,47.09897303,14.97542173,-15.97813702,-4.872244297
*c1cccc(Oc2ccc(N3C(=O)c4ccc(C(=O)c5ccc6c(c5)C(=O)N(*)C6=O)cc4C3=O)cc2)c1,-4401863.03,-8.489506297,-1.138600123,1.939531299,0.066524961,0.359453428,1.904770149,57.68051813,85.52908607,38.17541303,49.3370553,0.62586851,-8.726175731,-4.133034765
*c1ccc(-c2sc(-c3ccc(-n4c(=O)c5cc6c(=O)n(*)c(=O)c6cc5c4=O)cc3)c(-c3ccccc3)c2-c2ccccc2)cc1,-5962784.584,-7.977873613,-1.335490956,1.446959037,-1.233988754,-0.648652256,-0.387572523,76.19748959,106.2685472,61.63362535,60.69029623,-3.294512129,-6.160177819,4.29758615
*c1ccc(C(c2ccc(N3C(=O)c4cc5c(cc4C3=O)C(C(F)(F)F)(C(F)(F)F)c3cc4c(cc3O5)C(=O)N(*)C4=O)cc2)(C(F)(F)F)C(F)(F)F)cc1,-7848917.659,-9.260702016,-1.006465333,1.872784898,1.242181672,1.214792212,0.698990595,66.38778781,98.09926774,53.29417155,47.76992414,-1.068103999,-3.456261852,11.63510912
*c1ccc2c(c1)C(=O)N(c1cc(C(c3ccc(O)c(N4C(=O)c5ccc(C(*)(C(F)(F)F)C(F)(F)F)cc5C4=O)c3)(C(F)(F)F)C(F)(F)F)ccc1O)C2=O,-8049726.595,-8.839540454,-0.942643885,9.773810127,2.282913965,4.769439718,8.219982542,63.75071283,57.21248575,63.82816143,70.21149133,-1.281291286,-1.119408238,6.642195319
*c1ccc(Oc2c(C)cc(Cc3cc(C)c(Oc4ccc(-n5c(=O)c6cc7c(=O)n(*)c(=O)c7cc6c5=O)cc4)c(C)c3)cc2C)cc1,-5425128.123,-8.653785881,-1.311867245,0.716998539,-0.561127269,0.323635263,-0.307381374,73.684303,79.28505777,65.77089544,75.99695579,-3.755189951,10.24220444,-6.574109231
*c1ccc(Oc2c(C)cc(Cc3cc(C)c(Oc4ccc(N5C(=O)c6ccc(-c7ccc8c(c7)C(=O)N(*)C8=O)cc6C5=O)cc4)c(C)c3)cc2C)cc1,-6032124.837,-8.530229504,-0.850137411,0.757672241,0.056040567,-0.663782385,0.360998095,86.0232052,106.391257,85.37572665,66.30263198,13.40406027,-2.452286711,4.099550072
*C(=O)c1ccc2c(c1)C(=O)N(c1ccc(Oc3c(C)cc(Cc4cc(C)c(Oc5ccc(N6C(=O)c7ccc(*)cc7C6=O)cc5)c(C)c4)cc3C)cc1)C2=O,-6329791.168,-8.435672023,-0.866185324,5.916884837,-4.374357597,0.804544851,3.902208268,88.34355542,109.1495396,83.45017368,72.43095299,1.776573699,-2.426858524,13.82453449
*c1ccc2c(c1)C(=O)N(c1ccc(Oc3c(C)cc(Cc4cc(C)c(Oc5ccc(N6C(=O)c7ccc(C(*)(C(F)(F)F)C(F)(F)F)cc7C6=O)cc5)c(C)c4)cc3C)cc1)C2=O,-7906059.326,-8.422311741,-0.578600611,4.481456367,0.238644233,3.391893897,-2.919170411,91.66256276,114.3253528,79.57563475,81.08670073,-2.438244694,-0.921986263,-13.46397009
*c1c(C)cc(C(c2cc(C)c(N3C(=O)c4ccc(-c5ccc6c(c5)C(=O)N(*)C6=O)cc4C3=O)c(C)c2)c2cccc3ccccc23)cc1C,-5433618.64,-8.129219227,-0.825963148,0.920873911,-0.394252007,-0.444840468,-0.703342785,81.65764383,106.113273,80.72943374,58.13022476,-3.698833749,1.152868474,-5.65209795
*C(=O)c1ccc2c(c1)C(=O)N(c1c(C)cc(C(c3cc(C)c(N4C(=O)c5ccc(*)cc5C4=O)c(C)c3)c3cccc4ccccc34)cc1C)C2=O,-5731298.371,-8.14520362,-0.884537251,3.426005385,2.95422248,-0.312750321,1.706537334,82.64031781,103.0033958,69.47976353,75.43779414,6.620828128,-1.998538275,-15.5372337
*c1ccc2c(c1)C(=O)N(c1c(C)cc(C(c3cc(C)c(N4C(=O)c5ccc(C(*)(C(F)(F)F)C(F)(F)F)cc5C4=O)c(C)c3)c3cccc4ccccc34)cc1C)C2=O,-7307565.973,-8.143021453,-0.569531816,2.470999377,-1.874153865,1.60979402,-0.044140995,86.01876116,105.8659604,90.11675652,62.0735666,-6.712489599,-1.498985486,-6.569432125
*c1ccc(Oc2c(C)cc(C(c3cc(C)c(Oc4ccc(-n5c(=O)c6cc7c(=O)n(*)c(=O)c7cc6c5=O)cc4)c(C)c3)c3cccc4ccccc34)cc2C)cc1,-6435730.57,-8.216158415,-1.319419441,0.52137149,-0.489649584,-0.175696738,-0.034672347,92.50665137,105.3474612,92.41738985,79.7551031,18.51548834,3.674070981,-0.90532977
*c1ccc(Oc2c(C)cc(C(c3cc(C)c(Oc4ccc(N5C(=O)c6ccc(-c7ccc8c(c7)C(=O)N(*)C8=O)cc6C5=O)cc4)c(C)c3)c3cccc4ccccc34)cc2C)cc1,-7042727.323,-8.193804007,-0.856313941,1.01487012,-0.262466653,-0.000446505,-0.98034301,105.1196686,134.1568256,105.2321623,75.97001783,15.69915122,2.565021152,-3.465011822
*c1ccc2c(c1)C(=O)N(c1ccc(Oc3c(C)cc(C(c4cc(C)c(Oc5ccc(N6C(=O)c7ccc(C(*)(C(F)(F)F)C(F)(F)F)cc7C6=O)cc5)c(C)c4)c4cccc5ccccc45)cc3C)cc1)C2=O,-8916663.127,-8.193235046,-0.582374482,2.336554202,0.801940255,-2.066530765,-0.73880171,110.0015404,140.1252765,101.8580532,88.02129151,9.275905526,6.454612801,-0.1045706
*/C=C/C1CC(*)C2C(=O)N(CCCCC)C(=O)C12,-1973750.189,-9.823790919,1.344686562,1.915519887,-1.518618892,-1.065130314,0.478027732,25.28574703,28.19008043,26.69349196,20.9736687,-0.415947733,-1.278000042,-0.142299883
*/C=C/C1CC(*)C2C(=O)N(CCCCCC)C(=O)C12,-2077020.575,-9.821261254,1.344161349,1.934209566,-1.504543157,0.197196272,1.1994291,27.04483167,28.53392793,28.81872685,23.78184022,-0.517765292,-1.916612007,-0.846400928
*c1cccc(P(=O)(c2cccc(-n3c(=O)c4cc5c(=O)n(*)c(=O)c5cc4c3=O)c2)c2cc(C(F)(F)F)cc(C(F)(F)F)c2)c1,-6772894.033,-9.699617971,-1.575686662,5.124304285,3.498242281,1.920590302,3.214362805,60.28292726,75.16854397,59.73590321,45.9443346,6.862530446,6.761314437,3.710668685
*c1cccc(P(=O)(c2ccc(C(F)(F)F)cc2)c2cccc(-n3c(=O)c4cc5c(=O)n(*)c(=O)c5cc4c3=O)c2)c1,-5887551.378,-9.58780165,-1.53563867,4.71596597,3.151997606,0.86661453,3.399150685,58.42651375,74.37230986,47.43378459,53.4734468,-2.850980892,7.624121854,-7.996591759
*c1cccc(P(=O)(c2ccccc2)c2cccc(-n3c(=O)c4cc5c(=O)n(*)c(=O)c5cc4c3=O)c2)c1,-5002205.693,-9.363725466,-1.456180899,4.525535025,0.48296632,-1.303697985,4.306690419,56.15817864,71.66589077,50.7305266,46.07811854,3.604006154,6.5356701,7.769843125
*Oc1c(C)cc(C(C)(C)c2cc(C)c(ON3C(=O)c4ccc(Oc5ccc(C6(c7ccc(Oc8ccc9c(c8)C(=O)N(*)C9=O)cc7)CCC(C(C)(C)C)CC6)cc5)cc4C3=O)c(C)c2)cc1C,-7663268.981,-8.000903752,-0.292344377,4.330131175,-0.949044575,-2.301971078,-3.542637371,106.8778351,130.9050297,78.7300557,110.99842,-3.730444223,-1.529480969,-0.464628447
*c1ccc(Oc2ccc(C(c3ccc(Oc4ccc(N5C(=O)c6ccc(Oc7ccc(C8(c9ccc(Oc%10ccc%11c(c%10)C(=O)N(*)C%11=O)cc9)CCC(C(C)(C)C)CC8)cc7)cc6C5=O)cc4)cc3)(C(F)(F)F)C(F)(F)F)cc2)cc1,-10028337.81,-8.487414575,-0.29051076,4.461431496,-1.598138159,-2.081485424,-3.608011066,122.8507145,165.6193541,93.91675845,109.016031,-5.067408607,-3.162265718,-0.382847868
*c1ccc(Oc2ccc(Oc3ccc(N4C(=O)c5ccc(Oc6ccc(C7(c8ccc(Oc9ccc%10c(c9)C(=O)N(*)C%10=O)cc8)CCC(C(C)(C)C)CC7)cc6)cc5C4=O)cc3)c(C(C)(C)C)c2)cc1,-7960516.181,-8.190357213,-0.231333897,3.49862536,-2.992429966,1.791267532,0.277674153,112.8872987,130.9830127,92.90592528,114.7729582,1.679629758,-3.36985202,14.41192709
*c1ccc(Oc2ccc(C3(c4ccc(Oc5ccc(N6C(=O)c7ccc(Oc8ccc(C9(c%10ccc(Oc%11ccc%12c(c%11)C(=O)N(*)C%12=O)cc%10)CCC(C(C)(C)C)CC9)cc8)cc7C6=O)cc5)cc4)CC4CC3C3CCCC43)cc2)cc1,-9177640.771,-8.354651549,-0.284000097,1.654172893,1.354225557,0.329308485,-0.891020214,131.8437562,170.0666749,100.1174971,125.3470967,-1.977418981,-17.61048646,-3.415157361
*C(=O)Nc1cccc(C#Cc2cccc(N3C(=O)c4ccc(*)cc4C3=O)c2)c1,-3205020.781,-8.448866667,-0.458128468,5.472951998,-5.218250274,1.491882453,-0.705233582,47.86798985,62.33985062,43.7009166,37.56320233,3.657658413,10.66539222,10.96249968
*c1ccc(Oc2ccc(NC(=O)CN3C(=O)c4ccc(C(c5ccc6c(c5)C(=O)N(CC(=O)Nc5ccc(Oc7ccc(-c8nnc(*)o8)cc7)cc5)C6=O)(C(F)(F)F)C(F)(F)F)cc4C3=O)cc2)cc1,-9167929.459,-8.217903675,-1.239811336,5.017905192,2.515906701,-1.386123035,4.114395328,100.1584353,135.8632192,85.23105886,79.38102784,-4.219219205,-1.932633324,0.417574658
*c1ccc(Oc2c(C)cc(C(C)(C)c3cc(C)c(Oc4ccc(N5C(=O)c6ccc(Oc7ccc(C8(c9ccc(Oc%10ccc%11c(c%10)C(=O)N(*)C%11=O)cc9)CCC(c9ccccc9)CC8)cc7)cc6C5=O)cc4)c(C)c3)cc2C)cc1,-9071253.957,-8.351103272,-0.367131216,2.04151478,1.743973777,-0.363922448,-0.99694459,132.5673511,169.8495533,106.6155553,121.2369447,8.571640048,-8.791654696,9.544571584
*c1ccc(Oc2ccc(Oc3ccc(N4C(=O)c5ccc(Oc6ccc(C7(c8ccc(Oc9ccc%10c(c9)C(=O)N(*)C%10=O)cc8)CCC(c8ccccc8)CC7)cc6)cc5C4=O)cc3)c(C(C)(C)C)c2)cc1,-8154401.285,-8.128634685,-0.371228082,2.11099653,-1.812095511,-1.003118606,-0.40788389,118.2240362,167.6824432,106.769621,80.22004445,4.60810607,6.240257771,-11.35904815
*c1ccc(Oc2ccc(-c3ccc(Oc4ccc(N5C(=O)c6ccc(Oc7ccc(C8(c9ccc(Oc%10ccc%11c(c%10)C(=O)N(*)C%11=O)cc9)CCC(c9ccccc9)CC8)cc7)cc6C5=O)cc4)cc3C)c(C)c2)cc1,-8554853.315,-8.159163711,-0.395895626,6.771450954,-5.183892875,-4.147244137,1.334229649,126.075664,149.754578,133.6477426,94.82467141,29.04191436,-28.73818836,1.860788451
*c1ccc(Oc2ccc(N3C(=O)c4ccc(Oc5ccc(C6(c7ccc(Oc8ccc9c(c8)C(=O)N(*)C9=O)cc7)CCC(c7ccccc7)CC6)cc5)cc4C3=O)cc2)cc1,-6936754.136,-8.210195581,-0.381250159,7.052975352,-5.729795912,-4.112246377,0.057704923,98.56338152,121.4900023,113.8119381,60.38820418,11.20510916,-2.11206048,-0.396286855
*c1ccc(Oc2ccccc2Oc2ccc(-n3c(=O)c4cc5c(=O)n(*)c(=O)c5cc4c3=O)cc2)cc1,-4301730.186,-8.461294395,-1.335631867,0.906231717,-0.753632165,-0.349361652,0.362271887,53.54630936,64.78885665,46.50707038,49.34300105,10.08020348,-8.36418937,-12.99669822
*c1ccc(Oc2ccc(Oc3ccc(-n4c(=O)c5cc6c(=O)n(*)c(=O)c6cc5c4=O)cc3)cc2C(C)(C)C)cc1,-4714824.238,-8.358807004,-1.32096179,1.331877972,-1.317309003,0.017208093,-0.195703354,62.83141905,91.41094525,49.56217833,47.52113358,-2.186022336,-4.405951323,9.202367538
*c1ccc(Oc2ccc(Oc3ccc(-n4c(=O)c5cc6c(=O)n(*)c(=O)c6cc5c4=O)cc3)cc2-c2ccccc2)cc1,-4908710.431,-8.437335706,-1.368259319,1.452461185,-0.208539298,-1.428565583,0.159233252,64.7117304,84.93578026,64.86843074,44.33098021,-2.79512317,4.191385244,-7.584350249
*c1ccc(Oc2cc(C(C)(C)C)ccc2Oc2ccc(-n3c(=O)c4cc5c(=O)n(*)c(=O)c5cc4c3=O)cc2)cc1,-4714836.448,-8.381719603,-1.320276597,1.382421581,-1.330626408,0.363465807,-0.091735482,61.49222825,82.6072729,58.93982252,42.92958932,-8.897366532,-5.216410757,0.250953339
*c1ccc(Oc2ccc(Oc3ccc(N4C(=O)c5ccc(-c6ccc7c(c6)C(=O)N(*)C7=O)cc5C4=O)cc3)cc2)cc1,-4908712.152,-8.365389635,-0.854602536,0.409531345,-0.290535929,-0.276208195,-0.083748609,67.77333672,97.47950738,49.02762061,56.81288217,-5.499749147,1.152200686,1.839687917
*c1ccc(Oc2ccccc2Oc2ccc(N3C(=O)c4ccc(-c5ccc6c(c5)C(=O)N(*)C6=O)cc4C3=O)cc2)cc1,-4908727.123,-8.380321304,-0.869746785,0.889578551,0.333437495,0.327105003,0.757081074,65.96934381,90.62982506,59.14695509,48.13125129,-9.592341372,8.87064448,-6.228737843
*c1ccc(Oc2ccc(Oc3ccc(N4C(=O)c5ccc(-c6ccc7c(c6)C(=O)N(*)C7=O)cc5C4=O)cc3)c(C(C)(C)C)c2)cc1,-5321821.005,-8.248232108,-0.861174503,1.25301126,-0.447027412,0.610983193,0.998450424,75.22543997,108.3840574,61.41396919,55.87829332,3.705801138,-1.970366035,-3.440306383
*c1ccc(Oc2ccc(Oc3ccc(N4C(=O)c5ccc(-c6ccc7c(c6)C(=O)N(*)C7=O)cc5C4=O)cc3)c(-c3ccccc3)c2)cc1,-5515708.43,-8.331614682,-0.842379421,1.038040182,0.506340667,-0.720708263,0.549296048,76.66576615,101.6575357,61.68646294,66.65329982,-12.06773991,-8.508959075,-3.268769652
*c1ccc(Oc2cc(C(C)(C)C)ccc2Oc2ccc(N3C(=O)c4ccc(-c5ccc6c(c5)C(=O)N(*)C6=O)cc4C3=O)cc2)cc1,-5321833.307,-8.268485183,-0.857261218,0.881944452,-0.713722755,0.186795596,-0.483252781,73.9556368,102.5102543,63.10158772,56.25506839,7.014329574,7.458030297,5.691453676
*c1ccc(Oc2ccc(-c3ccc(Oc4ccc(N5C(=O)c6ccc(Oc7cccc(Oc8ccc9c(c8)C(=O)N(*)C9=O)c7)cc6C5=O)cc4)cc3)cc2)cc1,-6517838.021,-8.003098842,-0.590837935,4.027532971,1.827150613,1.100369792,-3.416391195,88.23238729,117.6288434,72.98409072,74.08422777,16.55886378,-3.922489092,-7.925340702
*c1ccc(Oc2ccc(C3(c4ccc(Oc5ccc(N6C(=O)c7ccc(Oc8ccc(C9(c%10ccc(Oc%11ccc%12c(c%11)C(=O)N(*)C%12=O)cc%10)CCC(c%10ccccc%10)CC9)cc8)cc7C6=O)cc5)cc4)CC4CC3C3CCCC43)cc2)cc1,-9371524.516,-8.082900079,-0.368344535,2.256057346,-0.983767413,0.805085018,1.863822561,137.8228054,186.3452642,125.4764791,101.6466729,2.908312366,-0.461277408,4.732596345
*C(=O)c1ccc2c(c1)C(=O)N(c1cc(C(c3ccc(O)c(N4C(=O)c5ccc(*)cc5C4=O)c3)(C(F)(F)F)C(F)(F)F)ccc1O)C2=O,-6473460.336,-8.876313818,-1.162067858,6.882051928,-2.375971566,4.458487851,4.673251966,60.49431893,52.40471931,65.52278963,63.55544786,-0.571580622,-0.036508128,8.657158985
*c1ccc(Oc2ccc(-c3ccc(Oc4ccc(N5C(=O)c6ccc(Oc7ccc(C8(c9ccc(Oc%10ccc%11c(c%10)C(=O)N(*)C%11=O)cc9)CCCCCCCCCCC8)cc7)cc6C5=O)cc4)cc3C)c(C)c2)cc1,-8567485.707,-8.253990502,-0.235825629,1.772295221,-0.188634952,0.677622772,-1.626737405,125.1576697,161.1180106,110.9144266,103.4405718,-23.71626161,-19.85363689,-1.098279049
*c1ccc(Cc2ccc(N3C(=O)c4ccc(Oc5ccc(C6(c7ccc(Oc8ccc9c(c8)C(=O)N(*)C9=O)cc7)CCCCCCCCCCC6)cc5)cc4C3=O)cc2)cc1,-6855094.518,-8.595821795,-0.215953546,6.224495001,-3.047266309,4.599022745,-2.882272689,98.26409348,101.141027,90.93050841,102.720745,-10.096238,-0.165311268,-14.66372675
*c1ccc(Oc2ccc(Oc3ccc(N4C(=O)c5ccc(Oc6ccc(C7(c8ccc(Oc9ccc%10c(c9)C(=O)N(*)C%10=O)cc8)CCCCCCCCCCC7)cc6)cc5C4=O)cc3)c(C(C)(C)C)c2)cc1,-8167044.698,-8.065278906,-0.368184593,7.099876231,-6.422276731,-2.937018264,-0.732480579,118.3436263,153.8638262,104.0999172,97.06713538,14.23092821,1.386939115,-18.36565776
*c1ccc(Oc2ccc(C3(c4ccc(Oc5ccc(N6C(=O)c7ccc(Oc8ccc(C9(c%10ccc(Oc%11ccc%12c(c%11)C(=O)N(*)C%12=O)cc%10)CCCCCCCCCCC9)cc8)cc7C6=O)cc5)cc4)CCC(C(C)(C)C)CC3)cc2)cc1,-9390504.64,-8.105368978,-0.171993849,5.64650529,-5.447280058,1.148042447,-0.944542484,139.576615,174.8320088,142.237947,101.6598892,6.952021546,1.074738786,-11.26230438
*c1ccc(Oc2ccc(C3(c4ccc(Oc5ccc(N6C(=O)c7ccc(Oc8ccc(C9(c%10ccc(Oc%11ccc%12c(c%11)C(=O)N(*)C%12=O)cc%10)CCCCCCCCCCC9)cc8)cc7C6=O)cc5)cc4)C4CC5CC(C4)CC3C5)cc2)cc1,-9384217.713,-8.072728933,-0.217782784,2.999141704,-1.82927035,1.069144147,-2.122628498,136.4778874,163.8317236,146.7884468,98.81349187,2.440414121,-5.629899046,5.568583598
*c1ccc2c(c1)C(=O)N(c1ccc(Oc3ccc4ccc(Oc5ccc(N6C(=O)c7ccc(C(*)(C(F)(F)F)C(F)(F)F)cc7C6=O)cc5)cc4c3)cc1)C2=O,-7186271.877,-8.308725228,-0.640533476,3.521966365,-2.521292294,0.259612887,-2.445390234,82.87003065,130.8415128,54.76246552,63.00611358,2.279873778,11.02823045,0.77191063
*c1ccc(Oc2ccc3ccc(Oc4ccc(-n5c(=O)c6cc7c(=O)n(*)c(=O)c7cc6c5=O)cc4)cc3c2)cc1,-4705341.917,-8.288492287,-1.310498682,1.12713755,-0.885192812,-0.683295796,-0.14134921,63.59289145,86.42714569,44.20011765,60.151411,5.009384679,7.257049859,3.7305625
*c1cccc(P(=O)(c2cccc(-n3c(=O)c4c(-c5cc(C(F)(F)F)cc(C(F)(F)F)c5)c5c(=O)n(*)c(=O)c5c(-c5cc(C(F)(F)F)cc(C(F)(F)F)c5)c4c3=O)c2)c2cc(C(F)(F)F)cc(C(F)(F)F)c2)c1,-11528252.03,-9.781949702,-1.867819793,4.53932472,1.824721363,-1.08566157,4.01213158,88.51481161,101.9750695,95.38264349,68.18672183,4.892243259,3.429994639,-2.484676087
*c1cccc(P(=O)(c2ccc(C(F)(F)F)cc2)c2cccc(-n3c(=O)c4c(-c5cc(C(F)(F)F)cc(C(F)(F)F)c5)c5c(=O)n(*)c(=O)c5c(-c5cc(C(F)(F)F)cc(C(F)(F)F)c5)c4c3=O)c2)c1,-10642901.94,-9.693788048,-1.933304114,4.219122798,-3.348803938,0.411540502,-2.5332082,86.97226936,94.98657921,90.67553119,75.25469767,7.020043114,-2.235235276,16.30039656
*c1cccc(P(=O)(c2ccccc2)c2cccc(-n3c(=O)c4c(-c5cc(C(F)(F)F)cc(C(F)(F)F)c5)c5c(=O)n(*)c(=O)c5c(-c5cc(C(F)(F)F)cc(C(F)(F)F)c5)c4c3=O)c2)c1,-9757554.137,-9.485747491,-1.922831935,4.533476845,-3.842428185,2.402477399,0.127515872,85.29507274,93.30103975,97.84524322,64.73893526,6.346971158,-3.060487563,-0.179321843
*c1cccc(P(=O)(c2cccc(-n3c(=O)c4c(-c5ccc(C(F)(F)F)cc5)c5c(=O)n(*)c(=O)c5c(-c5ccc(C(F)(F)F)cc5)c4c3=O)c2)c2cc(C(F)(F)F)cc(C(F)(F)F)c2)c1,-9757565.084,-9.568414107,-1.653031529,3.824739535,-1.851352806,1.93972766,-2.727376377,84.44636209,91.90081834,94.4601959,66.97807205,-6.480682606,4.988902354,-4.220539904
*c1cccc(P(=O)(c2ccc(C(F)(F)F)cc2)c2cccc(-n3c(=O)c4c(-c5ccc(C(F)(F)F)cc5)c5c(=O)n(*)c(=O)c5c(-c5ccc(C(F)(F)F)cc5)c4c3=O)c2)c1,-8872215.088,-9.546456278,-1.671142858,4.845102313,-4.256694664,-2.243165102,0.569014307,83.57861831,77.76446548,86.75572127,86.21566817,-19.32257178,2.900405856,2.761425826
*c1cccc(P(=O)(c2ccccc2)c2cccc(-n3c(=O)c4c(-c5ccc(C(F)(F)F)cc5)c5c(=O)n(*)c(=O)c5c(-c5ccc(C(F)(F)F)cc5)c4c3=O)c2)c1,-7986864.164,-9.367022183,-1.638021587,4.815106201,-1.686364178,1.576949962,-4.225476589,81.90652391,97.43717137,91.73094821,56.55145214,6.211597389,0.168067244,-2.16494579
*c1cccc(P(=O)(c2cccc(-n3c(=O)c4c(-c5ccccc5)c5c(=O)n(*)c(=O)c5c(-c5ccccc5)c4c3=O)c2)c2cc(C(F)(F)F)cc(C(F)(F)F)c2)c1,-7986864.661,-9.091036686,-1.377337544,4.276633244,-2.4885628,-3.301375139,1.094335087,80.42065761,92.71777557,81.4273629,67.11683434,0.856317738,3.396491598,10.93452318
*c1cccc(P(=O)(c2ccc(C(F)(F)F)cc2)c2cccc(-n3c(=O)c4c(-c5ccccc5)c5c(=O)n(*)c(=O)c5c(-c5ccccc5)c4c3=O)c2)c1,-7101519.293,-9.020038063,-1.363142241,4.79543706,-1.201661583,-0.885725083,-4.557161081,79.69724205,95.60201153,87.50664101,55.9830736,4.075664984,-0.534255834,1.808257247
*c1cccc(P(=O)(c2ccccc2)c2cccc(-n3c(=O)c4c(-c5ccccc5)c5c(=O)n(*)c(=O)c5c(-c5ccccc5)c4c3=O)c2)c1,-6216164.221,-9.024542528,-1.326623076,4.646007888,-2.405463473,0.227081777,3.968320633,77.52548777,92.08764372,74.36324002,66.12557957,-0.393830375,6.113182316,-12.67655789
*c1ccc(Oc2ccc(N3C(=O)c4cccc(Oc5cccc6c5C(=O)N(*)C6=O)c4C3=O)cc2)cc1,-4301719.527,-8.382259141,-0.450206945,3.285489932,-1.616228156,0.127587438,-2.857616504,52.89591848,59.86675913,54.27873998,44.54225633,9.229698967,-0.812251146,-6.801359848
*c1ccc(Oc2ccc(N3C(=O)c4ccc(Oc5cccc6c5C(=O)N(*)C6=O)cc4C3=O)cc2)cc1,-4301721.728,-8.306545938,-0.678527985,4.273401351,4.228922903,-0.42835235,-0.441230609,55.25400907,81.93424561,43.04158318,40.7861984,0.00151183,-4.213996018,2.236833743
*c1ccc(Oc2ccc(Oc3ccc(N4C(=O)c5cccc(Oc6cccc7c6C(=O)N(*)C7=O)c5C4=O)cc3)cc2)cc1,-5106263.984,-8.312780912,-0.458795339,3.401973768,-0.334022058,-2.014043103,2.721302108,64.85054115,76.55046969,61.15890808,56.84224569,4.729288231,0.904416148,5.504773266
*c1ccc(Oc2ccc(Oc3ccc(N4C(=O)c5ccc(Oc6cccc7c6C(=O)N(*)C7=O)cc5C4=O)cc3)cc2)cc1,-5106265.549,-8.208568211,-0.673085894,4.298301449,-4.287359732,-0.29697643,-0.075808163,66.97765324,93.25216747,58.43425847,49.24653378,4.800177375,-1.896498527,2.521266621
*c1ccc(Oc2ccc(N3C(=O)C4CCC5C(=O)N(*)C(=O)C5C4C3=O)cc2)cc1,-3506722.794,-8.55015268,1.199814859,1.368793611,0.871121631,0.779227704,0.712423497,41.11629173,54.55658757,34.97866311,33.81362451,3.571282566,-2.530763072,1.326301663
*c1ccc(Cc2ccc(N3C(=O)C4CCC5C(=O)N(*)C(=O)C5C4C3=O)c(C)c2)cc1C,-3619001.752,-8.936771891,1.3243461,0.997867305,0.936645937,0.194934471,-0.283609061,45.13843997,55.55351325,40.99447921,38.86732746,0.551598818,-0.599837093,-0.944571903
*c1ccc(Oc2ccc(Oc3ccc(N4C(=O)C5CCC6C(=O)N(*)C(=O)C6C5C4=O)cc3)cc2)cc1,-4311266.959,-8.600359533,1.143358427,1.691121054,0.79337627,1.265453503,0.793140557,52.43902235,68.64303716,48.35909688,40.31493302,3.580410972,1.781312454,3.977368655
*c1ccc(Oc2ccc(C(C)(C)c3ccc(Oc4ccc(N5C(=O)C6CCC7C(=O)N(*)C(=O)C7C6C5=O)cc4)cc3)cc2)cc1,-5228073.982,-8.336170515,1.2129196,0.604338528,0.219798257,-0.387879823,0.407998806,68.64189455,85.55811035,58.97695295,61.39062035,-3.400803085,-1.619782171,-5.759742156
*C(=O)c1ccc2c(c1)C(=O)N(c1c(C)cc(Cc3cc(C)c(N4C(=O)c5ccc(*)cc5C4=O)c(C)c3)cc1C)C2=O,-4720695.881,-8.750458237,-0.888678755,2.937866907,-2.740172047,1.008329758,0.325254079,64.56530469,85.04458092,54.66869789,53.98263527,-0.011860187,1.796952782,0.31615228
*C(=O)c1ccc2c(c1)C(=O)N(c1c(CC)cc(Cc3cc(CC)c(N4C(=O)c5ccc(*)cc5C4=O)c(CC)c3)cc1CC)C2=O,-5133788.128,-8.811902654,-0.897912561,3.149300484,-2.827944909,0.944308478,-1.014446955,71.1782425,90.06573275,65.28947074,58.17952401,4.490084115,6.093115381,-3.574728478
*C(=O)c1ccc2c(c1)C(=O)N(c1c(C(C)C)cc(Cc3cc(C(C)C)c(N4C(=O)c5ccc(*)cc5C4=O)c(C(C)C)c3)cc1C(C)C)C2=O,-5546894.975,-8.771499756,-0.890572584,3.038882922,2.530556029,0.156798028,1.67526415,78.20590022,95.7218249,67.98263373,70.91324204,-3.935072003,4.974490687,-0.049777154
*c1ccc(Oc2ccc(Oc3ccc(N4C(=O)c5ccc(Oc6ccccc6Oc6ccc7c(c6)C(=O)N(*)C7=O)cc5C4=O)cc3C(F)(F)F)cc2)c(C(F)(F)F)c1,-7681536.783,-8.491799377,-0.630560174,10.66828498,-7.43033164,5.293371906,-5.53016184,79.23873707,111.7422681,67.05291245,58.92103062,1.554694249,10.90829856,-5.829932367
*c1ccc(Oc2ccccc2Oc2ccc(N3C(=O)c4ccc(Oc5ccccc5Oc5ccc6c(c5)C(=O)N(*)C6=O)cc4C3=O)cc2C(F)(F)F)c(C(F)(F)F)c1,-7681563.35,-8.626519939,-0.368716509,3.747010813,2.235426962,-2.425497061,-1.777616476,78.48432301,107.6677062,63.51766458,64.26759823,-9.395665755,-6.769789155,3.471636883
*c1ccc(Oc2c(C)cc(-c3cc(C)c(Oc4ccc(N5C(=O)c6ccc(Oc7ccccc7Oc7ccc8c(c7)C(=O)N(*)C8=O)cc6C5=O)cc4C(F)(F)F)c(C)c3)cc2C)c(C(F)(F)F)c1,-8701695.662,-8.361130479,-0.555424976,5.260963164,1.466444574,-4.997360647,-0.74408352,98.50289033,124.4521882,95.46044373,75.59603907,-8.590607201,-13.23063164,-5.603188624
*c1ccc(Oc2ccc(C(c3ccc(Oc4ccc(N5C(=O)c6ccc(Oc7ccccc7Oc7ccc8c(c7)C(=O)N(*)C8=O)cc6C5=O)cc4C(F)(F)F)cc3)(C(F)(F)F)C(F)(F)F)cc2)c(C(F)(F)F)c1,-10162464.72,-8.769081781,-0.694619737,10.44462895,-10.25283937,1.678420169,1.073529022,96.20477157,131.7769566,84.65138635,72.18597171,8.679439692,-9.941691854,5.36925795
*c1ccc(Oc2ccc(C3(c4ccc(Oc5ccc(N6C(=O)c7ccc(Oc8ccccc8Oc8ccc9c(c8)C(=O)N(*)C9=O)cc7C6=O)cc5C(F)(F)F)cc4)c4ccccc4-c4ccccc43)cc2)c(C(F)(F)F)c1,-9602625.58,-8.297014863,-0.529219859,7.568325077,0.228038103,-7.401689792,1.562859982,111.7494558,130.0654916,103.9262285,101.2566474,-19.43030728,-7.160253145,6.321944591
*c1ccc(N2C(=O)c3ccc(Oc4ccc(C(C)(C)c5cccc(Oc6ccc7c(c6)C(=O)N(*)C7=O)c5)cc4)cc3C2=O)cc1,-5218559.658,-8.831524521,-0.404184631,3.866854655,-0.565772581,-0.600433881,-3.777822847,68.45449269,65.81662769,70.33804417,69.2088062,-0.885456062,0.92912471,-12.43801752
*CCCCCCCCCCN1C(=O)C2C3C=CC(C4C(=O)N(*)C(=O)C34)C2C1=O,-3327898.024,-9.998943307,0.868901963,2.104551282,1.578993984,1.245381536,-0.620434465,39.422033,42.6916331,36.75879191,38.81567399,-0.953829569,0.897246136,3.119843458
*C1CCC(CC2CCC(N3C(=O)C4C5C=CC(C6C(=O)N(*)C(=O)C56)C4C3=O)CC2)CC1,-3631442.488,-9.92652045,0.916399067,1.857692574,-0.495106465,-0.294595777,-1.766098699,43.61950696,48.62973571,43.11560955,39.11317561,-0.423986153,0.321628544,-1.872537566
*C1CCC(CC2CCC(N3C(=O)C4C5C=CC(C6C(=O)N(*)C(=O)C56)C4C3=O)C(C)C2)CC1C,-3838221.187,-9.983173742,1.155234453,1.859882764,-0.101344071,-0.547297623,1.774643228,46.8348165,55.91725328,44.00362977,40.58356646,-0.409848397,0.64326697,0.811725625
*c1cc(C(c2ccc(O)c(N3C(=O)c4ccc(Oc5ccc6c(c5)C(=O)N(*)C6=O)cc4C3=O)c2)(C(F)(F)F)C(F)(F)F)ccc1O,-6373323.75,-8.73265685,-0.891926785,6.266756211,3.201723069,-5.358085359,-0.558680663,60.59109842,76.18717396,56.20071921,49.38540208,4.565366272,2.302116657,-6.245878273
*c1ccc(C(C)(C)c2ccc(C(C)(C)c3ccc(N4C(=O)c5ccc(Oc6ccc7c(c6)C(=O)N(*)C7=O)cc5C4=O)cc3)cc2)cc1,-5330787.834,-8.526548537,-0.589398233,1.165256526,-0.445711957,0.138943757,1.067641445,76.06463471,99.80099466,54.51410671,73.87880276,1.75981659,-9.778366723,-1.565639999
*c1ccc(Sc2ccc(Sc3ccc(Sc4ccc(-n5c(=O)c6cc7c(=O)n(*)c(=O)c7cc6c5=O)cc4)cc3)cc2)cc1,-7650342.472,-8.204328717,-1.304123936,3.329853876,3.256579173,0.075778816,-0.690562451,76.16901991,104.1666846,68.07506323,56.26531194,0.150672322,3.365055407,-1.418825666
*c1ccc(Sc2ccc3c(c2)Sc2ccc(Sc4ccc(-n5c(=O)c6cc7c(=O)n(*)c(=O)c7cc6c5=O)cc4)cc2S3)cc1,-8692801.698,-8.042007336,-1.410262867,1.331573774,0.925793181,-0.181382329,-0.939731957,78.61885411,107.8228205,58.420019,69.61372281,1.563379125,-4.061201809,-5.394008389
*C(=O)Oc1ccc(OC(=O)c2ccc3c(c2)C(=O)N(C2CCC(N4C(=O)c5ccc(*)cc5C4=O)CC2)C3=O)cc1,-4906779.143,-9.333876142,-0.720960877,2.329878664,-1.654449689,-1.483802967,-0.699613872,58.3668997,82.8869245,50.10420805,42.10956653,0.506209934,4.575124712,-8.853167445
*C(=O)Oc1ccc(OC(=O)c2ccc3c(c2)C(=O)N(c2ccc(-c4ccc(N5C(=O)c6ccc(*)cc6C5=O)cc4C(F)(F)F)c(C(F)(F)F)c2)C3=O)cc1,-7274893.479,-9.170846501,-0.930480091,4.095660588,1.032945059,1.216167534,3.772054704,75.91078518,114.8646585,55.1079362,57.75976086,-0.608139753,4.527341621,-1.15943235
*c1ccc(C(=O)Oc2ccc(-n3c(=O)c4cc5c(=O)n(*)c(=O)c5cc4c3=O)cc2)cc1,-3794945.603,-9.09996064,-1.352066368,2.220544753,1.532087146,-1.600942562,0.143216233,46.17725057,69.95479016,29.72321824,38.8537433,-3.516869358,5.837962511,-0.23291657
*c1ccc(C(=O)Oc2ccc(N3C(=O)c4ccc(-c5ccc6c(c5)C(=O)N(*)C6=O)cc4C3=O)cc2)cc1,-4401942.783,-8.926833683,-0.879938706,2.587392768,1.076989535,-1.864117644,-1.435186499,58.48473234,91.7582074,39.03936111,44.6566285,-4.587834874,-1.1156215,-2.250456832
*C(=O)Oc1ccc(OC(=O)c2ccc3c(c2)C(=O)N(c2ccc(C(=O)Oc4ccc(N5C(=O)c6ccc(*)cc6C5=O)cc4)cc2)C3=O)cc1,-5999543.555,-8.83550792,-0.932881706,2.539459085,0.857304182,0.156307243,-2.385256806,75.25150587,117.9144088,59.98133823,47.85877063,3.447044663,6.690806923,-0.130782364
*c1ccc(C(=O)Nc2ccc(-n3c(=O)c4cc5c(=O)n(*)c(=O)c5cc4c3=O)cc2)cc1,-3742783.181,-8.543024593,-1.302095295,3.833374111,-2.506714986,-2.899106032,0.079506424,47.91196243,75.30857149,38.06324745,30.36406833,-2.37826401,-1.149992275,4.942642284
*C(=O)Oc1ccc(OC(=O)c2ccc3c(c2)C(=O)N(c2ccc(C(=O)Nc4ccc(N5C(=O)c6ccc(*)cc6C5=O)cc4)cc2)C3=O)cc1,-5947380.187,-8.322226296,-0.94904133,1.71352289,-0.579492121,0.905447234,1.334359353,77.0688871,120.870573,57.30141023,53.03467809,-1.298046153,8.331148866,-0.414334045
*c1cc(C(c2ccc(O)c(N3C(=O)c4ccc(-c5ccc6c(c5)C(=O)N(*)C6=O)cc4C3=O)c2)(C(F)(F)F)C(F)(F)F)ccc1O,-6175766.89,-8.747208296,-1.161114989,4.658543525,3.247243759,3.327610741,-0.290589926,61.09589799,81.29176819,58.85724441,43.13868135,6.4018434,-0.532441864,-2.395620586
*c1ccc2c(c1)C(=O)N(c1ccc(-c3ccc(Oc4ccc5c(c4)C(C)(c4ccc(Oc6ccc(-c7ccc(N8C(=O)c9ccc(C(*)(C(F)(F)F)C(F)(F)F)cc9C8=O)cc7)cc6C(F)(F)F)cc4)CC5(C)C)c(C(F)(F)F)c3)cc1)C2=O,-10990717.26,-8.38939597,-0.786052589,3.742977871,-1.051066749,0.537662679,3.551909469,125.0584532,171.8242229,114.8741051,88.47703159,-11.17081713,-3.999881004,13.29558939
*c1ccc(-c2ccc(Oc3ccc(C4(C)CC(C)(C)c5ccc(Oc6ccc(-c7ccc(N8C(=O)c9ccc(Oc%10ccc%11c(c%10)C(=O)N(*)C%11=O)cc9C8=O)cc7)cc6C(F)(F)F)cc54)cc3)c(C(F)(F)F)c2)cc1,-9314440.671,-8.343241936,-0.59747946,1.45869296,0.72524712,0.249001423,1.240886803,114.5983491,140.2551572,87.22043144,116.3194585,-13.33505508,-6.612893704,2.284359456
*c1cccc(N2C(=O)c3ccc(-c4cccc5c4C(=O)N(*)C5=O)cc3C2=O)c1,-3299618.487,-8.960623466,-0.665849017,2.632394837,-1.735615565,-0.979238816,1.719951317,43.09052179,64.06716527,28.85736816,36.34703194,-5.541727382,-0.118701602,2.781553328
*c1ccc(-c2ccc(N3C(=O)c4ccc(-c5cccc6c5C(=O)N(*)C6=O)cc4C3=O)c(C)c2)cc1C,-4113175.173,-8.463320193,-0.639426823,2.421321994,-1.295135674,-1.490298091,1.40158317,58.95796634,89.6182844,42.78180795,44.47380667,-3.907890018,-0.2718602,-5.005555216
*c1ccc(-c2ccc(N3C(=O)c4ccc(-c5cccc6c5C(=O)N(*)C6=O)cc4C3=O)cc2C)c(C)c1,-4113170.599,-8.766705826,-0.652454727,2.363579121,1.25538529,-1.762807716,0.950275218,58.13490335,87.82888565,47.361046,39.2147784,-2.566909938,1.057472273,4.123344893
*c1ccc(-c2ccc(N3C(=O)c4ccc(-c5cccc6c5C(=O)N(*)C6=O)cc4C3=O)cc2C(F)(F)F)c(C(F)(F)F)c1,-5677290.704,-9.192128408,-0.772028033,4.569693182,2.495869739,-0.926905479,3.713970416,58.38781233,88.19943853,39.34890014,47.61509834,-0.965285044,2.171242392,-3.590292077
*c1ccc(Oc2cccc(N3C(=O)c4ccc(-c5cccc6c5C(=O)N(*)C6=O)cc4C3=O)c2)cc1,-4104166.999,-8.400377945,-0.694300802,3.781095579,-2.344537377,-2.088386406,-2.106767781,54.08413382,66.26798963,56.80431322,39.18009859,9.126636375,-1.241505351,-1.45802849
*c1ccc(Oc2ccc(Oc3ccc(N4C(=O)c5ccc(-c6cccc7c6C(=O)N(*)C7=O)cc5C4=O)cc3)cc2)cc1,-4908708.59,-8.27420169,-0.663599763,3.64309065,0.841562439,3.128827994,-1.665628268,67.09185277,97.56412313,56.92166074,46.78977445,2.748259305,-1.058539058,0.347219848
*c1ccc(Oc2cccc(Oc3ccc(N4C(=O)c5ccc(-c6cccc7c6C(=O)N(*)C7=O)cc5C4=O)cc3)c2)cc1,-4908711.831,-8.309360321,-0.683772711,3.047943556,-2.126469007,1.770405102,-1.278184361,66.97332649,95.99008702,48.43593077,56.49396168,5.181042578,1.581843718,-2.508408152
*c1cccc(Oc2cccc(Oc3cccc(N4C(=O)c5ccc(-c6cccc7c6C(=O)N(*)C7=O)cc5C4=O)c3)c2)c1,-4908714.444,-8.370716369,-0.698659456,3.314904548,-2.921929083,-0.107982461,-1.561813811,65.27326774,85.79548868,57.17758264,52.8467319,14.1494935,4.606852958,-2.630972582
*c1ccc(-c2ccc(N3C(=O)c4cc5c(cc4C3=O)C(C(F)(F)F)(C(F)(F)F)c3cc4c(cc3O5)C(=O)N(*)C4=O)cc2C(F)(F)F)c(C(F)(F)F)c1,-7745665.087,-9.373788048,-1.031662383,1.687604296,0.152045919,0.857544341,-1.445513058,65.11319725,99.68873904,48.7653169,46.88553581,-0.030865941,5.336741581,-8.014449001
*c1ccc(-c2ccc(N3C(=O)c4cc5c(cc4C3=O)C(C(F)(F)F)(C(F)(F)F)c3cc4c(cc3O5)C(=O)N(*)C4=O)cc2OC(F)(F)F)c(OC(F)(F)F)c1,-8140857.076,-9.031560305,-1.029093605,2.16507493,0.11210496,-2.082823644,-0.580368504,66.91375553,102.5645135,43.3373749,54.83937819,3.936396566,-1.399752214,-10.5161258
*C(=O)Nc1ccc(C2(c3ccc(NC(=O)c4ccc5c(c4)C(=O)N(c4ccc(Sc6ccc(Oc7ccc(Sc8ccc(N9C(=O)c%10ccc(*)cc%10C9=O)cc8)cc7)cc6)cc4)C5=O)cc3)c3ccccc3-c3ccccc32)cc1,-10823688.3,-8.142066105,-0.65076553,7.69003764,-3.071815309,6.236782621,-3.286817937,137.9095692,164.1745402,138.9424312,110.6117361,1.867312808,-6.15092101,4.907774212
*c1ccc(Sc2ccc(Oc3ccc(Sc4ccc(N5C(=O)c6ccc(Oc7ccc(C(C)(C)c8ccc(Oc9ccc%10c(c9)C(=O)N(*)C%10=O)cc8)cc7)cc6C5=O)cc4)cc3)cc2)cc1,-9328231.569,-8.023539556,-0.224431433,5.000759064,-4.100735756,2.380216549,1.589379328,111.9516028,142.3723058,98.84110014,94.64140256,-1.466199747,-6.63592089,1.844111361
*c1ccc2c(c1)C(=O)N(c1ccc(Sc3ccc(Oc4ccc(Sc5ccc(N6C(=O)c7ccc(C(*)(C(F)(F)F)C(F)(F)F)cc7C6=O)cc5)cc4)cc3)cc1)C2=O,-9283247.44,-8.083140879,-0.621963026,2.565809775,0.76456683,2.368639468,-0.623188926,91.07728903,130.6339537,76.99754764,65.60036572,4.721927043,-0.321477269,-10.91675586
*OC(C)COC(*)=O,-1005857.768,-10.46099947,2.339995485,1.488849987,-0.413304597,0.155116512,1.421897487,9.070010181,10.80652632,8.610895245,7.792608979,0.208382679,0.161730256,0.68559568
*Oc1ccc2c(c1)C1(CC2(C)C)CC(C)(C)c2ccc(OC(*)=O)cc21,-2833194.623,-8.26255174,1.548777332,2.495162311,1.697036977,-1.602585129,0.881828419,38.36334483,41.09684095,38.75456109,35.23863244,-3.063623911,0.424715517,-0.074411004
*Oc1ccc(C(C)(C)c2ccc(OC(*)=O)c(CC)c2)cc1CC,-2632934.026,-8.218313638,1.554478563,0.983124243,0.757162398,-0.21141864,0.59037322,35.71792264,38.13698826,37.55949979,31.45727987,-0.058111463,4.440049218,0.643983042
*Oc1ccc(C(C)(CCC#N)c2ccc(OC(*)=O)cc2)cc1,-2565418.505,-8.605845253,1.249169411,4.342330995,-1.432983483,-2.862480173,2.934042273,33.00590293,38.22588648,31.38573948,29.40608284,4.004475486,3.162063724,-2.273401683
*Oc1ccc(C(C)(CCC#N)c2ccc(OC(*)=O)c(C)c2)cc1C,-2771992.578,-8.528305029,1.389235327,4.159143101,-2.087851844,-2.520044679,-2.566850371,36.42346736,38.97737582,36.91047599,33.38255027,1.929889298,-3.146403701,1.824226605
*Oc1ccc(C(CCC)(CCC)c2ccc(OC(*)=O)c(C)c2)cc1C,-2839475.562,-8.183681189,1.688906082,1.046974068,-0.239623211,-0.424899497,0.926388597,39.62872806,39.17924244,41.12001962,38.58692214,-0.045517535,-4.246294937,0.748353845
*Oc1ccc(C(CCCC)(CCCC)c2ccc(OC(*)=O)cc2)cc1,-2839448.724,-8.306732627,1.602995313,0.39113071,-0.126106383,0.369851457,0.017038545,39.78938146,41.61457258,36.14684603,41.60672578,-0.234821884,2.931499781,2.919677302
*CCCCCCCCCSC(=O)S*,-3321518.836,-9.520934857,1.54081233,0.99401089,-0.860386564,-0.48199097,0.124407861,25.01634874,31.77668155,23.84020377,19.4321609,1.632123267,-0.214769337,-0.05617083
*CCCCCCCCCCCCSC(=O)S*,-3631335.549,-9.525885483,1.542248723,1.051068482,-0.747262966,-0.656709812,0.33922741,30.52702022,35.67893582,30.08859812,25.81352671,1.194160214,-1.524251947,-2.642282345
*Sc1ccc(Cc2ccc(SC(*)=O)cc2)cc1,-3709248.812,-8.352218668,1.085061916,1.054809205,0.235170592,-0.427583904,-0.935141303,31.43816313,42.14072586,26.09308363,26.08067989,2.61641065,-0.274742628,-0.109940691
*Oc1ccc(C(C)(C)c2ccc(OC(=O)SCCCSC(*)=O)cc2)cc1,-4918564.578,-8.303124334,1.189212548,2.94182495,0.598945324,2.181854328,1.88018888,42.31434365,50.47328929,38.81105798,37.65868367,-2.951971393,-2.016915356,2.628691851
*Oc1ccc(C(C)(C)c2ccc(OC(=O)SCCCCCCSC(*)=O)cc2)cc1,-5228396.351,-8.410681218,1.387789032,0.858282763,0.503392729,0.691357549,-0.072593389,47.664976,55.21653232,44.90129334,42.87710234,-4.87033634,3.656181802,-4.977651807
*Oc1ccc(C(C)(C)c2ccc(OC(=O)Sc3ccc(C(C)(C)c4ccc(SC(*)=O)cc4)cc3)cc2)cc1,-6132530.322,-8.364410505,0.784657228,5.370048575,-3.2177107,-0.12285362,-4.297518649,61.54460908,65.87451925,61.59669444,57.16261353,2.713657828,2.243499077,-5.232045009
*C1NC(CC1)*,-558422.5828,-8.587666057,2.622769062,1.367878053,0.478162065,-0.336811298,-1.23653126,8.093058731,8.377085077,8.581145008,7.320946108,0.094123767,-0.074923407,0.014782678
*Nc1ccc(cc1)*,-755521.3456,-8.004007055,2.069106775,1.609512327,1.227110126,0.016654634,1.041370871,11.65704264,14.9326677,12.69205962,7.346400594,-0.101204489,-0.389913059,-0.295224569
*c1ccc(Cc2ccc(N(*)Cc3ccccc3)cc2)cc1,-2176004.672,-7.679573465,1.644978204,1.483189279,1.34978603,-0.158400334,0.594001218,35.49419016,44.34646278,31.52222803,30.61387967,1.955106281,-3.910979039,2.307817528
*Cc1cc(C(C)(C)c2ccc3c(c2)CN(C)CO3)cc(CN(*)C)c1O,-2829370.836,-7.80651607,1.768080669,2.501069589,0.663704919,2.30281234,-0.71547201,40.09403936,44.74390777,40.78118187,34.75702845,0.726907019,-2.762794379,-0.526218826
*c1ccc(C(c2ccc(-c3nc4cc(-c5ccc6nc(*)[nH]c6c5)ccc4[nH]3)cc2)(C(F)(F)F)C(F)(F)F)cc1,-5080616.725,-7.934564297,0.253572582,1.61347422,-1.594710761,0.041642631,0.241790279,59.44020191,87.85961995,50.8432231,39.61776269,3.734636092,-1.027833199,0.308168045
*c1ccc(C(c2ccc(-c3nc4ccc(-c5ccc6nc(*)[nH]c6c5)cc4[nH]3)cc2)(C(F)(F)F)C(F)(F)F)cc1,-5080616.913,-7.884157295,0.224698054,3.065224191,0.632657933,-2.875229925,0.853461282,59.91646724,93.97822412,49.98504997,35.78612762,2.736321854,1.172307244,-3.411655713
*c1cccc(S(=O)(=O)NCCCCCCNS(*)(=O)=O)c1,-4401789.29,-9.913705136,0.72442445,4.36853939,-2.381231902,0.310027414,-3.64934981,30.87041197,34.91179826,29.45417551,28.24526214,0.585404137,1.798073188,1.999493371
*c1ccc(S(*)(=O)=O)cc1,-2050694.115,-10.23510931,0.49246438,5.21721729,-4.925100329,0.025934652,-1.721066644,13.88577861,17.51317534,14.83704947,9.307111009,0.082895072,-1.472804423,0.209970166
*Cc1cc(*)c(O)cc1C,-1014261.199,-8.218770882,2.047432384,1.132118268,0.223995164,-1.098860043,-0.154998534,14.54011014,18.39179138,15.84792003,9.380619025,0.728648388,0.076283737,0.925944803
