SMILES,density,Rg,r2,self-diffusion,Cp,Cv,compressibility,bulk_modulus,isentropic_compressibility,isentropic_bulk_modulus,volume_expansion,linear_expansion,static_dielectric_const,dielectric_const_dc,nematic_order_parameter,refractive_index,thermal_conductivity,thermal_diffusivity,TC_ke,TC_pe,TC_pair,TC_bond,TC_angle,TC_dihed,TC_improper,TC_kspace
*CC*,0.837971504,22.52882969,27.08426894,3.62E-12,4699.002675,4450.135691,3.74E-10,2689138059,3.54E-10,2839027343,0.00050748,0.00016916,1.003523409,2.290632128,0.035930667,1.512318548,0.456184962,1.13E-07,0.029017716,0.014002163,0.092198841,0.09861919,0.210823072,0.011510144,0,1.38E-05
*C(C*)C,0.83573244,18.30421655,18.55088582,5.47E-13,4332.492867,4168.730406,3.38E-10,2969571310,3.25E-10,3084146749,0.000387744,0.000129248,1.030295646,2.253164834,0.020613154,1.490928527,0.25877338,7.15E-08,0.014429073,0.001012995,0.076147859,0.061317137,0.102625681,0.002962036,0,0.000278598
*C(C*)CC,0.833803273,17.61029646,14.65165958,6.54E-13,4458.603276,4296.220602,4.04E-10,2500329090,3.89E-10,2594224033,0.000423072,0.000141024,1.007810074,2.184385706,0.026465546,1.475320848,0.264363289,7.11E-08,0.016967296,0.009875085,0.087928042,0.058445802,0.089040241,0.002048253,0,5.86E-05
*C(C*)CCC,0.82434244,15.69579508,12.94704948,5.38E-13,4446.7416,4305.51867,4.07E-10,2469748496,3.94E-10,2550299667,0.000396029,0.00013201,1.010688966,2.16365831,0.029700654,1.467299555,0.261130695,7.13E-08,0.017961902,0.007923648,0.079130432,0.057493941,0.092628787,0.005911058,0,8.09E-05
*C(C*)C(C)C,0.809481605,16.58024304,16.70648358,5.22E-13,4376.928225,4299.996027,4.50E-10,2309333121,4.43E-10,2354943086,0.000249562,8.32E-05,1.019560704,2.138866692,0.023789408,1.45578207,0.234342233,6.62E-08,0.013339601,0.004069765,0.082153862,0.052065727,0.0798613,0.00279525,0,5.67E-05
*C(C*)CCCC,0.825542476,15.5576579,13.92108251,5.49E-13,4465.699624,4297.699057,4.32E-10,2337311246,4.16E-10,2428120825,0.000444869,0.00014829,1.016840715,2.162925442,0.036393574,1.46495125,0.275330549,7.47E-08,0.017856745,0.00629186,0.083300791,0.065509711,0.096538407,0.005900803,0,-6.78E-05
*C(C*)CC(C)C,0.822248085,15.29672057,14.1501278,5.80E-13,4425.884896,4293.382261,4.22E-10,2395293933,4.09E-10,2467899529,0.000388881,0.000129627,1.020942443,2.156403506,0.029227026,1.461320799,0.240918065,6.62E-08,0.018853564,-0.003688727,0.078520867,0.057236447,0.087379515,0.002329927,0,0.000286473
*C(C*)CCCCC,0.826026958,14.49472356,10.04747755,7.71E-13,4541.070571,4324.49256,4.58E-10,2202142028,4.36E-10,2310005441,0.000521237,0.000173746,1.020745746,2.162116459,0.038740724,1.463341848,0.27463839,7.33E-08,0.01882515,0.009068293,0.082181631,0.061326751,0.098712637,0.004390088,0,0.000133841
*C(C*)CCC(CC)C,0.835027112,14.60740742,11.83238614,1.02E-12,4441.089472,4245.749735,4.14E-10,2434337805,3.96E-10,2544206205,0.000472028,0.000157343,1.028083314,2.162659967,0.042649623,1.46101734,0.265949678,7.17E-08,0.014163442,0.005295632,0.079202467,0.069903276,0.094936223,0.002480927,0,-3.23E-05
*C(C*)CCCCCCC,0.830236127,14.31192204,10.46866709,1.21E-12,4611.340726,4357.101696,4.45E-10,2258374812,4.21E-10,2389200601,0.000559427,0.000186476,1.013095056,2.157347686,0.049885504,1.464325512,0.3025418,7.90E-08,0.017582727,0.007467131,0.081111386,0.079321966,0.110833976,0.006141254,0,8.34E-05
*C(C*)CCCCCCCC,0.830808762,14.1552684,10.36395745,1.08E-12,4625.514085,4399.524079,4.36E-10,2299148523,4.15E-10,2416301644,0.000519833,0.000173278,1.013276198,2.142367135,0.064565391,1.459140147,0.311086292,8.10E-08,0.023078597,0.009826761,0.083917074,0.071089697,0.115433138,0.007738843,0,2.18E-06
*C(C*)(C)C,0.87060676,17.01444077,14.00852144,6.48E-13,4404.36769,4318.868107,2.45E-10,4100197687,2.41E-10,4178268424,0.000241108,8.04E-05,1.034822183,2.304667945,0.038982381,1.506599481,0.239525744,6.25E-08,0.020589152,-0.017075923,0.112475666,0.042304388,0.079505928,0.001133417,0,0.000593117
*C(C*)(CC)C,0.844525133,16.87721653,15.61259134,1.96E-13,4279.141456,4243.401701,3.13E-10,3280112964,3.10E-10,3308985097,0.000171751,5.73E-05,1.018119756,2.205070798,0.033191008,1.478831436,0.238234779,6.59E-08,0.012025136,0.00821839,0.092942033,0.046164391,0.077602188,0.001397874,0,-0.000115232
*C(CC*)(C)C,0.831834985,17.67198533,17.23556936,3.26E-13,4323.95676,4249.248601,2.76E-10,3627698508,2.71E-10,3691054311,0.000235879,7.86E-05,1.028855979,2.191077676,0.02248097,1.470448062,0.243031165,6.76E-08,0.014337769,0.002307886,0.076062906,0.060471197,0.087773634,0.002383835,0,-0.000306064
*C(C(C*)C)(C)C,0.836805812,17.17860438,14.80535013,4.12E-13,4283.919731,4202.480836,3.49E-10,2914481841,3.42E-10,2967550847,0.000270213,9.01E-05,1.022248824,2.166749933,0.022586755,1.464407834,0.236350165,6.60E-08,0.015698656,0.006996472,0.090664092,0.04802494,0.073499204,0.001615874,0,-0.000149073
*C(CCC*)(C)C,0.829420011,18.33164508,18.64411585,5.79E-13,4450.846808,4354.368612,3.01E-10,3327693368,2.94E-10,3400868702,0.000279797,9.33E-05,1.03050149,2.179656321,0.019198561,1.46599784,0.26184049,7.10E-08,0.018752758,-0.005801019,0.07849323,0.064548709,0.101384436,0.004153208,0,0.000309168
*C(CCC*)(CC)C,0.827575347,18.11387406,18.11978937,3.54E-13,4383.910692,4280.294597,3.22E-10,3127212765,3.15E-10,3201671232,0.000301817,0.000100606,1.021003701,2.152578009,0.03509224,1.459990507,0.255337725,7.04E-08,0.011741863,0.004886449,0.077046343,0.063239475,0.096301413,0.002005151,0,0.000117032
*C(CCCCCCC*)C,0.838285169,20.46167604,23.71371486,1.56E-12,4839.385352,4427.334648,4.15E-10,2534166723,3.76E-10,2734915274,0.000671514,0.000223838,1.02774009,2.183088211,0.047379353,1.468109415,0.335492597,8.34E-08,0.019904291,0.008703336,0.077614017,0.084690276,0.137610741,0.006661517,0,0.000308419
*C(C*)C1CC1,0.894720922,16.56057365,15.85735944,6.32E-13,4111.184311,3984.693072,4.26E-10,2410150327,4.12E-10,2481085867,0.000371071,0.00012369,1.042621428,2.273769698,0.023551953,1.493700097,0.241876535,6.58E-08,0.008732976,0.01732917,0.068980104,0.059225299,0.085101722,0.001430721,0,0.001076542
*C(C*)C1CCC1,0.890516521,16.09859299,15.81224748,6.06E-13,4151.097474,4022.895883,3.65E-10,2798250965,3.54E-10,2885327647,0.000370949,0.00012365,1.013355087,2.208621508,0.027102124,1.481642147,0.225308463,6.10E-08,0.012894047,0.011799323,0.069524499,0.045481431,0.084361319,0.001279208,0,-3.14E-05
*C(C*)C1CCCC1,0.896070041,15.28079947,12.63728435,4.94E-13,4198.195815,4111.156225,3.30E-10,3043772220,3.23E-10,3107893032,0.000291416,9.71E-05,1.006402354,2.201696428,0.027039511,1.481649535,0.231107263,6.16E-08,0.006728094,0.004665576,0.069494016,0.062038257,0.087084457,0.001118629,0,-2.18E-05
*C(C*)CC1CCCC1,0.89707436,15.23433651,13.14862156,5.15E-13,4156.090264,4078.619649,3.69E-10,2825329841,3.63E-10,2884036344,0.000275293,9.18E-05,1.010399961,2.21570038,0.036023326,1.485024578,0.258406248,6.93E-08,0.015352909,0.006809242,0.075275105,0.061111722,0.096148078,0.003664207,0,4.50E-05
*C(C*)C1CCCCC1,0.852752091,15.42436826,14.40806376,4.30E-13,4199.457496,4174.333877,4.27E-10,2412054197,4.25E-10,2427625278,0.000130214,4.34E-05,1.003064534,2.117667439,0.043375273,1.454163567,0.209246003,5.85E-08,0.005264332,-0.000543252,0.054039721,0.067298432,0.079551794,0.003632646,0,2.33E-06
*C(C*)CC1CCCCC1,0.876520821,14.56179057,12.10336115,5.64E-13,4260.94911,4223.491277,3.49E-10,2896569303,3.46E-10,2924871338,0.000165731,5.52E-05,1.007604845,2.173289093,0.049382101,1.47162608,0.229332958,6.16E-08,0.010203505,0.003537484,0.065899258,0.060477173,0.085653542,0.003562899,0,-9.03E-07
*C(C*)Cc1ccccc1,1.008541193,15.68836024,14.80317646,5.42E-13,3473.43289,3400.799038,3.01E-10,3331812645,2.95E-10,3403524273,0.000266985,8.90E-05,1.033550671,2.530531309,0.041891482,1.580182329,0.192462189,5.50E-08,0.0100151,0.006602471,0.058311547,0.042969145,0.051975867,0.021970269,0.000208351,0.000409439
*C(C*)CCc1ccccc1,1.000097037,14.96591592,10.90776144,1.17E-12,3675.827892,3552.159738,3.11E-10,3247849786,3.00E-10,3358216078,0.000355548,0.000118516,1.035046789,2.510399305,0.043429221,1.573324969,0.213754837,5.82E-08,0.010324176,0.015712245,0.069688974,0.033227556,0.062249073,0.022068075,0.000267085,0.000217652
*C(C*)C(c1ccccc1)C,0.950614435,14.69572127,11.37730351,6.44E-13,3552.339229,3484.611628,4.85E-10,2087252798,4.75E-10,2125713423,0.000308493,0.000102831,1.033312833,2.399595153,0.041678446,1.53826458,0.185319288,5.48E-08,0.008340046,0.016562941,0.060909699,0.031478112,0.050063531,0.017673874,0.000196534,9.46E-05
*C1CC(CC1)C*,0.930004498,24.21058686,34.46459058,6.97E-13,4155.611242,4035.111168,2.81E-10,3629336490,2.73E-10,3732456453,0.000315175,0.000105058,1.021279887,2.283450547,0.047572782,1.504050217,0.316659421,8.21E-08,0.017591229,0.009556596,0.076028938,0.084955109,0.127925152,0.000538692,0,6.37E-05
*C(C*)CCCCCC,0.829569461,14.80442202,11.97341728,8.57E-13,4577.797022,4378.723064,4.58E-10,2197677004,4.38E-10,2297328266,0.000496952,0.000165651,1.011569888,2.156587592,0.040339825,1.464587839,0.285305157,7.51E-08,0.019033588,0.008216799,0.079617518,0.068791379,0.104066027,0.005534022,0,4.58E-05
*C(C*)CCCCCCCCCC,0.831539982,14.09923321,9.896526534,1.31E-12,4584.116743,4372.628506,4.28E-10,2347855392,4.08E-10,2460656495,0.000499341,0.000166447,1.011496696,2.140644109,0.059637295,1.45915972,0.342728736,8.99E-08,0.018621361,0.008574042,0.082637288,0.096394814,0.128337305,0.008044848,0,0.000119077
*C(C*)CCCCCCCCCCCC,0.83325233,13.51522597,7.665309929,1.33E-12,4623.665193,4384.089231,4.16E-10,2422366735,3.95E-10,2554211424,0.000525567,0.000175189,1.011035723,2.145286558,0.067473672,1.460906779,0.357973495,9.30E-08,0.020466882,0.010143699,0.085226823,0.094748492,0.139187886,0.008144552,0,5.52E-05
*C(C*)CCCCCCCCCCCCCCCC,0.833313341,13.46131349,4.76546492,1.70E-12,4676.655489,4423.306747,4.20E-10,2408168304,3.98E-10,2545264694,0.000541641,0.000180547,1.012611227,2.132970239,0.069903359,1.456145049,0.373038526,9.58E-08,0.019730297,0.009813896,0.083902543,0.097306297,0.15437313,0.007912569,0,-2.07E-07
*C(C*)C(CC)C,0.810410007,15.66076705,14.43174433,7.93E-13,4346.156853,4251.180588,4.90E-10,2064184270,4.80E-10,2110736507,0.000351929,0.00011731,1.010254049,2.104696285,0.033457196,1.447218134,0.234228593,6.66E-08,0.015807106,0.010514733,0.078437115,0.044292599,0.081548624,0.003620901,0,7.52E-06
*C(C*)C(CC)CC,0.81481654,15.78908163,13.79313297,6.68E-13,4490.45783,4367.536704,4.84E-10,2072691360,4.71E-10,2131541160,0.000399265,0.000133088,1.011963587,2.101699679,0.039988336,1.445590621,0.243101437,6.65E-08,0.014131678,0.009108879,0.078814228,0.055617538,0.08181409,0.003598542,0,1.65E-05
*C(C*)CC(CC)CC,0.829919646,14.5182176,11.73041075,8.49E-13,4423.215129,4297.932345,4.15E-10,2437618884,4.03E-10,2510426313,0.000374213,0.000124738,1.012770332,2.127370096,0.035666291,1.454165377,0.26234017,7.15E-08,0.018816232,0.007524694,0.085409006,0.055224534,0.092372853,0.002940127,0,5.27E-05
*C(C*)CC(CC)C,0.825624108,15.292816,12.54689638,6.88E-13,4458.808558,4321.72465,4.06E-10,2479480810,3.93E-10,2557428726,0.000387475,0.000129158,1.025097805,2.155603787,0.040318823,1.459623648,0.263746378,7.17E-08,0.018802624,0.005969382,0.080827659,0.061255938,0.09429693,0.002383404,0,0.000210442
*C(C*)CC(C)(C)C,0.817611089,15.7554997,15.17450247,1.33E-12,4387.566999,4309.425652,4.07E-10,2463685193,4.00E-10,2508428805,0.000287121,9.57E-05,1.023171969,2.136077521,0.03283373,1.453583308,0.234660455,6.54E-08,0.019396736,-0.015039051,0.084731495,0.056434459,0.086810744,0.002288417,0,3.77E-05
*C(C*)CC(CC)(C)C,0.836728393,15.15669433,13.95764939,7.90E-13,4343.760744,4235.275996,3.35E-10,2991183895,3.27E-10,3067148178,0.000316114,0.000105371,1.018704981,2.148184381,0.038665574,1.459271904,0.232292247,6.41E-08,0.012531684,0.003710085,0.081888554,0.056650934,0.074655781,0.002630861,0,0.000224347
*C(C*)CCCC(C)(C)C,0.818440434,14.35781565,11.81638678,1.07E-12,4419.45012,4309.801457,4.00E-10,2508826213,3.90E-10,2572138016,0.000341688,0.000113896,1.020083848,2.130340994,0.043654871,1.452668595,0.257288867,7.11E-08,0.021897869,-0.012663555,0.086279157,0.065958602,0.093155107,0.002068529,0,0.00059316
*C(C*)CCC1CCCCC1,0.887375098,14.07993929,9.754917196,6.51E-13,4203.146499,4094.177013,3.03E-10,3305700153,2.95E-10,3393375085,0.000309105,0.000103035,1.009674486,2.193542608,0.059083185,1.477791567,0.251637679,6.75E-08,0.017134225,0.012369806,0.074354444,0.058347969,0.085395778,0.004045486,0,-1.00E-05
*C(C*)CCCC1CCCCC1,0.882254928,13.32480759,8.715812979,8.27E-13,4294.639877,4201.520206,3.16E-10,3218477325,3.09E-10,3292682726,0.000285019,9.50E-05,1.008554856,2.172091294,0.059290503,1.470894587,0.265537579,7.01E-08,0.014251088,0.011680816,0.079881802,0.06206837,0.09530376,0.002343196,0,8.55E-06
*C1(CCC(CC1)C)C*,0.85730737,16.54077615,19.27174445,1.91E-13,4107.301081,4064.864764,3.35E-10,3003702215,3.32E-10,3034057495,0.000192796,6.43E-05,1.008558735,2.106689695,0.036636338,1.448491309,0.21062304,5.98E-08,0.010485592,0.008621577,0.073360945,0.040933304,0.074131795,0.002920973,0,0.000168854
*C(C*)(CCC)C,0.818195516,15.69240776,11.88406506,2.01E-13,4335.208757,4291.832897,3.91E-10,2589319935,3.88E-10,2616246012,0.000208065,6.94E-05,1.016442951,2.144239494,0.038922009,1.458690719,0.243076256,6.86E-08,0.014772214,0.000120239,0.088692308,0.051350258,0.082663645,0.005186394,0,0.000291199
*/C=C/CC*,0.883044552,22.53469118,27.20191758,9.29E-12,4364.674401,3912.850968,5.15E-10,1948824104,4.61E-10,2172100895,0.000825563,0.000275188,1.173237678,2.535927701,0.03612761,1.53710404,0.303711437,7.89E-08,0.015386487,0.018479484,0.064667376,0.080918277,0.095788932,0.028347702,0,0.000123179
*/C=C\CC*,0.891055243,20.39705577,21.94124929,8.13E-12,4233.879885,3949.068474,4.50E-10,2224065487,4.20E-10,2385455527,0.000615461,0.000205154,1.273981458,2.654721815,0.028578931,1.542964081,0.266947942,7.08E-08,0.011869532,0.017637027,0.060328159,0.061244405,0.0822926,0.033500894,0,7.53E-05
*C=CCC*,0.884263619,22.35804209,31.3326918,8.24E-12,4395.372607,3950.739807,5.30E-10,1889092598,4.76E-10,2101315114,0.000832885,0.000277628,1.170729003,2.536145831,0.050457566,1.537991044,0.314780299,8.10E-08,0.014323684,0.019177884,0.067247439,0.089144007,0.093694899,0.030664643,0,0.000527743
*C(C)C(C)*,0.8235685,19.769244,25.04009171,8.99E-13,4409.299361,4336.87467,4.05E-10,2479554982,3.98E-10,2521594432,0.000280557,9.35E-05,1.006362033,2.162934881,0.042205498,1.468525634,0.264498348,7.29E-08,0.017811764,0.013884158,0.094670919,0.054298458,0.082272646,0.001598466,0,-3.81E-05
*/C=C/*,0.887086616,85.68401866,564.8510003,5.82E-13,3427.762289,3366.691229,4.87E-10,2067025249,4.79E-10,2104233392,0.000291702,9.72E-05,1.031476031,2.515073042,0.057350257,1.575928735,,,,,,,,,,
*C(C(CC*)C)C,0.831701925,18.8906591,19.55322835,5.42E-13,4430.461174,4294.763457,3.36E-10,2997521163,3.25E-10,3090430464,0.000352922,0.000117641,1.010678018,2.155730697,0.03095487,1.464599497,0.254887827,6.93E-08,0.013414194,0.007438146,0.075800167,0.059576487,0.095273221,0.003427938,0,-4.23E-05
*C1C(CCC1)CC*,0.906448376,17.1369163,16.84087828,7.94E-13,4336.66637,4216.6897,3.26E-10,3095424335,3.17E-10,3177193217,0.00032099,0.000106997,1.005431399,2.20693714,0.029020882,1.483747114,0.250907231,6.39E-08,0.008074212,0.006702143,0.060158035,0.062259499,0.111448947,0.00232068,0,-5.63E-05
*C=CCCCCCCCC*,0.85471523,22.38144722,29.24326494,4.34E-12,4955.423475,4437.541422,4.89E-10,2144171695,4.34E-10,2359592038,0.000831427,0.000277142,1.113397856,2.304398369,0.081756171,1.480202473,0.343357529,8.19E-08,0.019085431,0.01311041,0.071549318,0.082911433,0.138154717,0.018362918,0,0.000183301
*C(C*)CCCCCCCCCCCCCCCCCCCC,0.834006133,14.17209546,3.580234067,1.84E-12,4776.364106,4502.996859,4.06E-10,2468480320,3.83E-10,2618378038,0.000553422,0.000184474,2.11575681,3.236482396,0.061506863,1.456269376,0.393169818,9.88E-08,0.020225627,0.008654175,0.084890035,0.112137833,0.157754582,0.009435094,0,7.25E-05
*/C=C/CCCCCCCCCC*,0.853346172,22.20393175,26.85131976,3.31E-12,4539.347985,4210.468055,4.30E-10,2398372181,3.97E-10,2574896789,0.000631867,0.000210622,1.063687943,2.272885211,0.053281927,1.486335926,0.336324709,8.69E-08,0.019547741,0.01297519,0.066871268,0.082926887,0.13755387,0.016319041,0,0.000130713
*C(C*)CCCCCCCCCCCCCC,0.832142984,13.51600024,5.464520824,1.34E-12,4741.056374,4579.16396,4.03E-10,2482987436,3.89E-10,2570717871,0.000424525,0.000141508,1.01755688,2.150438567,0.047219747,1.46043879,0.365110117,9.26E-08,0.027458704,0.013807078,0.092048341,0.07410927,0.146933472,0.010754785,0,-1.53E-06
*C=CCCCCCC*,0.857672969,20.5890575,26.4863357,4.42E-12,4634.293815,4284.941603,4.39E-10,2282436457,4.06E-10,2467563789,0.000659775,0.000219925,1.11096359,2.344223889,0.051797903,1.494409143,0.302191029,7.62E-08,0.017156866,0.014223858,0.061677526,0.067581033,0.124156795,0.017252824,0,0.000142127
*/C=C/CCC*,0.870773195,21.20185181,21.90906209,1.10E-11,4590.173117,4066.130146,5.74E-10,1741803474,5.09E-10,1966274019,0.000934524,0.000311508,1.12075582,2.399941821,0.038159527,1.509697321,0.289325665,7.24E-08,0.009692108,0.009973707,0.052600363,0.076073487,0.120966517,0.020706229,0,-0.000686746
*C(C*)C(C)(C)C,0.80536494,15.93618471,14.5392224,4.20E-13,4254.112652,4201.126616,3.94E-10,2559884628,3.89E-10,2591965807,0.000234874,7.83E-05,1.024637819,2.118665536,0.026293043,1.447070109,0.210797175,6.15E-08,0.010621477,-0.000854101,0.078634764,0.045073955,0.07529323,0.001577554,0,0.000450297
*/C=C\CCCC*,0.868416895,18.83393128,21.11597236,5.90E-12,4395.160233,4084.560745,4.52E-10,2221658345,4.20E-10,2388615523,0.000633541,0.00021118,1.192891903,2.428627079,0.028647733,1.495237286,0.263602776,6.92E-08,0.016895672,0.014490808,0.065498434,0.051534618,0.098620586,0.016521896,0,4.08E-05
*C(C*)CCCCCCCCCCCCC,0.833225353,13.21145476,6.045469678,1.36E-12,4505.182624,4297.376901,4.02E-10,2494758206,3.83E-10,2615656090,0.000480666,0.000160222,1.014400759,2.149263668,0.06498973,1.461116983,0.349106811,9.30E-08,0.021583865,0.00853806,0.083333119,0.081987639,0.143230779,0.010429586,0,3.76E-06
*C(CC)C(CC)*,0.823310611,17.80886641,19.70867145,4.00E-13,4426.276523,4378.970983,4.53E-10,2255835010,4.49E-10,2281219497,0.000233487,7.78E-05,1.007663733,2.140562513,0.037704813,1.460440101,0.250042719,6.86E-08,0.014980191,0.009461862,0.088404256,0.049480434,0.083504659,0.004155807,0,5.55E-05
*C(C*)CCCCCCCCCCC,0.833532988,13.10676513,6.793628553,1.21E-12,4619.381361,4362.383295,4.52E-10,2232573581,4.27E-10,2361963251,0.000560155,0.000186718,1.013256269,2.142856756,0.067113871,1.45931366,0.329033378,8.57E-08,0.016514678,0.006784187,0.084312304,0.08307571,0.131428474,0.00689995,0,1.81E-05
*C(C*)CCCCCCCCC,0.829999326,13.8933044,9.833241954,1.37E-12,4652.50367,4410.425031,4.51E-10,2230989298,4.27E-10,2352327975,0.000547754,0.000182585,1.010767547,2.147362845,0.065736374,1.461708537,0.296879704,7.69E-08,0.017089074,0.008194958,0.082625617,0.078957857,0.105961309,0.003953293,0,9.76E-05
*C(C*)C1CC(CCC1)C,0.860408044,14.69170054,12.31473045,3.86E-13,4587.343021,4541.468898,3.53E-10,2848428912,3.50E-10,2878068841,0.000180988,6.03E-05,1.011847652,2.133336232,0.033014861,1.456528654,0.212366103,5.47E-08,0.009884365,-0.006577222,0.056726591,0.077014058,0.073628602,0.001574459,0,0.000115251
*C(C*)C1CCC(CC1)C,0.846306645,14.89340858,13.27963808,2.28E-13,4124.82197,4057.915304,4.08E-10,2470219777,4.01E-10,2511203606,0.000274998,9.17E-05,1.011691074,2.124586098,0.041675,1.453576507,0.229479225,6.58E-08,0.011523924,0.008474346,0.067715534,0.05396313,0.082607263,0.005111175,0,8.39E-05
*C(C*)C1CC=CCC1,0.894488285,16.28976431,17.48632705,4.11E-13,3901.357957,3864.08663,4.53E-10,2238836564,4.49E-10,2262283292,0.000168326,5.61E-05,1.013794266,2.197830146,0.031163463,1.477841223,0.196699201,5.64E-08,0.006300747,0.007784993,0.0642395,0.049809237,0.062499312,0.005983041,0,8.24E-05
*C(=CCC*)CCCCCCC,0.850100168,14.82336082,11.11653057,2.04E-12,4413.811759,4177.659479,4.41E-10,2275781877,4.17E-10,2404672690,0.000541195,0.000180398,1.016486125,2.182107281,0.071255739,1.471604773,0.278102134,7.42E-08,0.016902903,0.009281308,0.070224064,0.06717562,0.101799086,0.012613906,0,0.000105245
*C(=CCC*)C(C)C,0.8495405,17.34006864,17.38160593,6.09E-13,4085.191867,3956.364681,4.13E-10,2468276940,4.01E-10,2551504441,0.000378509,0.00012617,1.034556659,2.269082222,0.030181642,1.494830805,0.235767575,6.80E-08,0.011793383,0.001485684,0.070620692,0.057243925,0.08005716,0.014091865,0,0.000474866
*/C=C\CCC*,0.876838662,19.41179187,15.77364025,7.11E-12,4424.798592,4154.725913,4.58E-10,2183122795,4.30E-10,2324981022,0.000601444,0.000200481,1.350753659,2.64268234,0.024929711,1.513911715,0.244482147,6.30E-08,0.017917219,0.018231748,0.061400441,0.051610979,0.072338411,0.023294976,0,-0.000311627
*C(C*)CCC(C)(C)C,0.816714682,14.9505416,12.3759264,1.12E-12,4302.348367,4188.022432,4.24E-10,2365523781,4.13E-10,2430226069,0.000361923,0.000120641,1.025437166,2.133039413,0.042728116,1.451757971,0.249457925,7.10E-08,0.014335577,-0.0091376,0.080246349,0.065466234,0.095903457,0.002684565,0,-4.07E-05
*C1C(CC1)*,0.894726143,29.98560531,68.71728043,4.06E-13,3788.267893,3748.04636,4.92E-10,2332540975,4.88E-10,2361868480,0.000190615,6.35E-05,1.00188993,2.216882304,0.063044811,1.488277736,0.236871624,6.99E-08,0.008244305,0.012598947,0.073456356,0.050415779,0.092253105,-8.06E-05,0,-1.63E-05
*/C=C\*,0.959011341,29.50466545,55.94386153,9.73E-13,3406.14876,3309.624057,3.57E-10,2800524577,3.47E-10,2882155640,0.000331678,0.000110559,1.068148162,2.733435226,0.073481419,1.6325655,0.573236329,1.75E-07,0.009245218,0.040473497,0.08995798,0.18357216,0.127646215,0.123005223,0,-0.000663965
*/C=C\CCCCC*,0.867588794,20.47395209,23.34754146,3.67E-12,4687.171931,4234.010002,4.44E-10,2287760654,4.00E-10,2515212254,0.000745629,0.000248543,1.167757458,2.379334088,0.041086527,1.487136468,0.271936281,6.71E-08,0.012426802,0.015150087,0.069485697,0.057424436,0.103380602,0.014141455,0,-7.28E-05
*C1CC(CC1)C=C*,0.952823858,27.70781213,42.25648135,1.72E-12,4158.854772,3823.741546,4.51E-10,2239557870,4.14E-10,2433772735,0.000691708,0.000230569,1.146161825,2.48742141,0.044727616,1.530116845,0.309193929,7.83E-08,0.014182933,0.01240945,0.072254053,0.086928307,0.112930729,0.010555474,0,-6.70E-05
*/C=C/C(C*)C(CC)C,0.850539749,16.7271141,15.33706136,9.49E-13,4287.754346,4114.484705,4.05E-10,2483174899,3.89E-10,2586220576,0.00044474,0.000148247,1.043947811,2.222079671,0.039551499,1.475849008,0.237962753,6.53E-08,0.011960212,0.014259195,0.06839514,0.051115114,0.081012507,0.01119199,0,2.86E-05
*C(=CCC*)CCC,0.866168537,16.62491893,14.344216,1.51E-12,4391.369695,4068.027893,4.60E-10,2190256533,4.26E-10,2362491115,0.000652723,0.000217574,1.022561414,2.291109729,0.034535715,1.506169904,0.257522564,6.77E-08,0.019580354,0.008493331,0.076366692,0.060373965,0.080272349,0.012411804,0,2.41E-05
*C=CCCCCCCCCCC*,0.852224825,22.18283972,30.53591108,3.47E-12,4564.425017,4273.388114,4.15E-10,2417201336,3.89E-10,2580948272,0.000583685,0.000194562,1.041661564,2.217935948,0.048530715,1.475219988,0.357300526,9.24E-08,0.022167231,0.014482907,0.074449885,0.074935686,0.154170052,0.017099075,0,-4.31E-06
*C1(CCCCC1)C*,0.878255967,15.53389008,14.40509255,2.55E-13,4174.036227,4154.129507,3.11E-10,3244007903,3.10E-10,3260736902,7.07E-05,2.36E-05,1.010104203,2.173405489,0.029431879,1.470809424,0.209508397,5.72E-08,0.006820942,0.001292917,0.068973534,0.059123847,0.070943892,0.002290642,0,6.26E-05
*C=CC(CCCCC*)C,0.848448936,21.24571185,23.05083721,1.80E-12,4481.694262,4184.323971,4.68E-10,2340889656,4.31E-10,2480326713,0.000620814,0.000206938,1.05079065,2.239304657,0.056073998,1.479362406,0.264312063,6.96E-08,0.0179441,0.006833843,0.062603692,0.066296854,0.096096191,0.014492038,0,4.53E-05
*/C(=C\CC*)C(C)(C)C,0.865138951,16.84381245,19.69720075,3.46E-13,4188.753289,4068.615444,3.41E-10,2938562616,3.31E-10,3025947965,0.00034142,0.000113807,1.034410832,2.289158238,0.024792581,1.501581033,0.230866797,6.38E-08,0.014460815,-0.002208555,0.083080495,0.057151248,0.066384604,0.012001927,0,-3.74E-06
*C(C*)c1ccccc1,0.990788525,16.61375099,16.20029006,4.84E-13,3341.648963,3285.44944,4.05E-10,2474507328,3.98E-10,2517005617,0.000270676,9.02E-05,1.029320977,2.50910937,0.024622848,1.574708496,0.203029804,6.14E-08,0.009648553,0.016812124,0.055336435,0.036982041,0.056642593,0.027032422,0.000251617,0.000324019
*C(C*)c1c(cccc1)C,0.978948821,17.4908753,19.76642721,3.37E-13,3427.169361,3356.608086,3.60E-10,2794609495,3.53E-10,2853147424,0.000286508,9.55E-05,1.037851266,2.485279891,0.027582395,1.564423634,0.23889195,7.12E-08,0.013555259,0.005320686,0.067224231,0.056081728,0.070595331,0.025866402,0.000300155,-5.18E-05
*C(C*)c1c(cccc1)CC,0.956120289,15.63555438,14.25418399,7.64E-13,3574.873278,3486.098701,4.33E-10,2338315880,4.22E-10,2397250445,0.000347592,0.000115864,1.041346882,2.430571341,0.044237573,1.545703698,0.223756212,6.54E-08,0.013142208,0.012439325,0.066862635,0.046231503,0.063263379,0.021355626,0.00020583,0.000255707
*C(C*)c1c(cccc1)COC,1.023668496,15.12599095,13.94187682,5.42E-13,3399.851689,3311.975535,4.21E-10,2402472377,4.10E-10,2465039988,0.000347446,0.000115815,1.734474547,3.095116259,0.036610769,1.536415367,0.19732083,5.67E-08,0.006196016,-0.001339495,0.048014412,0.067574733,0.05324689,0.023198647,0.000237071,0.000192556
*C(C*)c1c(cccc1)COCC,1.020552204,13.822737,9.55283562,6.70E-13,3643.861148,3469.272924,4.52E-10,2254908598,4.30E-10,2365296377,0.000510099,0.000170033,1.611111244,2.976498423,0.047669526,1.537979108,0.211823768,5.70E-08,0.010933425,0.0134724,0.064463215,0.04262802,0.059016665,0.021204129,0.000209673,-0.000103759
*C(C*)c1c(cccc1)COCCC,1.002033696,14.59224927,13.03253588,7.42E-13,3697.575712,3492.880565,4.83E-10,2102634785,4.55E-10,2219684877,0.000563996,0.000187999,1.465249803,2.80017547,0.041228258,1.528041441,0.22997739,6.21E-08,0.009389909,0.003964554,0.053470786,0.065296088,0.073832487,0.023432305,0.000265694,0.000325568
*C(C*)c1c(cccc1)COC(C)C,0.985738485,14.05306777,10.48825558,6.18E-13,3553.314739,3456.22504,4.58E-10,2207995987,4.46E-10,2270342913,0.000380503,0.000126834,1.380149905,2.691399239,0.029100493,1.520275712,0.220707828,6.30E-08,0.009705494,0.008100478,0.072866632,0.044266761,0.066474188,0.019177419,0.000150778,-3.39E-05
*C(C*)c1c(cccc1)COCCCC,0.987425981,13.56616351,10.38130382,8.97E-13,3765.415223,3650.161806,4.16E-10,2463033223,4.04E-10,2542265104,0.000391627,0.000130542,1.367787459,2.706431602,0.046700579,1.529259106,0.220379086,5.93E-08,0.010666305,0.005913944,0.059524575,0.057509181,0.068520942,0.018319297,0.000139458,-0.000214616
*C(C*)c1c(cccc1)COCCCCC,0.977922828,14.35390981,12.51245925,1.22E-12,3959.298076,3678.305271,4.57E-10,2267395855,4.23E-10,2422053501,0.000633888,0.000211296,1.362857333,2.661335214,0.052559771,1.516071903,0.238571654,6.17E-08,0.01268361,0.010817358,0.065961701,0.05779654,0.069251895,0.021815648,0.000215896,2.90E-05
*C(C*)c1c(cccc1)COCCC(C)C,0.981459783,14.45873814,14.07951969,7.03E-13,3686.76691,3561.201787,3.75E-10,2677179238,3.62E-10,2770758445,0.000390539,0.00013018,1.281139457,2.588198865,0.043769393,1.518900346,0.237360118,6.56E-08,0.015326881,0.006586115,0.069123265,0.058444474,0.06616235,0.02117964,0.000237344,0.000300051
*C(C*)c1c(cccc1)COCc1ccccc1,1.087022171,14.11258884,10.36834463,8.97E-13,3300.152239,3160.339558,4.00E-10,2603049630,3.82E-10,2712644569,0.000447772,0.000149257,1.395160201,2.923754615,0.043076618,1.590153852,0.204719244,5.72E-08,0.006428355,0.013557915,0.054656309,0.043271445,0.056295169,0.030194655,0.000324727,-9.33E-06
*C(C*)c1c(cccc1)COCCc1ccccc1,1.073511826,13.49363288,10.86331915,9.83E-13,3404.210179,3229.939393,3.88E-10,2721888997,3.66E-10,2853893214,0.00048686,0.000162287,1.197651581,2.68955717,0.041928614,1.578574272,0.206285623,5.65E-08,0.007219701,0.004580555,0.056606394,0.060700391,0.054217772,0.022521758,0.000295455,0.000143596
*C(C*)c1c(cccc1)C(=O)NC,1.05618534,14.2222386,9.161706162,2.02E-13,3109.128559,3053.429495,4.82E-10,2287042964,4.72E-10,2324727688,0.000294885,9.83E-05,1.537970297,2.91729856,0.033272752,1.542486188,0.192915175,5.84E-08,0.005078862,-0.005794998,0.038546333,0.073764379,0.056506758,0.022568814,0.000510554,0.001734472
*C(C*)c1c(cccc1)C(=O)N(C)C,1.019914094,14.34481433,11.57485623,8.78E-13,3249.213519,3157.630881,6.29E-10,1689224518,6.11E-10,1734826935,0.000396182,0.000132061,1.252153356,2.566346661,0.038429402,1.521234742,0.186909259,5.65E-08,0.008144062,0.011512451,0.058551834,0.043551205,0.046230624,0.018349764,0.000191503,0.000377814
*C(C*)c1c(cccc1)C(=O)Nc1ccccc1,1.113471778,15.35270772,15.17768878,3.75E-13,2986.083032,2912.652246,4.36E-10,2296679792,4.26E-10,2354336054,0.000342813,0.000114271,1.308114555,2.965981212,0.042832439,1.63029247,0.197508078,5.94E-08,0.007623254,-0.003303003,0.047035171,0.060484933,0.049959649,0.033473215,0.000481978,0.001752881
*C(C*)c1c(cccc1)C(=O)O,1.14579736,17.30086834,17.2577259,9.01E-14,2963.812223,2938.924377,2.81E-10,3579983504,2.78E-10,3611214084,0.000155759,5.19E-05,1.377762559,2.81550706,0.03841839,1.561326016,0.221643379,6.54E-08,0.011752354,-0.005406564,0.067382039,0.05629903,0.066154572,0.022333325,0.000158541,0.002970082
*C(C*)c1c(cccc1)C(=O)OC,1.093619065,14.95874782,13.42969353,5.77E-13,3109.660332,3030.216376,4.81E-10,2150645252,4.68E-10,2201222352,0.000364471,0.00012149,1.443575346,2.822168524,0.03676626,1.542253332,0.193160544,5.68E-08,0.007608774,0.010067363,0.053058023,0.053063202,0.048323814,0.020607435,0.000158945,0.000272985
*C(C*)c1c(cccc1)C(=O)OCC,1.070874613,15.25587433,14.11828349,8.70E-13,3275.566753,3133.149311,5.25E-10,2049524871,5.00E-10,2133087825,0.000511121,0.000170374,1.26263298,2.619939218,0.03921233,1.53533732,0.216698631,6.18E-08,0.008357645,0.008125742,0.062938584,0.056710599,0.056876029,0.023434668,0.000153659,0.000101705
*C(C*)c1c(cccc1)C(=O)OCCC,1.060275726,14.11532006,11.5835204,5.73E-13,3369.48944,3215.270707,4.65E-10,2178905672,4.43E-10,2278506549,0.000486877,0.000162292,1.242062484,2.588148184,0.043806138,1.531687122,0.209516095,5.87E-08,0.011431432,0.005809392,0.053676245,0.058063085,0.061429205,0.018949446,8.27E-05,7.46E-05
*C(C*)c1c(cccc1)C(=O)OC(C)C,1.04558941,14.18096027,13.51618233,4.87E-13,3270.932975,3176.234891,4.51E-10,2267766459,4.38E-10,2336621767,0.000365484,0.000121828,1.211811158,2.542703054,0.050126287,1.526707646,0.208751466,6.10E-08,0.006953408,-0.021391833,0.039292421,0.092757231,0.073362209,0.017045918,5.06E-05,0.000681508
*C(C*)c1c(cccc1)C(=O)OCCCC,1.040151362,14.65218988,12.08506864,8.14E-13,3558.60858,3352.656821,5.03E-10,2079673923,4.73E-10,2202650158,0.000577491,0.000192497,1.209336675,2.533742264,0.053674726,1.524592299,0.225796643,6.10E-08,0.014282425,0.014517049,0.069418825,0.046360847,0.062981206,0.017992845,9.22E-05,0.000151238
*C(C*)c1c(cccc1)C(=O)OCC(C)C,1.035196742,14.5338504,12.7551066,6.22E-13,3448.876191,3315.071939,3.98E-10,2537130421,3.83E-10,2637716687,0.000416783,0.000138928,1.228924972,2.552358945,0.054737547,1.524271949,0.203326994,5.72E-08,0.008914233,0.004421853,0.055296891,0.054898306,0.063808744,0.015528036,0.000107109,0.000351821
*C(C*)c1c(cccc1)C(=O)OCCCCC,1.030247482,14.46126705,12.94319775,8.86E-13,3559.569038,3393.025425,4.49E-10,2273988657,4.27E-10,2382639858,0.00050471,0.000168237,1.215507833,2.512058334,0.05917919,1.515436842,0.230202874,6.29E-08,0.013171659,0.007991458,0.064071917,0.057567871,0.069477237,0.017590748,0.00010994,0.000222044
*C(C*)c1c(cccc1)C(=O)OCCC(C)C,1.035083827,14.4306517,13.66489072,6.38E-13,3468.131177,3343.331848,3.73E-10,2696146116,3.59E-10,2795745914,0.000395095,0.000131698,1.178905095,2.498101016,0.059415096,1.522889303,0.218106694,6.08E-08,0.012420358,0.002724078,0.062964866,0.056991632,0.066466896,0.016118274,0.000103035,0.000317555
*C(C*)c1c(cccc1)C(=O)OCCCCCC,1.011034746,13.19402732,8.704508631,1.30E-12,3656.146851,3484.006494,4.48E-10,2241249015,4.27E-10,2350617564,0.000506025,0.000168675,1.182254308,2.44440851,0.062780372,1.504043781,0.238187774,6.44E-08,0.015374335,0.008548464,0.063975059,0.056707759,0.074067113,0.019317035,6.80E-05,0.000130047
*C(C*)c1c(cccc1)C(=O)Oc1ccccc1,1.133417531,13.97527172,12.36731579,7.40E-13,2937.125391,2884.930361,3.88E-10,2752708669,3.82E-10,2807633842,0.000224558,7.49E-05,1.211242693,2.789302189,0.053952439,1.60562759,0.192525654,5.79E-08,0.006465695,0.000744557,0.049273691,0.063707188,0.047135411,0.024126652,0.000168643,0.000903818
*C(C*)c1c(cccc1)C(=O)OCCN(C)C,1.081969242,13.93175461,10.26067096,1.02E-12,3418.275782,3286.631326,3.62E-10,2766297100,3.48E-10,2876147288,0.000413154,0.000137718,1.267499427,2.622969036,0.0437362,1.534751018,0.216260507,5.86E-08,0.009369242,-0.000881047,0.048033623,0.081044134,0.059138565,0.019158,9.67E-05,0.000301291
*C(C*)c1ccc(cc1)C(=O)OCCN(C)C,1.072615261,14.7171157,11.53015241,8.85E-13,3424.152291,3292.121491,3.91E-10,2623833157,3.76E-10,2726372414,0.000422968,0.000140989,1.378549645,2.78252074,0.046666753,1.550473031,0.258067435,7.04E-08,0.010480027,0.014145749,0.058848848,0.074983864,0.07745189,0.021453187,0.000106233,0.000597637
*C(C*)c1c(cccc1)OC,1.022974296,15.86315929,12.94473986,6.83E-13,3252.219225,3183.833322,4.33E-10,2324333305,4.24E-10,2374154943,0.000315983,0.000105328,1.138497822,2.522893991,0.055517665,1.544147358,0.214975451,6.46E-08,0.008582627,-0.006821656,0.033023154,0.090799999,0.0655592,0.023415125,0.000130846,0.000286156
*C(C*)c1c(cccc1)Cl,1.153238245,16.45969775,15.18124513,1.00E-12,2637.162367,2535.801528,5.45E-10,1966085543,5.20E-10,2028058914,0.00043313,0.000144377,1.100135592,2.570033763,0.043737279,1.571586421,0.155241408,5.12E-08,0.00550154,0.006277105,0.043446133,0.038684734,0.042521031,0.018779878,0.000169212,-0.000138226
*C(C*)c1c(cccc1)F,1.105762216,16.87173852,19.14123247,8.08E-13,2914.615125,2839.591777,5.48E-10,1937181930,5.33E-10,1983961950,0.000375253,0.000125084,1.111143755,2.473854798,0.033747579,1.537102881,0.180059006,5.59E-08,0.008487444,0.013913475,0.0571868,0.032325724,0.044702064,0.022390874,0.000258983,0.00079364
*C(C*)c1cc(ccc1)C,0.969357307,16.34575568,14.33590959,4.36E-13,3365.37924,3273.793929,4.18E-10,2448817067,4.07E-10,2515904088,0.000350849,0.00011695,1.03437052,2.480126573,0.040961808,1.563890087,0.227224304,6.97E-08,0.013602576,0.004714153,0.058783113,0.056241607,0.073998559,0.019837702,0.000265075,-0.000218481
*C(C*)c1cc(ccc1)CC,0.951189371,15.84976465,15.33713269,1.34E-12,3644.67395,3483.534452,4.78E-10,2115012345,4.56E-10,2208101298,0.000484541,0.000161514,1.023342799,2.422246998,0.0417574,1.548838772,0.230753147,6.65E-08,0.01111478,0.007967804,0.05589716,0.067289275,0.070692588,0.017513427,0.000238207,3.99E-05
*C(C*)c1cc(ccc1)c1ccc(cc1)c1ccccc1,1.059615223,14.72292163,10.68827155,8.13E-13,3107.60159,3056.085426,3.44E-10,2937731305,3.38E-10,2986103877,0.000244188,8.14E-05,1.032543575,2.892448103,0.049955649,1.691122154,0.222348269,6.76E-08,0.008627116,0.010480401,0.052340999,0.062059123,0.050178217,0.038149634,0.000352875,0.000159905
*C(C*)c1cc(ccc1)Cl,1.138997982,17.33948171,15.85310235,7.19E-13,2631.87146,2557.401513,5.57E-10,1909925845,5.41E-10,1963875026,0.000381194,0.000127065,1.121281565,2.586257175,0.027584888,1.570014729,0.141849652,4.74E-08,0.003404358,0.000567493,0.029639698,0.049421367,0.046031913,0.012680072,0.000207537,-0.000102786
*C(C*)c1cc(ccc1)F,1.097086163,17.72241416,19.93289006,6.97E-13,2988.320841,2884.659302,4.83E-10,2145471026,4.64E-10,2212991721,0.000413674,0.000137891,1.129561077,2.487297884,0.03346476,1.53549013,0.165605561,5.06E-08,0.008744788,0.005314403,0.048971117,0.036694305,0.049768799,0.015518105,0.000121697,0.000472347
*C(C*)c1ccc(cc1)C,0.954853504,15.84597516,13.88001358,6.42E-13,3405.834541,3349.265199,4.98E-10,2268176177,4.91E-10,2311216241,0.000196845,6.56E-05,1.032020153,2.454343828,0.036826842,1.556372558,0.207409376,6.39E-08,0.007491246,-0.002394745,0.038932408,0.065293248,0.069375176,0.028071665,0.000155934,0.000484443
*C(C*)c1ccc(cc1)CC,0.946653191,15.56198015,13.88824137,1.02E-12,3639.535808,3472.452407,5.40E-10,1874018044,5.15E-10,1962513691,0.00053124,0.00017708,1.022468765,2.426617392,0.038909157,1.550528565,0.241331997,7.01E-08,0.010713681,0.007794307,0.055388264,0.069771131,0.073793946,0.023597614,0.000285401,-1.23E-05
*C(C*)c1ccc(cc1)C(C)C,0.923190056,15.15661624,13.47757757,8.07E-13,3783.635741,3614.994254,4.97E-10,2059387897,4.74E-10,2151687509,0.000504075,0.000168025,1.039301412,2.385478373,0.031470643,1.53172234,0.245006224,7.02E-08,0.010710686,0.010491841,0.063501145,0.068636976,0.073103121,0.018111658,0.000104012,0.000346787
*C(C*)c1ccc(cc1)CCCC,0.931491324,14.8552015,12.37707151,1.04E-12,3950.672266,3735.281406,4.91E-10,2073662249,4.63E-10,2187594992,0.00056745,0.00018915,1.040356885,2.39299112,0.052978214,1.533829169,0.246370764,6.70E-08,0.014262776,0.007333746,0.05916166,0.063971576,0.076650508,0.024185092,0.000222863,0.000582543
*C(C*)c1ccc(cc1)C(C)(C)C,0.89655902,14.30377054,11.63742658,3.62E-13,3683.540865,3595.74878,4.74E-10,2117500964,4.62E-10,2168962371,0.000351724,0.000117241,1.029967854,2.310756199,0.032661948,1.510225602,0.235879806,7.15E-08,0.012122344,0.002988596,0.061212055,0.064970807,0.074320464,0.019599559,0.000268101,0.00039788
*C(C*)c1ccc(cc1)C(CC)C,0.914850756,12.82216991,7.466974057,7.42E-13,3683.098958,3583.19335,4.90E-10,2116421852,4.76E-10,2174257804,0.000384475,0.000128158,1.021969172,2.350618906,0.041317326,1.525980284,0.23187009,6.89E-08,0.010200138,0.009744891,0.060345887,0.063209175,0.07138995,0.01667384,0.000210729,9.55E-05
*C(C*)c1ccc(cc1)CCCCCC,0.918524608,14.12902258,10.22522464,1.16E-12,3991.91917,3796.711911,4.65E-10,2190053956,4.42E-10,2298352100,0.0005237,0.000174567,1.028853164,2.32739362,0.040179354,1.516093091,0.255178414,6.96E-08,0.010015012,0.007625146,0.059054571,0.07373582,0.083171284,0.021453454,0.000132213,-9.09E-06
*C(C*)c1ccc(cc1)CCCCCCCC,0.905274422,13.38649534,7.746905063,1.75E-12,4309.825015,4050.408861,4.60E-10,2201867084,4.32E-10,2339514474,0.000597138,0.000199046,1.023455355,2.299871797,0.0452906,1.50877697,0.284941701,7.33E-08,0.014018995,0.007462576,0.071822833,0.075699688,0.096651717,0.019249955,0.000123029,-8.71E-05
*C(C*)c1ccc(cc1)CCCCCCCCC,0.902766866,13.85493272,9.15451353,7.94E-13,4097.77956,3881.842647,4.47E-10,2272406928,4.23E-10,2395731433,0.00053709,0.00017903,1.030689926,2.300854395,0.056252,1.506706379,0.276524365,7.47E-08,0.021003026,0.007924356,0.064620038,0.071787871,0.091583868,0.019309814,0.000305475,-1.01E-05
*C(C*)c1ccc(cc1)CCCCCCCCCC,0.899890732,13.22855054,6.929463296,1.18E-12,4096.026209,3887.413565,4.08E-10,2454174040,3.87E-10,2586633470,0.000500669,0.00016689,1.025597212,2.296540144,0.051526402,1.506963584,0.300936032,8.16E-08,0.012582445,0.004611163,0.066038091,0.090680926,0.10261191,0.023878713,0.000269166,0.000263618
*C(C*)c1ccc(cc1)CCCCCCCCCCCC,0.894841977,13.38250161,6.630545401,1.28E-12,4305.991263,4020.015789,4.94E-10,2066121238,4.62E-10,2213372981,0.00063333,0.00021111,1.019976191,2.276367403,0.076965902,1.502127912,0.302738789,7.87E-08,0.017063889,0.009324015,0.067505272,0.077274239,0.111991583,0.019613989,0.000155649,-0.000189847
*C(C*)c1ccc(cc1)CCCCCCCCCCCCCC,0.887566319,13.29611425,4.106047297,1.31E-12,4251.318954,4057.69266,4.17E-10,2419761740,3.98E-10,2534569094,0.000481252,0.000160417,1.016581417,2.258266412,0.065797926,1.497225153,0.320037972,8.48E-08,0.018241613,0.008607281,0.068181375,0.101513884,0.105353476,0.017834404,0.000210924,9.50E-05
*C(C*)c1ccc(cc1)CCCCCCCCCCCCCCCC,0.886142951,13.61876978,4.471655204,1.45E-12,4263.048307,4057.36409,4.00E-10,2509841289,3.81E-10,2636131693,0.000485945,0.000161982,2.528907687,3.727415814,0.057572645,1.48273205,0.337054547,8.94E-08,0.014586068,0.01714459,0.083206853,0.088501412,0.115820353,0.017519151,0.000160754,0.000115366
*C(C*)c1ccc(cc1)CCCCCCCCCCCCCCCCCC,0.878911528,13.87946955,4.786436467,1.32E-12,4290.125194,4102.480408,3.75E-10,2671260572,3.58E-10,2793055534,0.000451736,0.000150579,1.950057865,3.145120192,0.073859507,1.481572993,0.317277699,8.42E-08,0.024513177,0.015885983,0.077181216,0.068257518,0.116088563,0.0153816,6.36E-05,-9.40E-05
*C(C*)c1ccc(cc1)c1ccccc1,1.030455771,14.54803603,9.308092216,6.80E-13,3208.670512,3132.279958,4.16E-10,2442926795,4.07E-10,2501630255,0.000318232,0.000106077,1.031990228,2.718659788,0.048853258,1.639100177,0.200955009,6.09E-08,0.003684838,0.008232105,0.046052168,0.063567603,0.047218621,0.031791831,0.000317446,9.04E-05
*C(C*)c1ccc(cc1)COCCOCC,1.048857628,14.34922191,11.12793094,1.25E-12,3692.314957,3459.361772,3.82E-10,2638527695,3.58E-10,2813667821,0.000556555,0.000185518,2.127898777,3.484645101,0.041970144,1.535168538,0.249515883,6.45E-08,0.011134595,0.006614629,0.057561352,0.069663387,0.080742388,0.023478237,0.000294028,2.73E-05
*C(C*)c1ccc(cc1)C#N,1.017159224,16.9408436,16.56477942,2.44E-13,2929.300864,2892.979462,3.64E-10,2794517371,3.59E-10,2828998695,0.000207276,6.91E-05,1.395272785,2.855462887,0.026547012,1.568492801,0.174135805,5.84E-08,0.006800673,0.011818839,0.048817349,0.042702595,0.047126536,0.016116314,0.000111631,0.000641868
*C(C*)c1ccc(cc1)Cl,1.143288057,18.43133959,20.80472434,3.57E-13,2594.282235,2539.257276,4.23E-10,2377392172,4.14E-10,2429128169,0.000294442,9.81E-05,1.12019933,2.602920343,0.037229241,1.575654358,0.150273069,5.07E-08,0.003914804,0.004569101,0.037689556,0.041180604,0.047251038,0.015409555,4.29E-06,0.000254122
*C(C*)c1ccc(cc1)Br,1.461570466,18.90727861,18.60665475,2.41E-13,1950.132787,1917.722536,4.23E-10,2391433504,4.16E-10,2432334781,0.000255191,8.51E-05,1.118167965,2.637042453,0.036078619,1.587087768,0.124850886,4.38E-08,0.003223365,0.003823137,0.032608368,0.033900801,0.036836219,0.014757754,-6.05E-05,-0.000238274
*C(C*)c1ccc(cc1)C(C(C(C(C(C(C(F)(F)F)(F)F)(F)F)(F)F)(F)F)(F)F)(F)F,1.594542527,15.21371358,9.174246937,7.00E-13,2030.549998,1937.311206,5.25E-10,2151511435,4.99E-10,2248689325,0.000503476,0.000167825,1.076839182,1.988727801,0.063937463,1.382708399,0.116253947,3.59E-08,0.00170064,0.002964231,0.031061678,0.03769138,0.037042376,0.005510303,0.000132869,0.00015047
*C(C*)c1ccc(cc1)C(=NO)C,1.056409606,16.88235418,16.77221729,4.14E-13,3303.287877,3193.622039,3.25E-10,3110292994,3.15E-10,3214900040,0.000294078,9.80E-05,1.328854161,2.823411213,0.033877728,1.579414349,0.262934975,7.55E-08,0.012999499,0.012663434,0.069104211,0.070845462,0.071879144,0.024199795,-1.13E-05,0.001254729
*C(C*)c1ccc(cc1)C(O)(C)C,1.006839479,14.24456805,10.57269752,5.09E-13,3602.546473,3516.599878,3.23E-10,3144148375,3.15E-10,3218032979,0.000295424,9.85E-05,1.955655761,3.328164798,0.034460787,1.540293873,0.268025613,7.40E-08,0.012098363,-0.007744935,0.052220435,0.092766377,0.093025463,0.024124785,0.000107385,0.00142774
*C(C*)c1ccc(cc1)C(CC)(O)C,0.984772104,14.36693126,12.77393439,7.33E-13,3962.917553,3749.819051,3.92E-10,2614080310,3.69E-10,2750154193,0.000502349,0.00016745,1.772197702,3.09704859,0.034779959,1.524741004,0.260987479,6.71E-08,0.009392877,0.000345931,0.064596428,0.084675974,0.082188647,0.018633624,0.000285442,0.000868556
*C(C*)c1ccc(cc1)C(CCC)(O)C,0.961746913,14.4775695,11.44744472,6.88E-13,3604.936405,3530.742634,3.53E-10,2835678653,3.46E-10,2894941916,0.000286927,9.56E-05,1.444373376,2.744418113,0.035239053,1.516588287,0.266747745,7.70E-08,0.020491776,0.007602327,0.06702423,0.064095809,0.085287071,0.021725399,0.00022771,0.000293423
*C(C*)c1ccc(cc1)C(CCCC)(O)C,0.964527544,12.83039798,7.858226668,7.44E-13,3833.423706,3680.560171,3.75E-10,2761051897,3.58E-10,2864448540,0.000422133,0.000140711,1.644170726,2.93954065,0.042110177,1.5150465,0.262999518,7.11E-08,0.017103427,0.007099535,0.068158936,0.067532479,0.08103619,0.020942651,0.000356166,0.000770134
*C(C*)c1ccc(cc1)C(CCCCC)(O)C,0.955479058,12.68780054,5.840509067,7.67E-13,3980.241411,3760.147257,4.33E-10,2456421145,4.05E-10,2578389016,0.000536287,0.000178762,1.645586495,2.926546536,0.043377208,1.510284384,0.27418578,7.22E-08,0.014486411,0.005061065,0.077015822,0.068129603,0.088302349,0.019959023,0.000149216,0.001082292
*C(C*)c1ccc(cc1)C(CCN(C)C)O,1.029659127,13.98079175,10.01383006,7.95E-13,3810.623422,3638.818222,3.09E-10,3277107369,2.94E-10,3420840177,0.000411076,0.000137025,1.68950428,3.071049566,0.050936589,1.543225341,0.268210349,6.84E-08,0.011952332,0.008059987,0.067053304,0.073450184,0.083508469,0.023849516,0.000418949,-8.24E-05
*C(C*)c1ccc(cc1)C(CCN1CCCCC1)O,1.022718168,12.6922634,7.16545618,8.41E-13,3830.802006,3634.946554,3.30E-10,3075568703,3.13E-10,3234771223,0.000441169,0.000147056,1.547009429,2.876011317,0.061078527,1.526102616,0.250363552,6.40E-08,0.009969826,0.006744669,0.058774323,0.075610016,0.081720228,0.016491414,0.000207119,0.000845958
*C(C*)c1ccc(cc1)C(CCN1CCOCC1)O,1.085230389,13.11344595,5.565582975,5.77E-13,3542.365618,3466.618412,2.46E-10,4079241561,2.41E-10,4165983345,0.000253571,8.45E-05,1.507952014,2.912805368,0.053877924,1.550751424,0.232670764,6.07E-08,0.01308069,0.016765103,0.066860219,0.051339625,0.069809302,0.01349946,0.000220633,0.001095732
*C(C*)c1ccc(cc1)COC,1.03750338,14.55788133,8.749103512,9.04E-13,3576.60546,3396.9854,4.62E-10,2231050782,4.38E-10,2344600038,0.000534049,0.000178016,2.150325762,3.57236803,0.034326029,1.556287964,0.228853851,6.17E-08,0.00980337,0.013024637,0.062240188,0.055036893,0.063869211,0.024415411,0.000139607,0.000324534
*C(C*)c1ccc(cc1)COCCO,1.099535621,15.16861857,12.20821085,5.84E-13,3461.2575,3298.311825,3.11E-10,3352061246,2.95E-10,3498497457,0.000422191,0.00014073,2.891849867,4.309653233,0.044161749,1.554927422,0.25859742,6.81E-08,0.014511006,0.006948405,0.066328202,0.070420309,0.078989347,0.020750817,0.000263991,0.000385345
*C(C*)c1ccc(cc1)COCCC,1.005095307,12.58385702,7.819208243,9.46E-13,3640.349855,3466.32452,3.98E-10,2523658518,3.79E-10,2650733545,0.000479584,0.000159861,1.745745623,3.112011708,0.036320696,1.538251924,0.237335127,6.50E-08,0.012249438,-0.006134422,0.042283411,0.090833218,0.075567008,0.021913364,0.000332838,0.000290272
*C(C*)c1ccc(cc1)COCCCC,0.992325334,13.60171636,10.11667952,9.91E-13,3851.075543,3618.060826,4.21E-10,2395779642,3.96E-10,2547678681,0.000566962,0.000188987,1.626902026,2.969824031,0.041933932,1.530658568,0.260603141,6.83E-08,0.01307911,0.010001392,0.066770336,0.072461561,0.075527863,0.022116113,0.000302756,0.000344009
*C(C*)c1ccc(cc1)COCCCCO,1.064499301,14.44348152,11.07574606,6.67E-13,3639.334731,3515.116454,2.69E-10,3771915836,2.59E-10,3904588837,0.000339924,0.000113308,2.019732095,3.385239068,0.053531549,1.538019073,0.272183986,7.03E-08,0.012216999,0.008992232,0.076342884,0.066322058,0.089026811,0.019055701,0.000202285,2.50E-05
*C(C*)c1ccc(cc1)COC(CC)C,0.973651082,13.53195109,8.087819231,1.28E-12,3820.680244,3584.71583,5.47E-10,2086379984,5.02E-10,2189126809,0.000632499,0.000210833,1.424542255,2.733703279,0.048102015,1.519590913,0.247595241,6.68E-08,0.014880188,0.010143194,0.062387713,0.065849628,0.076401586,0.018152888,9.40E-05,-0.000313983
*C(C*)c1ccc(cc1)COCCCCCC,0.964533398,13.35700392,6.052136996,1.50E-12,3925.515112,3722.799866,4.10E-10,2455278117,3.89E-10,2585094610,0.000511265,0.000170422,1.543395096,2.847928236,0.054266529,1.518067649,0.261210733,6.90E-08,0.008587613,0.001390082,0.058146407,0.083481527,0.085983486,0.023235101,0.000149552,0.000236966
*C(C*)c1ccc(cc1)COCCOCCCC,1.013534512,14.09935019,8.605624397,1.36E-12,3808.373398,3579.463765,3.56E-10,2813936687,3.35E-10,2993159993,0.000522737,0.000174246,1.891870229,3.144189699,0.05330919,1.500772616,0.2507784,6.50E-08,0.014300223,0.011747612,0.062490382,0.064187288,0.076560832,0.021589485,0.000176836,-0.000274257
*C(C*)c1ccc(cc1)C(=O)N(C)C,1.05442617,15.9123512,13.73400791,3.57E-13,3196.024919,3109.557267,3.28E-10,3057016372,3.19E-10,3142760023,0.000303154,0.000101051,1.625446853,3.060100696,0.032878144,1.560337149,0.247926371,7.33E-08,0.016371304,0.022195407,0.065538153,0.054082374,0.06950563,0.019905735,0.000196983,0.000130784
*C(C*)c1ccc(cc1)C(=O)N(CC)CC,1.0040739,14.43613402,11.03645094,4.65E-13,3416.54375,3298.565683,3.93E-10,2600784376,3.79E-10,2691212566,0.000392374,0.000130791,1.51933177,2.847004223,0.043835537,1.525667959,0.241507546,7.04E-08,0.013116891,0.006564829,0.058506757,0.070429419,0.070590051,0.021677448,0.000205586,0.000416565
*C(C*)c1ccc(cc1)C(=O)N1CCCCC1,1.036942875,13.90916341,9.387563588,7.52E-13,3381.843681,3296.884846,3.80E-10,2654565401,3.70E-10,2721450027,0.000328821,0.000109607,1.377900637,2.751296523,0.047498472,1.540580851,0.235723579,6.73E-08,0.009891249,0.01107304,0.057075801,0.073035366,0.067592899,0.017112164,0.000154029,-0.000210969
*C(C*)c1ccc(cc1)C(=O)CCN1CCCCC1,1.040490676,13.83668426,8.558579836,6.44E-13,3479.075374,3396.183244,2.76E-10,3659720981,2.70E-10,3748139133,0.000279699,9.32E-05,1.335843907,2.705822698,0.049936051,1.539471929,0.245284571,6.78E-08,0.009805676,0.010450016,0.061682485,0.064929347,0.08308764,0.015113168,0.000107725,0.000108514
*C(C*)c1ccc(cc1)C(=O)N1CCOCC1,1.103347893,15.78200571,15.36289104,4.07E-13,3197.303891,3146.281521,3.01E-10,3343611167,2.97E-10,3400431685,0.000216991,7.23E-05,1.324068178,2.717559963,0.048169761,1.547090123,0.22605657,6.41E-08,0.008384565,0.00588283,0.048564725,0.07299963,0.070560412,0.018908652,0.000184129,0.000571627
*C(C*)c1ccc(cc1)C(=O)OC,1.090571368,15.11730414,11.27188111,3.60E-13,3074.650943,2983.838144,4.13E-10,2456014968,4.01E-10,2526021389,0.000361057,0.000120352,1.434942779,2.840607631,0.051591588,1.551015844,0.223091355,6.65E-08,0.007046701,0.005984495,0.045706496,0.064478425,0.070992592,0.028598833,2.48E-05,0.000258991
*C(C*)c1ccc(cc1)C(=O)OCC,1.05070326,15.33141492,9.933982242,6.97E-13,3211.083979,3091.614096,5.16E-10,2021211473,4.96E-10,2093139279,0.000450307,0.000150102,1.331082292,2.684839316,0.031171666,1.534191125,0.235563807,6.98E-08,0.012602176,0.015402914,0.073619003,0.049566897,0.064124585,0.019802046,0.000102398,0.000343788
*C(C*)c1ccc(cc1)C(=O)OCCC,1.047044212,14.55540999,9.293779532,6.51E-13,3376.651566,3208.912963,4.63E-10,2175107597,4.39E-10,2286290822,0.0005154,0.0001718,1.269113612,2.621053037,0.04301703,1.533602845,0.24176446,6.84E-08,0.015444453,0.006656289,0.055279037,0.077560329,0.067490013,0.01907871,0.000208202,4.74E-05
*C(C*)c1ccc(cc1)C(=O)OC(C)C,1.02693306,15.52167208,13.97659048,3.79E-13,3253.670667,3175.384377,3.88E-10,2597709818,3.78E-10,2661020947,0.000320313,0.000106771,1.274848163,2.600537297,0.042601223,1.525014641,0.250453544,7.50E-08,0.012904337,-0.007329882,0.060599126,0.081867287,0.076543047,0.024025142,0.00013694,0.001707546
*C(C*)c1ccc(cc1)C(=O)OCCCC,1.030347418,14.69007069,11.21581313,9.17E-13,3428.596722,3271.219559,4.31E-10,2353138432,4.11E-10,2462971995,0.000478313,0.000159438,1.217431581,2.550202562,0.047040439,1.527340869,0.261827286,7.44E-08,0.014756338,0.012201065,0.063450145,0.066938559,0.078505765,0.025815383,0.000106811,5.32E-05
*C(C*)c1ccc(cc1)C(=O)OCC(C)C,1.017692103,14.58801332,10.55147413,7.87E-13,3346.147342,3244.104822,3.75E-10,2687180682,3.64E-10,2769724013,0.000357471,0.000119157,1.255658,2.575962988,0.050847307,1.523252244,0.237523806,6.98E-08,0.011989099,0.005187756,0.053835516,0.072297799,0.075979254,0.017585931,7.92E-05,0.000569242
*C(C*)c1ccc(cc1)C(=O)OCCCCCC,1.003719963,14.58927666,10.58439244,1.15E-12,3578.445341,3385.655301,4.44E-10,2327883661,4.19E-10,2449436899,0.000526825,0.000175608,1.186740094,2.48259202,0.055271765,1.515205799,0.258101979,7.20E-08,0.016155309,0.008498436,0.057143655,0.0713993,0.084211743,0.020953771,-8.01E-06,-0.000252228
*C(C*)c1ccc(cc1)C(=O)CC,1.033214439,14.23013368,9.316078689,7.03E-13,3423.444859,3231.199277,4.25E-10,2382438080,4.01E-10,2518984568,0.00052547,0.000175157,2.17936209,3.62079951,0.036658654,1.56250716,0.244573024,6.92E-08,0.009610735,0.014526288,0.068925479,0.061204524,0.069620987,0.020359288,0.000240745,8.50E-05
*C(C*)c1ccc(cc1)C(=O)CCC,1.016565854,14.73914033,11.90657885,7.50E-13,3588.819217,3377.63873,4.09E-10,2500976302,3.84E-10,2644986213,0.000530304,0.000176768,1.883885078,3.30297432,0.047716017,1.555340827,0.245764324,6.76E-08,0.009540273,0.0037411,0.056040228,0.081018782,0.074381511,0.02031298,0.000231954,0.000497496
*C(C*)c1ccc(cc1)C(=O)CCCC,1.003231285,13.57615427,7.447309614,1.04E-12,3606.522412,3445.938649,3.91E-10,2611655646,3.73E-10,2732590386,0.000453413,0.000151138,1.743839871,3.146851486,0.037557644,1.550163486,0.263241449,7.27E-08,0.014433248,0.01343461,0.072427456,0.069200915,0.075964405,0.017852338,1.61E-05,-8.77E-05
*C(C*)c1ccc(cc1)C(=O)CCCCC,0.988783183,14.36561543,9.489575928,9.81E-13,3704.789293,3537.673021,3.87E-10,2594603380,3.69E-10,2716811722,0.000458895,0.000152965,1.572357186,2.949398649,0.045357896,1.541764026,0.258123945,7.05E-08,0.010511963,0.006175876,0.056466609,0.079767111,0.082366516,0.022254579,0.000198253,0.000383038
*C(C*)c1ccc(cc1)C(=O)CCCCCCC,0.970813314,13.55487628,8.756476392,1.23E-12,3864.024252,3672.951307,3.90E-10,2578552054,3.71E-10,2712343583,0.000483173,0.000161058,1.485586861,2.843414199,0.052388566,1.535520847,0.271736697,7.25E-08,0.016203068,0.007416276,0.066725288,0.077179346,0.085371035,0.018346033,0.000111854,0.000383796
*C(C*)c1ccc(cc1)C(=O)Cc1ccccc1,1.103006997,15.33258422,13.04807627,6.21E-13,3169.686861,3062.406176,2.80E-10,3687811550,2.70E-10,3803957126,0.000323488,0.000107829,1.361101386,2.96458179,0.049937071,1.61352825,0.219547247,6.29E-08,0.004838469,0.002045828,0.051696963,0.069506758,0.061131517,0.029469836,0.000276378,0.000581497
*C(C*)c1ccc(cc1)C(=O)c1ccccc1,1.09827774,15.51570377,12.87069856,6.12E-13,3058.256174,2971.397141,3.01E-10,3373237093,2.92E-10,3469140424,0.000307169,0.00010239,1.429764907,3.091521468,0.046618313,1.631488464,0.216592432,6.45E-08,0.007818147,0.008951701,0.049379601,0.06183581,0.060953824,0.026800585,0.000138233,0.000714532
*C(C*)c1ccc(cc1)C(=O)c1ccc(cc1)C,1.067378891,15.14876652,10.70033691,5.54E-13,3105.836674,3052.590658,3.41E-10,2981004557,3.36E-10,3034873793,0.000244505,8.15E-05,1.413961732,3.041035621,0.041257906,1.620823287,0.242415832,7.32E-08,0.007033763,0.003921154,0.052748967,0.075090054,0.066765542,0.035684816,0.000200656,0.00097088
*C(C*)c1ccc(cc1)F,1.087380654,16.33327108,11.78238386,9.29E-13,2908.635479,2851.169765,4.85E-10,2068854998,4.75E-10,2110666990,0.000315025,0.000105008,1.112920481,2.45081805,0.037985889,1.52901129,0.163887726,5.18E-08,0.004122665,0.001863245,0.041024022,0.045326821,0.049282711,0.02098207,0.000125872,0.001160321
*C(C*)c1ccc(cc1)I,1.7178258,17.87087737,16.12243277,5.87E-13,1579.107875,1547.145235,5.04E-10,2007753852,4.94E-10,2049612209,0.000291524,9.72E-05,1.084027448,2.613714048,0.03705182,1.590476892,0.097198673,3.58E-08,0.003721347,0.005605138,0.031371253,0.023287494,0.02546499,0.00777091,6.87E-06,-2.93E-05
*C(C*)c1ccc(cc1)N(C)C,1.01782468,13.8215352,8.05716972,6.60E-13,3539.94619,3419.044367,3.72E-10,2736501356,3.59E-10,2833184804,0.000384943,0.000128314,1.101359417,2.654586893,0.032197116,1.597872385,0.270531824,7.50E-08,0.013822577,0.019308687,0.075720817,0.061937284,0.076751449,0.022590967,0.000196333,0.000203711
*C(C*)c1ccc(cc1)OC,1.042086594,15.63545147,14.20178743,4.73E-13,3275.472921,3195.721114,3.85E-10,2607218330,3.75E-10,2671776899,0.000324763,0.000108254,1.532745262,2.974605632,0.023984644,1.562641786,0.215501326,6.32E-08,0.007236863,0.005627114,0.053249074,0.064391171,0.060338467,0.023327616,0.000134609,0.001196412
*C(C*)c1ccc(cc1)OCC,1.016879034,14.46497808,10.42197477,4.00E-13,3475.003339,3356.834093,4.27E-10,2368205562,4.12E-10,2449470526,0.000412199,0.0001374,1.603952291,3.003548137,0.04333642,1.549059565,0.242464965,6.87E-08,0.014309815,0.002259514,0.064688617,0.066476439,0.070929134,0.023170479,0.000129379,0.000501587
*C(C*)c1ccc(cc1)OCCC,0.991729585,14.44443348,10.46692693,1.14E-12,3602.091447,3428.158425,5.13E-10,2037805646,4.85E-10,2127610144,0.00052795,0.000175983,1.352244161,2.724825591,0.043801853,1.540317076,0.243869844,6.85E-08,0.017278765,0.015331267,0.074992003,0.042048979,0.074434841,0.019680277,4.64E-05,5.73E-05
*C(C*)c1ccc(cc1)OCCCC,0.984185099,13.6870881,8.827839633,7.30E-13,3758.506945,3536.284434,5.39E-10,1928174529,5.06E-10,2042060201,0.000619562,0.000206521,1.313609077,2.685260528,0.037629713,1.540014448,0.246692673,6.67E-08,0.007069443,0.002451446,0.05425067,0.079110644,0.084795815,0.01801257,0.00013177,0.000870315
*C(C*)c1ccc(cc1)OCCC(C)C,0.976437278,15.22506355,14.43394161,8.57E-13,3696.091273,3557.222407,4.02E-10,2521820952,3.86E-10,2618825230,0.000425991,0.000141997,1.287998411,2.641129777,0.051521455,1.533991844,0.282457207,7.83E-08,0.020283141,-0.007539298,0.078607881,0.069619116,0.094291418,0.02641881,7.26E-05,0.000703522
*C(C*)c1ccc(cc1)Oc1ccccc1,1.10105886,15.76562328,14.88055087,9.50E-13,3026.416502,2941.425689,3.43E-10,2964814987,3.34E-10,3052259642,0.00032081,0.000106937,1.167571215,2.815945989,0.044494533,1.627379089,0.221253857,6.64E-08,0.009183106,0.003917581,0.055824108,0.057686504,0.062999739,0.030249449,0.000306222,0.001087148
*C(C*)c1ccc(cc1)c1ccc(cc1)c1ccccc1,1.054606035,14.4176585,9.702033192,7.63E-13,3131.460362,3066.410154,3.83E-10,2658208965,3.76E-10,2716036146,0.000289649,9.65E-05,1.032759424,2.910005507,0.063854262,1.696236306,0.239465602,7.25E-08,0.006471259,0.012496145,0.053235922,0.069642184,0.052476791,0.044427426,0.000447481,0.000268394
*C(C*)c1ccc(cc1)S(=O)(=O)OCCC,1.166750668,13.6160521,8.121980404,4.97E-13,2913.770066,2806.381714,3.68E-10,2818794187,3.54E-10,2920282320,0.000390389,0.00013013,1.584506228,2.88016155,0.039620485,1.515136043,0.209057278,6.15E-08,0.008738479,0.005253045,0.054200145,0.054091938,0.068582668,0.017758026,0.000152476,0.000280501
*C(C*)c1c(cccc1Cl)Cl,1.262465174,17.85712517,17.03009175,1.24E-12,2211.203437,2145.464768,5.21E-10,1940815944,5.05E-10,1997451620,0.000358696,0.000119565,1.060749525,2.501320449,0.033717194,1.562200336,0.113806933,4.08E-08,0.003529109,0.0062114,0.032524159,0.033279954,0.029459857,0.008659203,0.000110149,3.31E-05
*C(C*)c1c(cc(cc1)C)C,0.940383427,15.60991223,13.14057618,4.09E-13,3492.04605,3403.528103,4.50E-10,2261298512,4.38E-10,2318375584,0.000348031,0.00011601,1.032878567,2.413794119,0.041377261,1.543009001,0.214891697,6.54E-08,0.016280624,-0.006783785,0.058378311,0.054765384,0.071518756,0.019643836,0.000302386,0.000786184
*C(C*)c1c(cc(cc1)C(C)C)C(C)C,0.871064672,13.04227706,8.738508804,5.80E-13,3743.22618,3678.040417,5.33E-10,1890004465,5.24E-10,1923147576,0.000316931,0.000105644,1.036635153,2.255177618,0.053008812,1.489474578,0.215437297,6.61E-08,0.007174384,-0.015411732,0.035083993,0.09865253,0.076849347,0.012672975,0.000197612,0.000218188
*C(C*)c1c(cc(cc1)F)C,1.058654554,16.31655338,14.46839198,1.92E-13,3080.248365,3031.09432,4.36E-10,2311722688,4.29E-10,2348362233,0.000273085,9.10E-05,1.100096411,2.41264353,0.036276581,1.520703472,0.167659758,5.15E-08,0.009293729,-0.003222643,0.050565542,0.041984281,0.052268108,0.01589275,0.000118256,0.000759736
*C(C*)c1c(cc(cc1)Cl)C,1.101968119,17.46065108,15.71065286,4.29E-13,2719.939263,2660.563972,4.74E-10,2158707941,4.64E-10,2205553142,0.00032062,0.000106873,1.138775943,2.570522863,0.038945352,1.559401404,0.163669069,5.46E-08,0.007711339,0.004464536,0.053427722,0.038363967,0.04711118,0.01229819,0.000191062,0.000101074
*C(C*)c1c(cc(cc1)Cl)Cl,1.253540775,17.652336,17.97845758,6.54E-13,2132.59294,2073.135684,5.53E-10,1839064324,5.37E-10,1890163937,0.00035981,0.000119937,1.084127877,2.540096194,0.036360068,1.567133826,0.107893694,4.03E-08,0.004264219,0.010522769,0.040632864,0.016005593,0.027518927,0.008831976,0.000108084,9.26E-06
*C(C*)c1c(ccc(c1)C)C,0.925112294,14.82832636,11.89408471,6.85E-13,3524.353879,3422.378569,5.24E-10,1982918504,5.08E-10,2037041249,0.000387506,0.000129169,1.032133518,2.38181416,0.041011248,1.532862311,0.194019925,5.96E-08,0.012770618,0.010364836,0.062725987,0.037961881,0.052811304,0.016654608,0.000353315,0.000377377
*C(C*)c1c(ccc(c1)C(C)(C)C)C,0.896333211,14.03656517,10.18890607,7.44E-13,3729.167385,3663.596517,4.93E-10,2087895041,4.85E-10,2126206322,0.000304022,0.000101341,1.031343203,2.304727934,0.047920635,1.507772826,0.211943136,6.34E-08,0.014465573,0.003396215,0.073486029,0.045438552,0.061045256,0.013024631,0.000240312,0.000846568
*C(C*)c1c(ccc(c1)C(C)C)C(C)C,0.870067341,12.58652312,9.164760683,1.51E-13,3748.268404,3689.484472,5.22E-10,1960816350,5.15E-10,1993636751,0.000287903,9.60E-05,1.030420213,2.253397544,0.049036655,1.490946565,0.190254382,5.83E-08,0.010613646,0.010425335,0.065217925,0.037380223,0.059711207,0.006660465,0.000141675,0.000103906
*C(C*)c1c(ccc(c1)Cl)Cl,1.246008309,17.28669095,15.70760302,5.14E-13,2071.881797,2035.503348,5.06E-10,2017112472,4.97E-10,2051155029,0.000264194,8.81E-05,1.026402838,2.466739437,0.05485083,1.562133092,0.112111131,4.35E-08,0.002230552,0.001524547,0.033974695,0.032635572,0.033291627,0.008251723,0.000110055,9.24E-05
*C(C*)c1c(ccc(c1)F)F,1.182523433,18.14554033,19.11076868,9.10E-13,2705.546333,2626.723273,5.82E-10,1763680554,5.64E-10,1813465228,0.000391901,0.000130634,1.045138952,2.28356761,0.037201357,1.496134816,0.146382976,4.59E-08,0.004439915,0.005881653,0.041432716,0.040967081,0.042042277,0.010820814,0.000104836,0.000693685
*C(C*)c1c(ccc(c1)C)F,1.053218614,17.5614621,18.19477088,6.58E-13,3030.360266,2965.013502,4.35E-10,2341931163,4.26E-10,2391796866,0.000307654,0.000102551,1.095860839,2.418182053,0.034982926,1.523908365,0.195322638,6.12E-08,0.008777629,0.005283243,0.055403772,0.048123374,0.055857903,0.020981674,0.000279548,0.000615494
*C(C*)c1c(ccc(c1)Br)OCCCC,1.2582648,14.88363327,11.74862052,9.69E-13,2579.873926,2461.158063,6.30E-10,1653225026,5.99E-10,1726619003,0.000550274,0.000183425,1.130733691,2.488257122,0.06217078,1.53541482,0.15926394,4.91E-08,0.010697162,0.007383657,0.04664974,0.033974949,0.052307594,0.008121079,0.000125549,4.21E-06
*C(C*)c1c(ccc(c1)Br)OCC,1.33930596,16.35792784,15.12796734,5.95E-13,2227.399524,2174.337773,5.17E-10,2020473434,5.04E-10,2067177094,0.000348076,0.000116025,1.190727471,2.58332191,0.044248113,1.546794599,0.139419841,4.68E-08,0.006187849,0.000920046,0.040052372,0.040510362,0.044039481,0.007373954,7.51E-05,0.000260722
*C(C*)c1c(ccc(c1)Br)OC,1.378340664,14.96406325,12.32365091,4.91E-13,2112.922368,2068.886239,5.67E-10,1907947001,5.52E-10,1940386251,0.000315199,0.000105066,1.180999381,2.568525939,0.052435344,1.545112955,0.128686133,4.42E-08,0.002088347,-0.0095638,0.019762685,0.062201982,0.042727985,0.011091529,0.000111391,0.000266013
*C(C*)c1c(ccc(c1)Br)OCCC,1.280338839,14.99578566,11.62232865,6.00E-13,2408.469608,2319.420773,6.37E-10,1639093894,6.11E-10,1695771143,0.000481903,0.000160634,1.110133274,2.456954218,0.05719758,1.531920058,0.138151779,4.48E-08,0.00618918,0.006967897,0.044193747,0.034768413,0.03942711,0.00632393,9.52E-05,0.000186345
*C(C*)c1c(ccc(c1)Br)OC(C)C,1.258870669,15.70495361,13.05539081,4.62E-13,2380.222784,2334.584248,5.54E-10,1816460004,5.44E-10,1851400882,0.000322624,0.000107541,1.125888154,2.438458865,0.039996094,1.520695343,0.144697579,4.83E-08,0.007895586,-0.006628284,0.040010413,0.045899908,0.048333844,0.008817709,0.000159652,0.000208752
*C(C*)c1c(ccc(c1)Br)OCCCCC,1.225241179,13.86362583,10.02368814,1.03E-12,2734.527278,2621.131028,8.29E-10,1413767707,7.93E-10,1470129639,0.000601316,0.000200439,1.115138377,2.452883663,0.063857662,1.528952427,0.161556934,4.82E-08,0.00510213,-0.002868001,0.039166198,0.056378727,0.052245939,0.011301852,9.12E-05,0.000138879
*C(C*)c1c(ccc(c1)Br)OCCC(C)C,1.226506408,14.27154344,11.51204252,6.48E-13,2638.245718,2594.849689,4.79E-10,2094204024,4.71E-10,2129223411,0.000290529,9.68E-05,1.124027306,2.457155031,0.045560026,1.527452216,0.156760429,4.84E-08,0.005341729,0.004785337,0.053025481,0.037103339,0.049943679,0.006162265,7.35E-05,0.00032507
*C(C*)c1cc(cc(c1)C)C,0.939037292,15.27342415,11.56867872,3.10E-13,3433.998615,3343.350229,4.05E-10,2509661261,3.94E-10,2575967072,0.000336918,0.000112306,1.036754601,2.429341786,0.04532659,1.546793451,0.239838224,7.44E-08,0.008672818,-0.005149852,0.051620548,0.082541116,0.077857633,0.022422751,0.000570457,0.001302753
*C(C*)c1cc(c(cc1)C)C,0.935056733,14.95857824,10.74626296,4.79E-13,3471.789498,3395.501024,4.57E-10,2207074010,4.47E-10,2257938835,0.000320275,0.000106758,1.031279833,2.408632161,0.036127086,1.541858701,0.222441085,6.86E-08,0.010888156,0.006674691,0.059927857,0.060620865,0.062592108,0.021015888,0.000165544,0.000555975
*C(C*)c1cc(c(cc1)Cl)C,1.086153317,16.22218089,13.65136423,9.26E-13,2741.58797,2654.960848,6.74E-10,1688734778,6.46E-10,1731953172,0.000437567,0.000145856,1.099691969,2.504045572,0.040921514,1.550564986,0.152412214,5.12E-08,0.005304097,0.000642031,0.040823173,0.048926691,0.041248242,0.015148456,0.000151057,0.000168466
*C(C*)c1cc(c(cc1)Cl)Cl,1.257069501,17.14756488,15.3501559,6.26E-13,2244.680131,2105.602181,7.11E-10,1800372609,6.45E-10,1865227472,0.000597382,0.000199127,1.185705943,2.647867913,0.03209765,1.569086553,0.108557769,3.86E-08,0.003790268,0.007550184,0.040699606,0.01941324,0.028129097,0.008698415,9.93E-05,0.000177614
*C(C*)c1cc(c(cc1)Cl)F,1.218843924,17.76790396,16.50993763,5.66E-13,2380.985154,2299.688417,5.27E-10,1944664031,5.07E-10,2006299830,0.000398875,0.000132958,1.234890527,2.599611067,0.030469991,1.537757143,0.121296834,4.18E-08,0.002441975,-0.002384235,0.024893327,0.048060819,0.035228292,0.012557542,9.81E-05,0.000401032
*C(C*)c1c(cc(cc1C)C)C,0.93086765,14.89515923,11.49422967,4.03E-13,3646.903615,3571.129358,4.31E-10,2347840192,4.22E-10,2395944402,0.000311094,0.000103698,1.0402382,2.399820761,0.035946896,1.53606914,0.232927166,6.86E-08,0.016824191,-0.020796564,0.075288977,0.051778849,0.083181167,0.024291338,0.000504333,0.001854876
*C(C*)c1c(cc(c(c1)C)C)C,0.929446641,15.99010021,16.37810904,2.81E-13,3549.544348,3487.248084,4.02E-10,2499239492,3.95E-10,2543778784,0.000275825,9.19E-05,1.031375261,2.395774459,0.042116193,1.537657473,0.249066929,7.54E-08,0.015169376,0.013239692,0.087849244,0.039532113,0.073197825,0.019347413,0.000268497,0.000462769
*C(C*)c1c(c(c(c(c1F)F)F)F)F,1.449526713,18.32610812,18.18908762,2.53E-13,1979.257527,1943.865239,4.37E-10,2301288934,4.30E-10,2343322767,0.000272513,9.08E-05,1.156353567,2.221391013,0.027892789,1.437017022,0.111121575,3.87E-08,0.002788414,0.000146176,0.033485325,0.03235738,0.030623018,0.011661664,3.86E-05,2.10E-05
*C(C*)(c1ccccc1)C,0.964538381,15.83927126,13.10461032,4.89E-13,3464.598351,3448.190156,4.04E-10,2490241595,4.02E-10,2502081099,0.000140468,4.68E-05,1.032211438,2.445730273,0.049411823,1.553540085,0.20669134,6.18E-08,0.009803447,0.009000071,0.061190201,0.052283359,0.054787151,0.019538297,0.000158909,-7.01E-05
*C(C*)(c1ccc(cc1)C(C)C)C,0.902118305,13.60534967,9.348916314,4.52E-13,3815.679,3711.921785,4.86E-10,2068502851,4.73E-10,2125908181,0.000385216,0.000128405,1.040112437,2.341748495,0.049680702,1.517086687,0.22250314,6.47E-08,0.012199008,0.007231758,0.067730435,0.059405405,0.060258849,0.015370489,0.000232436,7.48E-05
*C(C(*)(F)F)(c1ccccc1)F,1.27745434,21.93793635,28.89528546,5.54E-13,2399.438226,2347.304555,5.42E-10,2018912018,5.26E-10,2050548225,0.000319593,0.000106531,1.157378644,2.331707459,0.040359372,1.474554484,0.209551814,6.87E-08,0.007129401,0.009566945,0.060719504,0.057465926,0.059199534,0.015501434,0.000181102,-0.000212033
*C(C(*)(F)F)(c1c(c(c(c(c1F)F)F)F)F)F,1.609094369,19.42856309,20.09190754,5.12E-13,1688.512371,1655.100252,6.38E-10,1635672814,6.24E-10,1664539427,0.000328459,0.000109486,1.050721388,1.95540429,0.034712015,1.380101515,0.109340544,4.03E-08,0.002591887,0.002983689,0.036149557,0.031707026,0.025366476,0.010437255,4.56E-05,5.90E-05
*C(C*)c1c2c(ccc1)cccc2,1.049065386,14.18291496,10.42634993,6.40E-13,3117.857888,3072.546839,4.41E-10,2306736046,4.35E-10,2340495452,0.00026309,8.77E-05,1.03742571,2.724933487,0.056264079,1.639321769,0.183531473,5.61E-08,0.005577242,0.007871024,0.046300856,0.049083524,0.039886546,0.0339153,0.000236424,0.000660558
*C(C*)c1ccc(cc1)C(=O)C,1.057706787,15.84904944,12.61819171,7.94E-13,3269.89771,3099.004481,4.61E-10,2511918803,4.31E-10,2621017932,0.000522976,0.000174325,2.64544266,4.127159658,0.035817569,1.575345783,0.237084593,6.86E-08,0.015567278,0.007984354,0.070909984,0.05456528,0.066319955,0.020875666,1.12E-05,0.000850859
*C(C*)c1ccc(cc1)C(=O)CCN1CCOCC1,1.102048959,12.87883778,7.642355715,4.73E-13,3294.897267,3194.333996,2.75E-10,3752203662,2.66E-10,3856765277,0.000303604,0.000101201,1.322977272,2.718339346,0.055837055,1.547686384,0.241083815,6.65E-08,0.010341619,0.019446019,0.072769328,0.051255369,0.07257275,0.014548039,6.19E-05,8.87E-05
*C(C*)(C(=O)OC)c1ccccc1,1.055775059,14.70127924,9.821213335,3.21E-13,3038.937627,3005.1521,4.64E-10,2290206484,4.59E-10,2317588492,0.000195692,6.52E-05,1.14780433,2.410798624,0.046212848,1.504311365,0.174256665,5.43E-08,0.006111368,0.006114896,0.056621951,0.043389732,0.044309539,0.017682271,0.000193003,-0.000166096
*C(C*)(c1ccc(cc1)C)C,0.92469499,15.02291633,10.86013319,4.89E-13,3465.731501,3421.032377,4.75E-10,2170174729,4.68E-10,2197781632,0.000249345,8.31E-05,1.031902721,2.382410656,0.046444399,1.533127121,0.206248478,6.44E-08,0.010498439,0.009131449,0.070200043,0.038875556,0.057253041,0.019973441,7.50E-05,0.000241541
*C(C(*)c1ccccc1)[N+](=O)[O-],1.094086295,19.60423193,22.31609259,9.64E-13,2791.647421,2759.464748,1.07E-09,1503036154,1.06E-09,1523855226,0.000109667,3.66E-05,1.468733288,2.703552779,0.043101372,1.494894075,0.16724356,5.50E-08,0.004772204,0.00248747,0.040544891,0.059680322,0.040488313,0.018456581,0.000183611,0.000630167
*C(C*)c1ccc(cc1)C(=O)C(F)(F)F,1.2814039,15.73949089,13.30747957,5.65E-13,2538.77887,2437.356886,4.61E-10,2256359674,4.41E-10,2342071712,0.000430118,0.000143373,1.395057786,2.666346436,0.038623492,1.507076461,0.154440392,4.76E-08,0.001192749,-0.007354861,0.024573418,0.06868891,0.052807523,0.012823122,0.000918029,0.000791501
*C(C*)c1ccc(cc1)C(=O)c1ccc(cc1)OC,1.111089836,14.43571805,9.560088392,3.98E-13,3028.140726,2955.016987,3.20E-10,3184711112,3.12E-10,3261816266,0.000292297,9.74E-05,1.499824306,3.14170186,0.052014369,1.625381923,0.245710563,7.30E-08,0.01171858,0.014989982,0.069403752,0.048287313,0.068149535,0.032496372,6.86E-06,0.000658167
*C(C*)c1cc2c(cc1)cccc2,1.048762388,14.67146471,11.82396246,4.41E-13,3154.4699,3098.397108,4.37E-10,2338400628,4.29E-10,2379417550,0.000284786,9.49E-05,1.038362227,2.777459522,0.044000294,1.655021425,0.189317179,5.73E-08,0.007244498,0.004881355,0.04533674,0.047226551,0.04879869,0.035173954,0.000318821,0.000336571
*C(C*)c1ccncc1,1.064890411,17.18242977,17.27062403,5.85E-13,3213.165825,3159.956855,3.15E-10,3191263594,3.10E-10,3244768604,0.000236119,7.87E-05,1.18838477,2.67179168,0.034984297,1.575878627,0.194624132,5.69E-08,0.009493134,-0.004448687,0.060809207,0.050297512,0.057039426,0.019879993,0.000111526,0.001442021
*C(C*)c1nc(ccc1)C,1.014862727,16.28393288,14.09358492,3.89E-13,3307.303413,3211.694389,3.96E-10,2580374055,3.84E-10,2653946495,0.000356359,0.000118786,1.151469913,2.577277368,0.031496673,1.557498019,0.231875326,6.91E-08,0.016113196,-0.015866068,0.071728115,0.053686792,0.082714877,0.020735952,0.000176403,0.002586057
*C(C*)c1ccc(nc1)C,1.004278135,15.40150501,11.3699504,4.40E-13,3269.804187,3187.058324,4.57E-10,2233380331,4.45E-10,2288412140,0.000353058,0.000117686,1.167972529,2.576959151,0.031802731,1.552084602,0.216347814,6.59E-08,0.009200902,-0.01532704,0.051371924,0.073410242,0.07295943,0.023924476,0.000156401,0.000651479
*C(C*)N1Nc2c(C1)cccc2,1.114969607,15.0667824,12.73884654,4.69E-13,3215.814955,3191.982222,3.34E-10,3081853228,3.32E-10,3107869748,0.000148688,4.96E-05,1.104752638,2.646501909,0.048007634,1.594262643,0.210041586,5.87E-08,0.003435249,0.005446907,0.0458186,0.060724494,0.067000077,0.026744323,0.000280689,0.000591247
*C(C(C(C*)c1ncccc1)c1ccccc1)c1ncccc1,1.02787783,18.07137037,18.74368537,2.54E-13,3033.43201,2984.419876,4.53E-10,2272399729,4.46E-10,2309751117,0.000265173,8.84E-05,1.16343221,2.581251107,0.051068256,1.554926963,0.19889562,6.38E-08,0.003503341,0.003106985,0.044128348,0.068994979,0.047965805,0.0306977,0.000239568,0.000258894
*C(C*)c1ccc(cc1)O,1.107283443,15.68301969,12.56169857,3.41E-13,3210.901369,3171.7508,2.63E-10,3895793571,2.60E-10,3941408328,0.000183838,6.13E-05,2.021510002,3.553901986,0.038432842,1.59134482,0.28470777,8.03E-08,0.014639339,-0.002376103,0.09570942,0.051244949,0.089856032,0.032980868,0.000120685,0.00253258
*C(C*)c1ccc(cc1)OC(=O)C,1.100534398,15.99693728,13.72957444,4.69E-13,3112.053896,3012.393094,3.76E-10,2672856492,3.64E-10,2761757583,0.000362464,0.000120821,2.178249722,3.565189982,0.035664176,1.544970093,0.259585297,7.58E-08,0.016010039,-0.028296285,0.073617128,0.079335201,0.093030813,0.022202824,0.000212647,0.003472928
*C(C*)c1ccc(cc1)CCC,0.941423608,15.2545153,11.91556022,5.96E-13,3783.903753,3612.343751,4.86E-10,2075412112,4.64E-10,2172780728,0.000510054,0.000170018,1.024170909,2.395348279,0.043606708,1.539860743,0.242985282,6.82E-08,0.012874468,0.004032174,0.059433434,0.066718915,0.07636003,0.023137117,0.000251003,0.000178141
*C(C*)c1ccc(cc1)COCCCCCCOc1ccc(cc1)c1ccc(cc1)OC,1.071230538,14.62967103,5.558062175,8.01E-13,3360.678931,3272.593987,2.85E-10,3529662211,2.78E-10,3624181294,0.000297189,9.91E-05,2.557379054,4.138307676,0.069129575,1.606525202,0.265685462,7.39E-08,0.012280402,0.004140604,0.057084829,0.076730302,0.084307953,0.03040011,0.000338867,0.000402395
*C(C*)c1ccc(cc1)COCC(CCCC)CC,0.944495503,13.7006927,9.498304677,1.52E-12,4053.800034,3788.137434,4.02E-10,2505009922,3.75E-10,2676935442,0.000572595,0.000190865,1.224233931,2.461433731,0.054572996,1.495726201,0.26087891,6.83E-08,0.013097818,0.009830182,0.061110044,0.070029187,0.088157179,0.018210898,0.000154504,0.000289098
*C(C*)c1ccc(cc1)COCCOCCCCCCCC,0.973660818,13.18092867,6.511579481,1.94E-12,4261.25295,3883.887249,4.91E-10,2066533608,4.47E-10,2262887067,0.000773096,0.000257699,1.590282985,2.861142454,0.055343441,1.506935168,0.266343252,6.44E-08,0.013477909,-0.000397836,0.058778658,0.083929589,0.093194385,0.017016633,0.000217289,0.000126624
*C(C*)c1ccc(cc1)C(C(C(C(C(C(F)F)(F)F)(F)F)(F)F)(F)F)(F)F,1.523217009,14.20619583,9.364178347,7.35E-13,2182.657717,2040.75331,5.52E-10,1927784948,5.12E-10,2044833069,0.000606329,0.00020211,1.585490014,2.530894818,0.044548208,1.394770034,0.115569094,3.50E-08,0.000825969,0.000486421,0.029119981,0.041905797,0.036392285,0.006538867,0.000108952,0.000190822
*C(CC(C*)c1ccccc1)(C(=O)OC)C#N,1.072601323,18.44891447,17.24565362,4.30E-13,3121.950807,3032.518881,3.54E-10,2870086836,3.44E-10,2956181287,0.000327716,0.000109239,1.34776651,2.601088752,0.042602933,1.501105912,0.199800698,5.97E-08,0.009115111,0.011606059,0.060946184,0.042256913,0.060779757,0.013790223,0.000147615,0.001158835
*C(C*)c1cc(c(cc1)C(=O)O)C(=O)O,1.289327097,15.12149692,10.84637534,1.03E-13,2628.501181,2610.651088,1.54E-10,6533348457,1.53E-10,6578508188,0.000102406,3.41E-05,1.727191225,3.215378982,0.040131349,1.577369784,0.3080457,9.16E-08,0.012382006,-0.032430589,0.096722425,0.09589516,0.106197048,0.025873666,0.000214064,0.003191919
*C(C(*)(c1c(c(c(c(c1[2H])[2H])[2H])[2H])[2H])[2H])([2H])[2H],1.071664337,16.63884808,15.05510843,7.11E-13,3784.536188,3656.975561,7.12E-10,2067982470,6.70E-10,2112301377,0.000565855,0.000188618,1.031741492,2.520296328,0.02370963,1.577514954,0.198937871,4.91E-08,0.006604153,0.008887157,0.050799999,0.052013049,0.056423701,0.024204835,0.000282274,-0.000277298
*C(C*)O,1.174363926,22.62690287,26.49607414,2.80E-13,4120.919335,3982.346055,1.74E-10,5935855516,1.68E-10,6108361464,-7.79E-05,-2.60E-05,2.730848388,4.113752811,0.042884821,1.543663888,0.438737902,9.26E-08,0.029234599,-0.051051591,0.153415721,0.117396072,0.173312796,0.006105131,0,0.010325174
*C(C*)C=O,1.136267031,20.20302995,23.99064342,3.27E-13,3305.645558,3211.594391,1.82E-10,5515093707,1.77E-10,5677306024,0.000246052,8.20E-05,4.50747448,5.83568205,0.029426377,1.525845637,0.267165471,7.12E-08,0.013972204,0.014247543,0.083695825,0.062298379,0.085365391,0.00302482,0.003633742,0.000927568
*C(C*)OC(=O)CCCCCCCCCCC,0.921917489,13.68118811,9.121927154,1.50E-12,4156.373436,3938.618427,3.87E-10,2583153362,3.67E-10,2725721544,0.000507698,0.000169233,1.12159538,2.235052412,0.067909654,1.453773283,0.282501246,7.38E-08,0.019003068,-0.000926083,0.068466168,0.080955702,0.107800608,0.007278736,0,-7.70E-05
*C(C*)C(=O)C,1.032572569,17.5990458,14.56610356,2.70E-13,3349.52581,3237.955401,2.55E-10,3934269766,2.47E-10,4070038886,0.000312264,0.000104088,2.064827818,3.267243174,0.026088478,1.484053087,0.26561373,7.68E-08,0.015890122,-0.004116612,0.082994038,0.065798959,0.1031186,0.001434574,0,0.000494048
*C(C*)C(=O)C(C)C,0.945283927,16.03569779,15.26053502,6.53E-13,3862.427978,3724.654178,3.90E-10,2571025344,3.76E-10,2665897667,0.000409655,0.000136552,1.457763408,2.574641831,0.032239077,1.454949363,0.225007493,6.17E-08,0.008979473,0.003433743,0.065435104,0.060890853,0.082921049,0.003126384,0,0.000220887
*C(C*)(C(=O)C)C,0.974159692,17.60265515,18.61831028,5.01E-13,3734.477918,3691.638986,3.51E-10,2868288689,3.48E-10,2903525424,0.000105134,3.50E-05,1.342866076,2.48444018,0.04203248,1.463408798,0.212146266,5.84E-08,0.014226969,0.008423478,0.081935786,0.038417031,0.066647246,0.001966354,0,0.000529401
*C(C*)C#N,1.046677705,22.05978238,25.65057093,1.32E-13,2943.306276,2910.554507,1.69E-10,5912139120,1.67E-10,5979370254,0.000136499,4.55E-05,1.714172895,2.972339387,0.022521457,1.502718298,0.227307045,7.39E-08,0.007684491,0.004174868,0.068577573,0.05904865,0.085868078,0.00119394,0,0.000759446
*C(C*)(C#N)C,0.991092314,18.80339914,20.39786012,1.58E-13,3170.710495,3143.183803,1.88E-10,5333238048,1.86E-10,5380258781,0.000129157,4.31E-05,1.340930642,2.556528992,0.029488057,1.488487346,0.201063991,6.40E-08,0.009496803,-2.26E-05,0.074966039,0.046812416,0.068359544,0.0010768,0,0.000374989
*C(C*)c1ncccc1,1.057501881,16.65397935,16.43909592,3.86E-13,3171.368262,3096.14254,3.67E-10,2767351732,3.58E-10,2831613696,0.000308762,0.000102921,1.196868613,2.679200629,0.036082161,1.575539656,0.184406433,5.50E-08,0.004642279,0.004029307,0.056399375,0.049508433,0.050660815,0.01710799,0.000256423,0.001801811
*C(C*)n1c2ccccc2c2ccccc12,1.099857312,14.36962838,13.11269804,3.83E-13,2982.501728,2951.21141,4.43E-10,2308110111,4.39E-10,2333802186,0.000217436,7.25E-05,1.057575595,2.845054653,0.039345299,1.669537395,0.178401902,5.44E-08,0.005662057,0.010950985,0.050227925,0.042908183,0.038180661,0.03014704,0.000299322,2.57E-05
*C(C*)OC,1.019931061,18.97376891,20.71339389,3.59E-13,3624.652005,3509.392328,3.21E-10,3130844090,3.11E-10,3233496230,0.000353949,0.000117983,1.383889161,2.602113083,0.025522862,1.489369975,0.262373678,7.10E-08,0.0181714,0.000691684,0.073376151,0.058184152,0.104733784,0.007045065,0,0.000171442
*C(C*)OCC,0.958386277,16.69047064,15.45752595,1.15E-12,3978.472984,3794.548955,4.43E-10,2259194628,4.23E-10,2369235285,0.000506183,0.000168728,1.273879739,2.426119064,0.034385761,1.467050612,0.24221035,6.37E-08,0.013102027,-0.005244693,0.066313151,0.063639086,0.097475779,0.006291217,0,0.000633784
*C(C*)OC(=O)C,1.1098647,18.26683455,16.83736065,7.86E-13,3242.274153,3124.885711,3.64E-10,2792032956,3.50E-10,2894141783,0.000384755,0.000128252,1.594787998,2.703880231,0.023109889,1.45227121,0.258656205,7.20E-08,0.019356896,-0.044092188,0.086583587,0.083321854,0.100497586,0.007824251,0,0.005164219
*C(C*)OC(=O)CC,1.060167238,17.21456789,16.02111227,6.24E-13,3402.187541,3216.079611,4.24E-10,2369834163,4.01E-10,2505451249,0.000525693,0.000175231,1.467759,2.577765779,0.030685304,1.452583281,0.254353251,7.05E-08,0.016763432,-0.011033648,0.079527545,0.066309408,0.090621951,0.009484616,0,0.002679947
*C(C*)OC(=O)c1ccccc1,1.143985301,14.93647903,11.34921184,8.64E-13,2965.266643,2870.360085,3.81E-10,2736529599,3.69E-10,2824496081,0.00035637,0.00011879,1.262986847,2.699563163,0.031743556,1.560940796,0.186373384,5.50E-08,0.005222378,0.004646896,0.046456867,0.05690009,0.049174139,0.023301734,0.000222073,0.000449206
*C(C*)CCCCCCCCCO,0.905412097,13.61667777,9.489884155,5.12E-13,4288.720157,4182.485237,2.90E-10,3449573905,2.83E-10,3537877556,0.000304057,0.000101352,1.70986981,2.878186383,0.067421084,1.472520369,0.330609059,8.51E-08,0.02215614,0.004568191,0.101745911,0.091575283,0.10493002,0.003356712,0,0.002276802
*C(C*)CCN(C(C)C)C(C)C,0.876082092,13.69934446,11.18233612,1.26E-12,4524.501816,4323.862594,3.73E-10,2709482783,3.56E-10,2828708836,0.000458223,0.000152741,1.09401634,2.220242111,0.047476864,1.458157703,0.274221978,6.93E-08,0.01760089,-0.006393214,0.081277918,0.072045876,0.104431513,0.004492795,0,0.000766199
*C(C*)CCCN(C(C)C)C(C)C,0.873653205,13.13171976,9.263782875,1.47E-12,4726.282433,4422.785515,3.86E-10,2647940669,3.60E-10,2817474785,0.000573332,0.000191111,1.100924972,2.250540589,0.059341265,1.466156069,0.27772076,6.77E-08,0.018319411,-0.005201512,0.088824618,0.068277696,0.104170103,0.003019226,0,0.000311218
*C(C*)CCCN(CC(C)C)CC(C)C,0.860541573,12.87576857,9.191044076,8.78E-13,4534.653741,4340.527952,3.72E-10,2719797454,3.55E-10,2835946763,0.000448367,0.000149456,1.029423248,2.153310437,0.047783967,1.457355931,0.258228983,6.65E-08,0.014135397,-0.004078157,0.073476449,0.077237549,0.091824931,0.005126581,0,0.000506234
*C(C*)O[N+](=O)[O-],1.422526847,18.75947178,19.26604839,4.65E-13,2571.487856,2441.04178,2.29E-10,4461466878,2.17E-10,4676568699,0.000365574,0.000121858,2.430446783,3.656306311,0.02326664,1.491928834,0.243039162,6.69E-08,0.009102325,-0.026222492,0.089117454,0.067638061,0.093387387,0.005097037,0,0.004919391
*C=CC(C(*)C(=O)OC)C,1.029013519,21.30200679,28.23882361,4.46E-13,3310.882178,3201.281488,3.74E-10,2683456679,3.62E-10,2774143461,0.000371322,0.000123774,1.4564042,2.62760058,0.053631942,1.473496598,0.242911397,7.13E-08,0.014994529,0.001195755,0.060677865,0.067915019,0.077764765,0.019405346,0,0.000958117
*C#C/C(=C(*)\COS(=O)(=O)c1ccc(cc1)C)COS(=O)(=O)c1ccc(cc1)C,1.251976494,24.55560009,58.25220492,6.33E-13,2518.177081,2450.818747,2.74E-10,3692011689,2.67E-10,3789907666,0.000273251,9.11E-05,1.646989811,3.134455076,0.064277939,1.577163297,0.255175548,8.09E-08,0.006612492,-0.002625978,0.042984465,0.103420839,0.078365226,0.026094182,0.000121436,0.000202886
*C(C*)OC=O,1.251158166,18.97705133,19.21006901,2.68E-13,3062.024055,2949.106405,2.36E-10,4369687829,2.26E-10,4531299873,0.000329368,0.000109789,1.675776267,2.87673646,0.028401578,1.483562817,0.235150652,6.18E-08,0.014547177,-0.019190833,0.088728973,0.053758392,0.087647836,0.007176594,0.00040507,0.002077443
*C(C*)OCc1ccccc1,1.091059368,15.53483409,11.65098361,1.07E-12,3374.821588,3230.469275,3.29E-10,3073051193,3.15E-10,3206863673,0.000406633,0.000135544,1.155562907,2.64778404,0.036152827,1.578676075,0.205595119,5.59E-08,0.007693204,0.009605998,0.062673213,0.040485854,0.058795498,0.02615862,0.000259232,-7.65E-05
*C(C*)OC(C)(C)C,0.899334655,15.33751774,13.28677246,8.32E-13,3987.561404,3899.64825,4.14E-10,2428411908,4.05E-10,2484465122,0.000321575,0.000107192,1.100260875,2.192073502,0.028654548,1.446307533,0.226849329,6.33E-08,0.011312108,-0.004827597,0.078886016,0.055621405,0.081129526,0.002100934,0,0.002626936
*C(C(*)OCC(C)C)C,0.889659735,16.49508712,15.16770287,7.64E-13,4094.763194,3957.450236,4.99E-10,2050342135,4.82E-10,2120379015,0.000450095,0.000150032,1.096893974,2.196287165,0.037352494,1.448925258,0.222144713,6.10E-08,0.009924812,0.001506082,0.062972123,0.063559242,0.082892966,0.001198223,0,9.13E-05
*C(C*)OC(C)C,0.923613225,16.30206273,17.91780387,8.99E-13,4000.035966,3888.290398,4.22E-10,2391684571,4.10E-10,2462565091,0.00037006,0.000123353,1.196968851,2.323429794,0.034172263,1.458238285,0.241975026,6.55E-08,0.017286529,-0.021145357,0.076226566,0.066383307,0.09898189,0.003298926,0,0.000943165
*C(C*)(OC)C,0.955616256,17.1423939,16.45538551,7.75E-13,4069.135473,3971.839556,3.86E-10,2615501362,3.78E-10,2684076232,0.000285948,9.53E-05,1.109964294,2.254993836,0.038663547,1.464589925,0.207223659,5.35E-08,0.010311797,-0.002563677,0.075717596,0.048891967,0.070036162,0.004150127,0,0.000679686
*C(C*)OCC(C)(C)C,0.874620945,14.82511794,12.67630537,1.32E-12,4053.524859,3925.186697,5.01E-10,2002499220,4.85E-10,2067687629,0.000432493,0.000144164,1.127873237,2.202886947,0.028802227,1.440490298,0.218243316,6.16E-08,0.014594081,-0.008454049,0.063093291,0.061597749,0.082696769,0.003675011,0,0.001040464
*C(C*)OC(CC)C,0.905143445,16.05246852,15.13688429,8.76E-13,4077.378724,3916.486025,4.58E-10,2201283229,4.40E-10,2291851169,0.000468072,0.000156024,1.114861252,2.21274136,0.031846538,1.448405379,0.235279019,6.38E-08,0.012121562,0.003038824,0.068686835,0.059153137,0.087533353,0.00403064,0,0.000714669
*C(C*)OC(=O)C(F)(F)F,1.49183688,18.81227568,17.37788469,2.70E-13,2084.781486,2002.511051,3.76E-10,2659743215,3.62E-10,2769002039,0.000390907,0.000130302,1.388207051,2.280340228,0.028823509,1.375547255,0.160012719,5.15E-08,0.002106233,0.003732723,0.047527734,0.049907554,0.054056373,0.00051771,0.00067583,0.001488562
*/C=C/C(C*)OC,1.003981727,18.49301213,18.81035044,2.21E-12,3773.335051,3516.71088,4.21E-10,2410546717,3.92E-10,2579878372,0.000595968,0.000198656,1.795429485,3.096629919,0.030057549,1.516968391,0.250969245,6.64E-08,0.012901178,0.010192593,0.062161596,0.064941819,0.081459123,0.01849149,0,0.000821445
*C=CCC(CC*)(C(=O)OC)C,0.992758106,20.28117743,23.75390517,6.92E-13,3905.431798,3703.598245,3.46E-10,2903047283,3.28E-10,3067267317,0.000421782,0.000140594,1.321681729,2.468775978,0.039038081,1.465295636,0.249826128,6.45E-08,0.011077721,0.014350318,0.067407588,0.062067534,0.076475579,0.017086848,0,0.00136054
*C(C*)CCc1c(cccc1)C,0.978579324,14.63740659,11.21952974,6.45E-13,3709.026098,3607.841398,3.16E-10,3182333832,3.08E-10,3270435413,0.000319776,0.000106592,1.034186319,2.461585196,0.042178655,1.558009875,0.237337805,6.55E-08,0.009279525,0.005854379,0.062340252,0.068840161,0.068441555,0.022027986,0.000191383,0.000362564
*C(C*)CCc1ccc(cc1)C,0.970092286,14.3932565,11.20297448,9.26E-13,3648.246575,3530.985178,3.26E-10,3115947806,3.15E-10,3216830939,0.000349318,0.000116439,1.028798794,2.448011568,0.066833107,1.555379138,0.23781263,6.73E-08,0.011810454,0.002752427,0.064890332,0.059822932,0.074980341,0.02311125,9.17E-05,0.000353238
*C(C*)OCCCCCCCCCCCC,0.87615794,13.33649352,7.93094243,1.33E-12,4546.434876,4350.267371,4.00E-10,2503470824,3.82E-10,2616286261,0.000478218,0.000159406,1.092133253,2.220250209,0.079191591,1.458806311,0.325984117,8.18E-08,0.01342443,0.009554905,0.070581765,0.084586778,0.137401087,0.010326145,0,0.000109006
*C(C(*)OCCCC)C,0.905549579,16.33517728,16.64924853,8.24E-13,4187.522148,4000.524186,4.82E-10,2083611140,4.60E-10,2180469543,0.000520809,0.000173603,1.143595928,2.254125385,0.042823662,1.452764829,0.2476222,6.53E-08,0.015168044,0.006843413,0.074009551,0.061993182,0.086347043,0.003287283,0,-2.63E-05
*C(C(*)OC(C)(C)C)C,0.874167946,14.90660952,12.47316722,6.50E-13,3927.631215,3875.477059,4.70E-10,2242372017,4.64E-10,2272081329,0.000264415,8.81E-05,1.056644315,2.112266204,0.047772866,1.433741507,0.203928088,5.94E-08,0.017004782,-0.023117218,0.083422309,0.045702364,0.078178648,0.00163974,0,0.001097462
*C(C(*)OCC)C,0.920915603,16.68834663,15.38887212,9.15E-13,3968.150843,3854.190271,5.09E-10,1985876447,4.94E-10,2042780227,0.00041713,0.000139043,1.170195139,2.278373946,0.035215107,1.45195436,0.227848602,6.24E-08,0.016239324,0.006996726,0.073130403,0.053544269,0.075517293,0.002290567,0,0.00013002
*C(C(*)OC(C)C)C,0.882335598,18.99231057,22.88629521,7.66E-13,4005.967436,3930.079997,5.10E-10,1976632500,5.00E-10,2014281380,0.000334633,0.000111544,1.117457988,2.193257196,0.041902722,1.440760236,0.223844824,6.34E-08,0.01862339,-0.009139569,0.07931217,0.049664908,0.082800076,0.002458639,0,0.00012521
*C(C(*)OC)C,0.947492501,20.15695422,25.6719352,7.90E-13,3840.199472,3760.428707,4.31E-10,2332119388,4.22E-10,2381257492,0.000324377,0.000108126,1.222851444,2.358891627,0.040290963,1.461518095,0.217127213,5.98E-08,0.011233397,0.007601145,0.071275472,0.05685601,0.067076167,0.003189993,0,-0.000104971
*C(C(*)OCCC)C,0.906495665,17.00586889,16.22807315,6.69E-13,4073.630929,3882.794458,5.71E-10,1784065598,5.44E-10,1870303108,0.000571269,0.000190423,1.157110834,2.272428633,0.038200617,1.454412252,0.232191511,6.29E-08,0.011248247,0.005739843,0.065667602,0.063480289,0.083458675,0.00251934,0,7.75E-05
*C(C*)Cc1c(ccc(c1)C)C,0.944052893,14.42398838,11.57084652,9.15E-13,3718.637195,3600.508533,4.03E-10,2507105676,3.90E-10,2588427303,0.000385728,0.000128576,1.029260939,2.401100418,0.032274704,1.540076079,0.219339206,6.25E-08,0.014559452,0.005282258,0.073157225,0.046883053,0.065890674,0.012755981,0.000201509,0.000609053
*C(C*)Cc1cc(c(cc1)C)C,0.95241273,14.89435221,11.65249872,7.06E-13,3586.032924,3492.130226,3.56E-10,2817904927,3.47E-10,2893324105,0.000323958,0.000107986,1.031416559,2.429129362,0.043438668,1.548452009,0.220624848,6.46E-08,0.013738163,0.008844782,0.063513091,0.050803011,0.064489061,0.018542003,0.000241905,0.000452833
*C(C*)Cc1cc(cc(c1)C)C,0.95500293,14.29103936,11.29793156,1.08E-12,3721.314587,3536.019131,4.01E-10,2534902624,3.81E-10,2662557580,0.000471866,0.000157289,1.038234596,2.444706299,0.037901582,1.551278542,0.227538068,6.41E-08,0.016836707,-0.010383602,0.069338139,0.055215204,0.075478233,0.019924345,0.000332553,0.000796489
*C(C*)Cc1cc(ccc1)C,0.976778762,15.12977836,12.65485662,7.42E-13,3598.902187,3472.693018,3.55E-10,2932289415,3.41E-10,3028761797,0.000376734,0.000125578,1.034320495,2.475897862,0.043092841,1.562552371,0.213029156,6.07E-08,0.011996671,0.003292337,0.07254221,0.03965415,0.064614854,0.019888203,0.000414394,0.000626338
*C(C*)Cc1c(cccc1)C,0.972209312,14.82762777,12.02148165,6.09E-13,3502.698774,3425.198332,3.67E-10,2744415284,3.58E-10,2806737744,0.000297426,9.91E-05,1.032529569,2.447975843,0.037363429,1.554167657,0.211243073,6.20E-08,0.010543402,0.00732865,0.061270204,0.046458054,0.058904074,0.026768994,0.000183794,-0.000214098
*C(C*)Cc1ccc(cc1)C,0.968403914,16.18908793,13.16463697,9.42E-13,3422.392013,3337.336017,3.61E-10,2769176666,3.52E-10,2839726249,0.000314496,0.000104832,1.03001129,2.462678956,0.062862353,1.559701146,0.20880675,6.30E-08,0.016297287,0.006631118,0.055673387,0.049508614,0.057235907,0.02309558,0.000420114,-5.53E-05
*C(C(*)O)C,1.029484838,20.19829071,25.0501523,4.14E-13,3657.214674,3628.899393,2.66E-10,3781096616,2.64E-10,3812048061,0.000144916,4.83E-05,2.350798867,3.56356547,0.033566673,1.48753536,0.269690871,7.17E-08,0.011235331,0.007840529,0.090097661,0.067304276,0.086113953,0.002909099,0,0.004190023
*C(C*)OC(=O)c1ccc(cc1)C(C)(C)C,1.021531892,14.7571501,11.5530589,1.22E-12,3448.923107,3325.480786,4.53E-10,2240584094,4.37E-10,2321290810,0.000425984,0.000141995,1.196332018,2.522409718,0.05216445,1.52514614,0.245177434,6.96E-08,0.014092613,-0.007426095,0.061523793,0.079860023,0.077874374,0.017919693,0.00025785,0.001075183
*C(C*)C(=O)C(C)(C)C,0.91707896,15.84529429,15.22325737,7.46E-13,3747.112552,3680.077775,3.82E-10,2633748368,3.75E-10,2681105242,0.000278574,9.29E-05,1.25092176,2.337267215,0.034366434,1.444416727,0.222675631,6.48E-08,0.010259206,-0.002396678,0.071255607,0.059192713,0.081618798,0.002770297,0,-2.43E-05
*C(C*)C(=O)C1CCCCC1,0.971181484,15.03387796,15.04211681,7.83E-13,3807.499102,3650.888824,4.00E-10,2583173288,3.83E-10,2686764995,0.000420882,0.000140294,1.194022127,2.328602096,0.037704144,1.461013842,0.219884069,5.95E-08,0.005883476,0.006260085,0.059476541,0.066028397,0.079185924,0.002790138,0,0.000259508
*C(C*)C(=O)c1c(cccc1)O,1.187225592,15.28485466,13.99391723,7.38E-13,3102.690399,2982.355513,3.54E-10,3134442664,3.37E-10,3231848821,0.0003946,0.000131533,1.518624554,3.072242894,0.03713725,1.597999725,0.225341707,6.13E-08,0.013784582,-0.003904729,0.091121155,0.034396224,0.061032064,0.02529114,0.000169754,0.003451515
*C=CC(C*)OC,1.002721432,19.18540535,20.42955915,2.23E-12,3869.925553,3612.025886,3.88E-10,2593097373,3.62E-10,2774373142,0.00057553,0.000191843,1.600272527,2.899020144,0.026854837,1.516161835,0.240715701,6.21E-08,0.009472034,0.006896944,0.059049109,0.058413932,0.086367765,0.020330348,0,0.00018557
*C(=CCC*)c1ccccc1,1.017027333,15.95070727,12.62503149,1.29E-12,3504.879041,3339.318481,3.79E-10,2701219559,3.60E-10,2827531138,0.000455262,0.000151754,1.039312605,2.726881983,0.038027435,1.639380629,0.209330511,5.88E-08,0.008973217,0.016173714,0.06000159,0.039286769,0.051663777,0.032278254,0.000379941,0.000573249
*C(O)C(*)O,1.396107757,19.64602994,22.46290813,2.26E-13,3141.489556,3108.955648,1.45E-10,7028861986,1.43E-10,7110950115,0.000114913,3.83E-05,6.168845916,7.533411108,0.032023873,1.537706111,0.503119958,1.16E-07,0.026981374,0.050022361,0.190827445,0.082887967,0.133307477,0.006055251,0,0.013038083
*C(C*)OCC(CCCC)CC,0.883883354,14.13912387,12.02238244,1.16E-12,4228.581705,4030.475579,4.41E-10,2286188898,4.20E-10,2396481040,0.000504518,0.000168173,1.077548326,2.188568265,0.049022189,1.452934882,0.250639578,6.70E-08,0.018961362,0.006998554,0.065681723,0.063139477,0.090304315,0.005351566,0,0.000202582
*C(C*)SCCCC,0.975699357,14.65968007,10.37027228,1.40E-12,3700.180513,3418.473421,4.67E-10,2154651038,4.31E-10,2330150806,0.000651944,0.000217315,1.257408738,2.559208709,0.035418605,1.517167972,0.231505378,6.42E-08,0.011253143,0.005926698,0.060065025,0.056287197,0.093206628,0.004706531,0,6.02E-05
*C(C*)OC1CCCCC1,0.948633594,13.62953501,8.677608513,4.85E-13,3802.288162,3744.749077,3.49E-10,2874643249,3.44E-10,2919010407,0.000247395,8.25E-05,1.047438422,2.18385783,0.037889362,1.461648001,0.209300741,5.80E-08,0.010835011,0.011494459,0.074086776,0.031803451,0.078869995,0.001963506,0,0.000247543
*C(C*)SCC,1.030279109,17.66261453,20.52852046,5.06E-13,3196.103539,3079.421962,4.04E-10,2501097814,3.89E-10,2598592219,0.000396239,0.00013208,1.564539789,2.906126126,0.034511088,1.530222633,0.212352519,6.46E-08,0.016283381,0.005310994,0.065025079,0.046033651,0.074984578,0.004339722,0,0.000375115
*C(C(*)(F)F)(OC(C(C(C(F)(F)F)(F)F)(F)F)(F)F)F,1.779887798,17.92886538,16.32916454,6.83E-13,1636.840508,1564.395219,6.85E-10,1503470315,6.53E-10,1568892764,0.00052956,0.00017652,1.05389338,1.713819376,0.032939593,1.288380575,0.09864473,3.39E-08,0.001394563,0.003652398,0.033147259,0.024913393,0.035176349,0.000222609,0,0.000138158
*C(C(*)(F)F)(OC(C(F)(F)F)(F)F)F,1.710360798,19.35141962,18.14360794,9.68E-13,1607.217703,1588.894682,7.27E-10,1428882034,7.20E-10,1446732709,0.000246966,8.23E-05,1.053338612,1.695727039,0.035496496,1.281555613,0.104992442,3.84E-08,0.001624815,0.005377722,0.033059083,0.026350375,0.037577772,0.000588998,0,0.000413678
*C(C(*)(F)F)(OC(F)(F)F)OC(F)(F)F,1.687186152,21.33372586,29.1269351,7.68E-13,1642.492501,1621.923091,6.76E-10,1552498150,6.68E-10,1571883402,0.00027464,9.15E-05,1.050775544,1.674189038,0.045667103,1.274131972,0.096025647,3.50E-08,0.00153362,0.003200127,0.033780573,0.024004336,0.03165529,0.000435139,0,0.001416563
*C(C(*)(F)F)OC(F)(F)F,1.726335987,19.9989679,21.88598104,3.48E-13,1723.65013,1689.566776,4.31E-10,2321454540,4.22E-10,2368620779,0.000288343,9.61E-05,1.126706795,1.87197012,0.039649116,1.321084101,0.113432798,3.80E-08,0.002888211,0.00426624,0.040741269,0.027548523,0.035755236,0.000347277,0,0.001886043
*C(C(*)F)(OC(F)(F)F)F,1.750235753,20.02561571,22.68755064,4.83E-13,1712.321112,1675.868698,4.11E-10,2502408358,4.02E-10,2555490695,0.000292731,9.76E-05,1.162419169,1.920679692,0.028855099,1.325991764,0.115882336,3.87E-08,0.001780251,0.003078295,0.039430273,0.030546926,0.039930563,0.000388939,0,0.00072709
*C(C(*)(F)F)(OC(F)(F)F)F,1.816452345,19.64902543,21.21916168,6.98E-13,1634.723255,1597.674394,4.83E-10,2095113058,4.72E-10,2140198823,0.000306064,0.000102021,1.079790918,1.783138999,0.03227002,1.305123092,0.11540703,3.90E-08,0.001102206,0.004519567,0.038052207,0.031968426,0.039138402,-4.86E-05,0,0.000674774
*C(C*)OCC(CC)(C)C,0.882730644,15.13911828,13.90782593,1.35E-12,4029.689907,3888.937416,4.39E-10,2305150212,4.23E-10,2386720249,0.000424628,0.000141543,1.109480123,2.189588334,0.037803923,1.44225554,0.235379261,6.62E-08,0.013328775,0.001646721,0.064007156,0.064426799,0.088646525,0.003117322,0,0.000205965
*C(C*)SC,1.078850613,18.25753526,20.8107537,5.37E-13,2851.243385,2758.013459,3.34E-10,3001179776,3.23E-10,3103123734,0.000331399,0.000110466,1.544330815,2.952890039,0.028529481,1.551952359,0.202535215,6.59E-08,0.011340556,0.008581928,0.059569587,0.046723755,0.073414763,0.002605555,0,0.00029907
*C(C*)OCCC,0.936310658,16.23770054,14.20044425,9.75E-13,3976.393943,3789.8594,4.34E-10,2303284968,4.14E-10,2416618983,0.000502684,0.000167561,1.173213492,2.311034159,0.032677121,1.462128813,0.240692237,6.46E-08,0.008368265,0.009062767,0.067453726,0.066653459,0.084792946,0.004549898,0,-0.000188824
*C(C*)(C(=O)C)F,1.193983784,18.13593146,17.19082781,3.49E-13,2918.06347,2855.361949,2.68E-10,3794318000,2.62E-10,3875735059,0.000233821,7.79E-05,1.726863919,2.805354378,0.027065839,1.441695012,0.210118729,6.05E-08,0.01202195,-0.004203866,0.070656529,0.051416381,0.075695095,0.001335335,0.001655539,0.001541766
*C(C*)C(=O)c1ccccc1,1.110644943,15.31568423,12.25602123,8.89E-13,3035.740597,2978.090199,3.26E-10,3098742659,3.20E-10,3159786176,0.000257459,8.58E-05,1.408641283,2.933622827,0.046184028,1.58901336,0.183250902,5.44E-08,0.007691088,0.017561006,0.059575043,0.032702159,0.046640129,0.018317771,0.000196876,0.00056683
*C(C*)C(=O)c1cc(c(cc1)Br)OC,1.468622958,16.36128939,13.28247467,5.68E-13,2112.071466,2062.755501,3.76E-10,2688111858,3.67E-10,2754936850,0.000287913,9.60E-05,1.364924285,2.882278547,0.04686168,1.586614225,0.149327416,4.82E-08,0.006414476,0.005264889,0.041395601,0.042078478,0.042282105,0.011352763,7.37E-05,0.000465359
*C(C*)C(=O)c1ccc(cc1)C(C)(C)C,0.988687181,13.87581719,9.115927519,6.55E-13,3518.429065,3425.853347,3.74E-10,2703135559,3.64E-10,2776004712,0.000335655,0.000111885,1.223187687,2.585536937,0.040577674,1.536988888,0.231159229,6.65E-08,0.015802938,0.004211981,0.07422464,0.047813322,0.071656856,0.017137189,0.000191342,0.00012096
*C(C*)C(=O)c1ccc(cc1)Cl,1.226369324,16.72379022,14.17561057,7.63E-13,2563.195776,2491.430451,4.31E-10,2566986356,4.18E-10,2636656462,0.000350074,0.000116691,1.217162143,2.752801627,0.028346333,1.592356446,0.143955688,4.59E-08,0.003343428,0.001656673,0.042694991,0.044672022,0.038493742,0.012869293,7.68E-05,0.00014877
*C(C*)C(=O)c1ccc(cc1)CC,1.047672656,14.9218365,11.87358722,1.06E-12,3398.04827,3228.094626,3.96E-10,2532135613,3.76E-10,2664747640,0.000482003,0.000160668,1.275346853,2.746738678,0.040035033,1.572064367,0.231546443,6.51E-08,0.008032722,0.006190767,0.057019536,0.06579751,0.071097056,0.022947012,0.000325047,0.000136792
*C(C*)C(=O)c1ccc(cc1)C(C)C,1.019792447,14.91122347,11.25317715,8.62E-13,3407.82578,3270.256193,4.22E-10,2411094152,4.05E-10,2511869356,0.000443282,0.000147761,1.248211617,2.672167585,0.053786307,1.556905484,0.236631114,6.81E-08,0.01288167,0.008182941,0.062946738,0.064293993,0.06903735,0.019597437,0.000173431,-0.000482447
*C(C*)C(=O)c1ccc(cc1)OC,1.136336939,15.75625012,13.44144835,9.53E-13,3063.570547,3008.11143,3.30E-10,3063925087,3.24E-10,3122449895,0.00023852,7.95E-05,1.727421854,3.245313695,0.040223838,1.586777627,0.228482209,6.56E-08,0.01036882,0.004276425,0.063177995,0.063671906,0.067658538,0.019316429,3.16E-05,-1.95E-05
*C(C*)C(=O)c1cc(c(cc1)C)C,1.036462114,15.23129023,13.77887528,7.26E-13,3225.595069,3142.235865,3.32E-10,3035112746,3.24E-10,3115251984,0.000308195,0.000102732,1.337612584,2.782399114,0.038545111,1.563578753,0.223876284,6.70E-08,0.01302522,0.01037027,0.058766208,0.053810637,0.06611029,0.020979382,0.000302573,0.000511705
*C(C*)C(=O)c1ccc(cc1)CCC,1.024315343,14.16661987,8.852076942,1.21E-12,3558.117692,3384.340718,4.30E-10,2345436277,4.09E-10,2463563971,0.000494208,0.000164736,1.225575097,2.646801538,0.046901199,1.55602488,0.233892305,6.42E-08,0.004328133,0.000567494,0.054684114,0.075436679,0.074667464,0.024591765,0.00023602,-0.000619364
*C(C*)C(=O)c1ccc(cc1)C,1.063196689,14.51530897,11.97421877,7.60E-13,3171.17198,3104.201622,3.48E-10,2882950487,3.41E-10,2947408022,0.000277946,9.26E-05,1.32456651,2.811252123,0.053529929,1.576916006,0.217537979,6.46E-08,0.010915891,-0.001784529,0.054597056,0.065778735,0.063355514,0.024531394,0.000303458,-0.000159541
*C(C*)OC(=O)c1c(cccc1)OC(=O)C,1.204681933,14.76297702,11.87731225,6.01E-13,2890.884336,2773.1487,3.17E-10,3181618786,3.04E-10,3312038795,0.000375651,0.000125217,1.671305953,3.004819815,0.038143814,1.527581795,0.217738726,6.26E-08,0.010529576,-0.015554681,0.066740256,0.06502963,0.062636965,0.025573756,0.000150226,0.002632999
*C(C*)OC(=O)c1ccc(cc1)OC(=O)C,1.202322505,16.00551203,14.01241379,5.88E-13,2765.931384,2658.139829,3.68E-10,2782073800,3.53E-10,2889995379,0.000396355,0.000132118,2.051083988,3.444647475,0.044102928,1.547114271,0.24818347,7.47E-08,0.007660572,-0.012260985,0.068448527,0.088222802,0.071364235,0.022019374,8.51E-05,0.002643871
*C(C*)OC(=O)CCCC(=O)c1ccccc1,1.150898047,14.04169185,8.555932454,7.19E-13,3246.975229,3044.892463,2.64E-10,3942492622,2.46E-10,4156723486,0.000426689,0.00014223,1.812509395,3.145016978,0.042116836,1.527254535,0.238763693,6.43E-08,0.007673927,0.000851896,0.066609821,0.070736738,0.071052892,0.02021972,0.00016852,0.001450179
*C(C*)OC(=O)c1cc(ccc1)Br,1.54660293,17.42336725,16.16719392,1.87E-13,1935.187835,1888.285701,3.00E-10,3374836956,2.93E-10,3458641252,0.000268147,8.94E-05,1.234303786,2.752806274,0.054229221,1.586969255,0.137957273,4.60E-08,0.002966218,0.004790018,0.03993495,0.039679915,0.036954647,0.013301065,0.000270675,5.98E-05
*C(C*)OC(=O)c1ccc(cc1)Br,1.536350906,17.15031322,14.09040144,3.13E-13,1928.749479,1855.184711,3.83E-10,2788314247,3.66E-10,2885376048,0.000374017,0.000124672,1.167613614,2.697450055,0.050075273,1.590541982,0.139742427,4.73E-08,0.00359139,0.0026994,0.037450446,0.045492722,0.037840086,0.012322581,2.83E-05,0.000317481
*C(C*)OC(=O)c1ccc(cc1)OC(=O)CCC,1.143061228,14.64612907,10.33689782,8.53E-13,3243.580272,3003.28052,4.38E-10,2404498692,4.03E-10,2572963855,0.000620527,0.000206842,1.779528638,3.139400086,0.053676932,1.536186579,0.25604142,6.94E-08,0.014993227,-0.014480645,0.070638617,0.081631177,0.08226721,0.019373948,8.76E-05,0.001530287
*C(C*)OC(=O)c1c(cccc1)Cl,1.293059527,15.50848092,12.63108896,3.67E-13,2402.69786,2331.84049,3.03E-10,3365498623,2.94E-10,3465289258,0.000300872,0.000100291,1.398783907,2.894285782,0.034688265,1.579713479,0.171958387,5.54E-08,0.004172293,0.002499558,0.051821238,0.039311891,0.050908159,0.022612673,0.000190406,0.00044217
*C(C*)OC(=O)c1cc(ccc1)Cl,1.263058501,16.34133778,13.36212684,5.01E-13,2458.273943,2374.54198,3.59E-10,2849035844,3.46E-10,2934899981,0.000334638,0.000111546,1.279782848,2.732469819,0.035257059,1.566104286,0.153320971,4.96E-08,0.004887533,-0.002020012,0.038319407,0.052290875,0.041859772,0.017453028,0.000282337,0.00024803
*C(C*)OC(=O)c1ccc(cc1)Cl,1.266340181,16.98206714,16.61421689,3.54E-13,2361.781001,2301.685665,3.58E-10,2910650737,3.49E-10,2983996685,0.000299664,9.99E-05,1.182072601,2.668985662,0.035999901,1.576989787,0.15531743,5.19E-08,-0.000339417,0.000796973,0.031917235,0.059028936,0.044735097,0.018370569,6.02E-05,0.000747819
*C(C*)OC(=O)C1CCCCC1,1.019054854,15.02904936,13.93711888,8.25E-13,3511.212145,3411.841883,3.83E-10,2634238079,3.72E-10,2711178789,0.000354593,0.000118198,1.169318989,2.278742571,0.042167263,1.452384869,0.215272882,6.02E-08,0.011618414,0.006512773,0.060115105,0.060404787,0.072140993,0.004412602,0,6.82E-05
*C(C*)OC(=O)CC1CCCCC1,1.017496565,12.23054725,7.255897645,7.59E-13,3653.393173,3517.851275,3.87E-10,2624693320,3.73E-10,2725703552,0.000394908,0.000131636,1.210057947,2.363678947,0.039134694,1.4675202,0.222720187,5.99E-08,0.010522649,-0.001152077,0.074284736,0.051359699,0.083352262,0.003621346,0,0.00073157
*C(C*)OC(=O)CCCC1CCCCC1,0.995240688,12.62513355,7.115259894,6.10E-13,3576.563019,3487.399502,2.80E-10,3579861629,2.73E-10,3673454072,0.000285094,9.50E-05,1.152108838,2.320691098,0.05207754,1.472610695,0.244722191,6.87E-08,0.016771751,-0.006412941,0.0707982,0.065978297,0.089917375,0.007815953,0,-0.000146444
*C(C*)OC(=O)c1ccc(cc1)OCC,1.124221099,13.56211229,8.070854067,6.24E-13,3019.580116,2919.629253,3.80E-10,2663584164,3.67E-10,2751717724,0.000374807,0.000124936,1.740122373,3.155909889,0.052525749,1.55427898,0.229699129,6.77E-08,0.008512005,-0.001703161,0.054234241,0.079860563,0.067420135,0.019679983,0.000151593,0.00154377
*C(C*)OC(=O)c1ccc(cc1)CC,1.071863376,14.34170528,11.79642479,8.99E-13,3253.870332,3140.060352,4.45E-10,2258854439,4.29E-10,2340950641,0.00041648,0.000138827,1.209874072,2.6016271,0.045284652,1.546525195,0.231673795,6.64E-08,0.011140262,0.006711569,0.05861948,0.064949859,0.068604608,0.021066238,0.00022546,0.000356319
*C(C*)OC(=O)C(C(C(F)(F)F)(F)F)(F)F,1.641934973,17.42126843,15.44764626,7.74E-13,1891.959905,1804.227114,4.65E-10,2192966566,4.43E-10,2297342304,0.000470139,0.000156713,1.244919621,2.052113836,0.043629695,1.344317686,0.124821014,4.02E-08,0.002789697,0.003327803,0.040513934,0.03510169,0.040574462,0.001256035,0.00064473,0.000612661
*C(C*)OC(=O)C1(C(C(C(C(C1(F)F)(F)F)(F)F)(F)F)(F)F)F,1.672175033,16.75338469,16.77047549,4.27E-13,1809.912725,1777.482778,4.39E-10,2315560809,4.31E-10,2357432670,0.00027526,9.18E-05,1.137716398,1.917490907,0.038768868,1.334067857,0.099404761,3.28E-08,0.001185707,0.003019972,0.029309881,0.030975065,0.033834045,0.000553409,0.000191589,0.000335093
*C(C*)NC(=O)OC(C)(C)C,1.015667029,14.77361587,12.090051,6.92E-13,3465.646022,3392.807432,4.86E-10,2082257430,4.75E-10,2125829564,0.000321611,0.000107204,1.507463457,2.603022063,0.032978936,1.447602912,0.240864603,6.84E-08,0.041228168,-0.183696612,0.108262705,0.113929481,0.141663545,0.011036433,0.001349151,0.007091732
*C(C*)OC(=O)C(C(C(C(C(C(C(C(C(F)(F)F)(F)F)(F)F)(F)F)(F)F)(F)F)(F)F)(F)F)(F)F,1.802612793,14.59173807,8.185332757,7.73E-13,1741.934076,1685.55148,3.57E-10,2822663229,3.45E-10,2914076641,0.000343057,0.000114352,1.11991308,1.867993413,0.075036474,1.322149613,0.117620774,3.75E-08,0.00415038,0.004125732,0.042786696,0.027148159,0.038975488,0.000359464,9.27E-05,-1.78E-05
*C(C*)OC(=O)C(C(C(C(C(F)(F)F)(F)F)(F)F)(F)F)(F)F,1.72120682,15.70594894,13.28247371,8.12E-13,1848.544899,1758.881695,4.31E-10,2343945316,4.10E-10,2462054569,0.000470573,0.000156858,1.187050258,1.961162038,0.042978586,1.331956641,0.117573176,3.70E-08,0.001735497,0.003308452,0.036893812,0.032394853,0.041161417,0.001251683,0.000335489,0.000491974
*C(C*)OC(=O)C(C(C(C(C(C(C(F)(F)F)(F)F)(F)F)(F)F)(F)F)(F)F)(F)F,1.765573426,15.20088875,10.81400414,6.58E-13,1769.425138,1707.38227,4.14E-10,2449259293,3.99E-10,2536492511,0.000385313,0.000128438,1.135555163,1.889812818,0.046805513,1.324483507,0.118403797,3.79E-08,0.003319027,0.003274497,0.039880492,0.029584535,0.040268166,0.001450007,0.00033121,0.000295863
*C(C*)OC(=O)C(C(F)(F)F)(F)F,1.581055156,17.81853544,17.31556489,5.26E-13,2001.049682,1915.371064,4.33E-10,2340978991,4.14E-10,2441350280,0.000438949,0.000146316,1.314786014,2.154665308,0.02539503,1.356419556,0.134381971,4.25E-08,0.00332872,0.002285457,0.041813348,0.038938799,0.044943303,0.001401316,0.000605244,0.001065784
*C(C*)OC(=O)C(C(C(C(F)(F)F)(F)F)(F)F)(F)F,1.679400325,16.73509919,15.47952063,7.55E-13,1894.027556,1759.452233,5.39E-10,1910394908,5.00E-10,2051846589,0.000630617,0.000210206,1.204407389,1.987680165,0.053050593,1.335390515,0.117895156,3.72E-08,0.003014438,0.0021533,0.03682021,0.031496505,0.042127418,0.001156555,0.000250316,0.000876414
*C(C*)OC(=O)c1ccncc1,1.195060965,16.11159845,14.71510575,5.72E-13,2804.147257,2741.027484,3.02E-10,3335203934,2.95E-10,3411457338,0.000273013,9.10E-05,1.226388344,2.626577031,0.039679843,1.549251434,0.194295907,5.80E-08,0.002219456,-0.003992112,0.038598957,0.078665992,0.057265729,0.020447701,0.000170656,0.000919528
*C(C*)OC(=O)c1ccc(cc1)C(C)C,1.047680586,13.82745897,8.662732936,1.04E-12,3274.440496,3161.494315,4.65E-10,2177906226,4.49E-10,2255039198,0.00042799,0.000142663,1.229792743,2.593866449,0.051526586,1.537552584,0.241150434,7.04E-08,0.013554402,0.001508131,0.052496689,0.082182865,0.069566011,0.021608283,0.000162161,7.19E-05
*C(C*)OC(=O)C(C(C)C)(C(C)C)C,0.922754666,14.19923629,12.38093246,5.60E-13,3785.889848,3706.8533,4.42E-10,2296373266,4.33E-10,2343752178,0.000316665,0.000105555,1.142081893,2.173149133,0.03828769,1.425154009,0.212645982,6.09E-08,0.014349046,0.000328136,0.073407434,0.051212027,0.069860167,0.002241895,0,0.001247278
*C(C*)OC(=O)c1c(cccc1)OC,1.184683625,15.67895442,13.73917759,7.51E-13,3083.097251,2930.00465,3.23E-10,3178415039,3.06E-10,3329822916,0.000427672,0.000142557,1.448279087,2.898220336,0.04264927,1.565226572,0.216310624,5.93E-08,0.009811126,-0.004551127,0.065407454,0.053845314,0.064696847,0.026725181,0.000180645,0.000195184
*C(C*)OC(=O)c1cc(ccc1)OC,1.172022242,16.70882815,14.04958821,4.33E-13,2993.890605,2918.762118,3.32E-10,3015440701,3.24E-10,3092914208,0.000311582,0.000103861,1.657026949,3.078502956,0.026563996,1.556109253,0.21828481,6.22E-08,0.012875016,0.007886444,0.056123745,0.053732942,0.068371472,0.018135247,0.00015304,0.001006906
*C(C*)OC(=O)c1ccc(cc1)OC,1.170671465,15.38539351,11.36104106,5.93E-13,3022.147804,2911.175899,3.65E-10,2821725416,3.51E-10,2921015508,0.000385071,0.000128357,1.531644075,2.986653072,0.055382233,1.566838401,0.222833617,6.32E-08,0.007616908,-0.000807249,0.049672116,0.074445556,0.062734179,0.02794508,0.00015206,0.001074967
*C(C*)OC(=O)c1c(cccc1)C,1.128727674,15.97265841,15.81085557,5.24E-13,2996.522881,2911.360952,2.95E-10,3402628031,2.87E-10,3501598543,0.000306648,0.000102216,1.278699011,2.727139122,0.037846437,1.564747887,0.223566569,6.61E-08,0.013173455,-0.011210732,0.072996847,0.056536751,0.065603474,0.025481391,0.000209361,0.000776022
*C(C*)OC(=O)c1cc(ccc1)C,1.110950878,16.20375695,14.4161552,3.59E-13,2964.298875,2889.413189,3.09E-10,3255741143,3.01E-10,3339643950,0.000292481,9.75E-05,1.218544037,2.640146217,0.049259249,1.55614882,0.210139794,6.39E-08,0.007288448,0.003146539,0.050561984,0.06488196,0.059936098,0.023640521,0.000387941,0.000296303
*C(C*)OC(=O)c1ccc(cc1)C,1.099096797,14.74333207,12.04824136,1.02E-12,3019.208553,2938.09937,4.28E-10,2364609877,4.16E-10,2427816968,0.000348349,0.000116116,1.240963569,2.658782631,0.046641643,1.554930504,0.205615125,6.20E-08,0.007429843,0.007666497,0.060590389,0.047959555,0.057273003,0.023184437,-5.67E-06,0.001517075
*C(C*)OC(=O)CC(c1ccccc1)(C)C,1.066509964,13.51269818,9.367206445,8.28E-13,3289.47458,3199.890508,3.21E-10,3212880326,3.13E-10,3301485295,0.000317403,0.000105801,1.178736826,2.459683726,0.052442636,1.510277695,0.205542847,5.86E-08,0.015059882,-0.007151106,0.075522084,0.036846313,0.068575161,0.014893786,0.000160241,0.001636487
*C(C*)OC(=O)C(CCC)(C)C,0.945730555,15.07129891,13.97685289,1.09E-12,3800.46194,3625.778189,4.55E-10,2375116983,4.28E-10,2465221540,0.000479648,0.000159883,1.152108596,2.20259551,0.04390469,1.431950585,0.219638957,6.12E-08,0.014750952,0.00387015,0.060644014,0.055549302,0.077121139,0.006923758,0,0.000779642
*C(C*)OC(=O)C(C(CC)(C)C)(C)C,0.923293691,14.05682565,11.3842791,9.42E-13,3800.867587,3717.974323,4.06E-10,2500599630,3.97E-10,2556952971,0.000314703,0.000104901,1.147926803,2.178433772,0.04374894,1.424955609,0.20834975,5.94E-08,0.010523289,0.003668065,0.067549901,0.052645105,0.069555505,0.003575704,0,0.00083218
*C(C*)OC(=O)C(C(C(C)C)C)(C)C,0.928292734,13.98572797,11.61709002,1.44E-12,4007.153683,3887.917371,4.55E-10,2229625258,4.41E-10,2296313271,0.000351367,0.000117122,1.131382294,2.170491258,0.054631313,1.427972082,0.21225308,5.73E-08,0.014628444,0.011257024,0.07327446,0.044492948,0.066373894,0.002013508,0,0.000212802
*C(C*)OC(=O)C(CC(C)(C)C)(C)C,0.930642496,13.93020611,11.88365983,8.64E-13,3751.307109,3669.093259,3.70E-10,2719098223,3.62E-10,2779954880,0.000305577,0.000101859,1.127175323,2.179035997,0.050094007,1.43243054,0.214976534,6.16E-08,0.013025233,-0.003847194,0.071031674,0.050796772,0.078169519,0.004932073,0,0.000868458
*C(C*)OC(=O)c1cnccc1,1.216930022,16.3670213,16.62067698,4.82E-13,2869.67728,2762.791719,3.06E-10,3339923300,2.95E-10,3460627792,0.000351924,0.000117308,1.450452647,2.896327309,0.04326613,1.563919125,0.195169036,5.59E-08,0.005652826,-0.011749251,0.054026162,0.06511348,0.058197332,0.021393567,0.000145068,0.002389853
*C(C*)OC(=O)c1cc(ccc1)[N+](=O)[O-],1.282622037,16.31690789,13.10508606,4.50E-13,2552.024461,2487.795784,2.66E-10,3779421400,2.59E-10,3875530810,0.000267335,8.91E-05,1.586262676,3.003695676,0.055864947,1.554807826,0.196771713,6.01E-08,0.007074734,0.008072487,0.058707897,0.052445027,0.051240869,0.017313534,0.000172488,0.001744677
*C(C*)OC(=O)CCCCCCC,0.953535589,14.47773716,11.73277226,1.44E-12,4043.175414,3798.303206,4.23E-10,2375828080,3.97E-10,2527159514,0.0005706,0.0001902,1.202206193,2.310992193,0.041200926,1.452165878,0.270802383,7.02E-08,0.013784362,-0.002302122,0.066390103,0.078695791,0.102696858,0.011046609,0,0.000490782
*C(C*)OC(C(F)(F)F)(C(F)(F)F)F,1.622288206,17.72320981,20.37530429,6.11E-13,1820.22411,1777.118851,4.51E-10,2242950729,4.41E-10,2297892124,0.000322291,0.00010743,1.138523663,1.900056063,0.033596324,1.327223723,0.105366502,3.59E-08,0.002872446,0.001938508,0.034485327,0.026084744,0.039762425,5.79E-05,0,0.000165165
*C(C*)OC(=O)CCl,1.372301072,18.24518341,17.19694082,5.25E-13,2497.069403,2309.544514,3.45E-10,2990312423,3.19E-10,3211865142,0.000519753,0.000173251,2.751447306,3.987660149,0.031518689,1.495396132,0.218868603,6.43E-08,0.020345052,-0.080641722,0.09011989,0.080315534,0.096914069,0.003933366,0,0.007882414
*C(C*)C1=CC=CS1,1.168228212,19.19072991,22.27276176,4.04E-13,2598.546024,2533.028522,3.58E-10,2802018858,3.49E-10,2873927573,0.000299939,0.0001,1.116778708,2.707169105,0.031331802,1.609466598,0.196546556,6.48E-08,0.00476622,0.007924316,0.049897824,0.056461919,0.05757649,0.019971056,0,-5.13E-05
*C(C*)OCCCl,1.248858545,17.81288149,15.57885908,7.52E-13,2907.644053,2729.560817,3.15E-10,3180260915,2.96E-10,3384768685,0.000479414,0.000159805,3.734619023,5.017243267,0.032225239,1.510835473,0.187521218,5.21E-08,0.009796853,-0.004945782,0.062744021,0.051762232,0.064796491,0.002410604,0,0.000956799
*C(C*)OCCOC,1.063567732,16.18817273,15.77917296,1.11E-12,3689.579745,3492.265793,3.56E-10,2812656541,3.37E-10,2970150852,0.00049504,0.000165013,2.587433997,3.749373957,0.03457839,1.470352966,0.251788875,6.50E-08,0.016641317,0.007334261,0.073589904,0.056529226,0.09094281,0.00606486,0,0.000686496
*C(C*)OCC(F)(F)F,1.388732116,17.93910128,18.23839211,4.63E-13,2534.620624,2404.644637,4.23E-10,2395830512,4.01E-10,2514152572,0.000489964,0.000163321,2.046047859,2.961338496,0.027007312,1.383939648,0.150868966,4.33E-08,0.006348354,0.001830675,0.044014983,0.039464465,0.05634479,0.002370726,0,0.000494972
*C(C*)(CC(=O)OCCCCCCC)C(=O)OCCCCCCC,0.966492654,12.43461106,7.983532236,1.02E-12,3921.895382,3731.286055,4.20E-10,2389731618,3.99E-10,2512286817,0.000506178,0.000168726,1.167030181,2.260393679,0.069308115,1.446845708,0.268835353,7.09E-08,0.017803437,0.004452855,0.070880224,0.075632708,0.091035388,0.00838429,0,0.000646452
*C(C*)OC(=O)C1CCCC1,1.053718158,14.7548975,9.8931351,7.19E-13,3431.808366,3312.889476,3.82E-10,2643711680,3.69E-10,2737988646,0.000394785,0.000131595,1.229502704,2.372869427,0.031431307,1.464022495,0.23014149,6.37E-08,0.01023337,0.014264775,0.077101263,0.044728776,0.081237688,0.002035468,0,0.00054015
*C(C*)OC(=O)C1(CCCCC1)C,0.984240621,13.92155481,11.5121876,7.57E-13,3583.516895,3458.974694,3.84E-10,2679601379,3.70E-10,2770315882,0.000387175,0.000129058,1.132293967,2.213670149,0.039569647,1.442695314,0.199836391,5.67E-08,0.008413367,0.008782682,0.056329704,0.05174993,0.069944216,0.003670286,0,0.000946204
*C(C*)P(=O)(c1ccccc1)c1ccccc1,1.098076282,15.04474841,13.8807707,5.28E-13,2880.701009,2814.184893,5.33E-10,1937242209,5.21E-10,1983225755,0.000337375,0.000112458,1.234939253,2.735249776,0.039560005,1.581205257,0.152952702,4.85E-08,0.002716343,-0.009469947,0.025391278,0.067334059,0.043188986,0.022956907,0.000232945,0.000602131
*C(C*)P(=O)(OCC)N(C)C,1.112277991,15.14797137,15.39092096,4.76E-13,3289.351236,3211.378915,3.74E-10,2686374423,3.65E-10,2751702909,0.000323731,0.00010791,1.451977833,2.608316178,0.039930896,1.468445108,0.207524248,5.67E-08,0.007270205,0.001865553,0.058792083,0.057583483,0.077136385,0.004640697,0,0.000235842
*C(C*)P(=O)(N(C)C)Oc1ccccc1,1.160587206,15.53040062,15.68526336,6.60E-13,2929.793168,2840.691341,4.29E-10,2392993688,4.16E-10,2467535699,0.000381297,0.000127099,1.275678507,2.618350107,0.044918966,1.530544006,0.193867563,5.70E-08,0.009206946,0.010166699,0.051956406,0.046575738,0.054451735,0.020058569,0.00016562,0.00128585
*C(C*)c1nc(nc(n1)C)C,1.064103146,14.95789187,11.67731393,8.31E-13,3171.544445,3068.586238,3.72E-10,2783626578,3.59E-10,2871751727,0.000364916,0.000121639,1.115918437,2.422417283,0.043304732,1.518700103,0.263398106,7.83E-08,0.032313588,-0.20472774,0.156952947,0.08196344,0.154728128,0.024897063,0,0.017270681
*C(C*)OC(=O)CCCCCCCCC,0.93553504,13.85669729,10.07115094,1.71E-12,4160.076373,3875.608372,4.46E-10,2276551846,4.15E-10,2436255176,0.000623341,0.00020778,1.209414726,2.3352164,0.049137284,1.45801234,0.286467814,7.37E-08,0.017871872,-0.012395949,0.075837167,0.087367792,0.105745066,0.01149247,0,0.000549396
*C(C*)OC(=O)CCCCC,0.977136755,14.65998256,11.66092343,1.77E-12,3876.503966,3598.338881,4.98E-10,2052516830,4.61E-10,2202632514,0.000663799,0.000221266,1.247603126,2.315199202,0.029885675,1.437913689,0.259631398,6.86E-08,0.010881649,-0.000612859,0.073717879,0.078460724,0.088147996,0.008080711,0,0.000955298
*C1c2c(CC1*)cccc2,0.984516179,16.42259175,13.7394273,3.55E-13,3179.999419,3158.721836,4.88E-10,2112730640,4.84E-10,2126769723,0.00017469,5.82E-05,1.026239754,2.42759852,0.024385871,1.549606317,0.161666133,5.17E-08,0.006460991,0.00934013,0.042447665,0.040702699,0.04220005,0.020094598,0.000166147,0.000253853
*C1C(=O)OC(=O)C1C(C*)OC,1.250206826,20.79601126,24.69935199,2.53E-13,2736.102067,2702.958348,2.59E-10,3956187277,2.56E-10,4009261895,0.000173541,5.78E-05,1.763375694,2.905514452,0.0286179,1.463602547,0.21637842,6.33E-08,0.011559805,0.008847388,0.071398345,0.046427049,0.072340726,0.004221833,0,0.001583274
*C(C(C(C*)OC)C(=O)O)C(=O)O,1.266513017,19.12296171,21.25152839,8.27E-14,2838.188309,2803.921179,1.71E-10,5921160021,1.69E-10,5993724341,0.000155369,5.18E-05,1.53371141,2.663761062,0.041732458,1.459466369,0.302701509,8.42E-08,0.013340218,-0.024249029,0.109176522,0.081667298,0.112456635,0.005140767,2.56E-05,0.005143517
*C(=CCCC*)c1ccc(cc1)OC,1.035052361,15.88913504,12.98216063,8.73E-13,3543.681682,3396.261526,3.38E-10,2976150997,3.24E-10,3104806110,0.000410619,0.000136873,1.423556461,3.036653562,0.03728256,1.616505111,0.225130935,6.14E-08,0.009712214,0.005009242,0.050898565,0.069188347,0.062100326,0.028112451,0.000288809,-0.000179018
*C(=CCCC*)c1ccccc1,1.00581957,16.84772914,15.77081917,7.01E-13,3511.155855,3396.927285,3.06E-10,3277067755,2.96E-10,3386813350,0.000341659,0.000113886,1.039479433,2.69085579,0.04128866,1.628304381,0.210673224,5.97E-08,0.009241084,0.009898034,0.05506079,0.053972491,0.053438697,0.028696342,0.000268302,9.75E-05
*C(=CCCC*)c1ccc(cc1)Cl,1.123124794,17.27192053,14.54098495,6.76E-13,2892.040876,2779.970854,3.32E-10,3030631113,3.19E-10,3151460319,0.000370258,0.000123419,1.06504056,2.738090646,0.043285007,1.63494411,0.170800563,5.26E-08,0.009950033,0.012098529,0.055307957,0.031741738,0.041647436,0.019933424,0.000214688,-9.32E-05
*C(C*)CNc1ccc(cc1)[N+](=O)[O-],1.230823085,15.69852344,13.51378097,3.80E-13,2957.14483,2898.932091,2.05E-10,4902329948,2.01E-10,5001413657,0.000219355,7.31E-05,1.752862984,3.46394643,0.044063348,1.646534208,0.252535899,6.94E-08,0.009972007,0.006083691,0.067606759,0.061917883,0.077961688,0.02695688,0.000178033,0.00185896
*C(C*)CNc1ncc(cc1)[N+](=O)[O-],1.274317315,15.16948533,11.8539153,4.02E-13,2981.56676,2848.460848,2.42E-10,4265340753,2.31E-10,4446145708,0.00033615,0.00011205,1.668375977,3.349259171,0.050155065,1.637324057,0.238277713,6.30E-08,0.008986055,-0.01928045,0.071765753,0.077080892,0.07656082,0.020619381,0.000117905,0.002427358
*C(C*)CNc1c(cc(cc1)[N+](=O)[O-])C,1.182212775,14.85666076,10.57047079,4.36E-13,3104.979622,3020.345817,2.50E-10,4109965495,2.43E-10,4223253488,0.000286335,9.54E-05,1.786328715,3.406450342,0.045247528,1.618677176,0.245603324,6.69E-08,0.011089597,0.018021428,0.070918633,0.051660202,0.070040571,0.022624266,0.000262602,0.000986025
*C(C*)CNc1cc(c(cc1)[N+](=O)[O-])C(F)(F)F,1.382048926,15.44845766,11.52751124,3.47E-13,2499.902517,2458.066135,2.33E-10,4344893393,2.29E-10,4419280428,0.000209405,6.98E-05,1.768873587,3.193033671,0.045185152,1.556965832,0.206534587,5.99E-08,0.005378547,0.002367765,0.057934013,0.065649006,0.061153892,0.012812758,9.81E-05,0.001140501
*C(C*)CNc1c(cc(cc1)[N+](=O)[O-])[N+](=O)[O-],1.348505594,15.62776691,14.88044838,4.20E-13,2741.478177,2594.235455,2.06E-10,5322015187,1.92E-10,5522856435,0.000334652,0.000111551,1.844952037,3.5375421,0.06948373,1.64090101,0.236441097,6.46E-08,0.0098056,0.006247513,0.070250582,0.063008924,0.06007606,0.025152155,0.000177901,0.001722364
*C1C(C(C(C1)C*)OC(=O)CCCCCCCCCCOc1ccc(cc1)c1ccc(cc1)C#N)OC(=O)CCCCCCCCCCOc1ccc(cc1)c1ccc(cc1)C#N,1.050442559,14.7432634,5.523593844,5.93E-13,3422.157213,3265.109573,3.13E-10,3256926659,2.98E-10,3402213891,0.000402525,0.000134175,12.80517388,14.21876064,0.080343815,1.553571606,0.263259921,7.34E-08,0.010165528,0.004571193,0.061868564,0.077100227,0.089341726,0.019586622,0.000166104,0.000459958
*C1C(CC(C1)C*)OC(=O)CCCCCCCCCCOc1ccc(cc1)c1ccc(cc1)C#N,1.041611942,16.22330035,8.790489075,6.44E-13,3350.337906,3268.11487,2.70E-10,3711675480,2.63E-10,3805074828,0.000276976,9.23E-05,11.63563645,13.07892147,0.073574931,1.563100765,0.268797476,7.71E-08,0.014976426,0.002571836,0.062513998,0.078572366,0.091633679,0.01803127,0.000253757,0.000244144
*C1C(CC(C1)OC(=O)CCCCCCCCCCOc1ccc(cc1)c1ccc(cc1)C#N)CC*,1.03779286,14.45758979,4.387582727,5.84E-13,3502.033475,3377.355879,2.79E-10,3633355257,2.69E-10,3759388236,0.000341075,0.000113692,21.41015694,22.80787623,0.066327497,1.548454995,0.2621942,7.22E-08,0.011208808,-0.003767239,0.057006409,0.08314659,0.096381742,0.01827426,0.000117834,-0.000174203
*C(C*)N1CNCC1,1.079195126,15.06593322,12.15032558,3.19E-13,3842.975394,3781.901122,2.57E-10,3933109464,2.53E-10,3997780898,0.000221704,7.39E-05,1.220278514,2.558026829,0.025009024,1.528963232,0.239553034,5.79E-08,0.010379753,0.017674972,0.072895324,0.052345515,0.082200596,0.002422243,0,0.00163463
*C(C*)OCCCCCCCCCCCCCCCCCC,0.863937237,13.75909532,4.834838993,1.66E-12,4484.450463,4234.079231,4.03E-10,2486537231,3.81E-10,2633236838,0.000538348,0.000179449,2.611334247,3.723944697,0.064863411,1.453482019,0.364697261,9.42E-08,0.017979605,0.004625673,0.074692616,0.093773639,0.159545947,0.013805317,0,0.000274464
*C(C*)OC(=O)c1ccc(cc1)C#N,1.163856974,15.78934931,12.513424,2.84E-13,2655.328497,2588.876585,3.13E-10,3269379313,3.05E-10,3350015642,0.000279846,9.33E-05,1.327421652,2.806534284,0.052844807,1.574514073,0.188964216,6.12E-08,0.003931473,0.003013943,0.044919579,0.057187394,0.057580068,0.021265919,5.74E-05,0.00100841
*C(C*)OCC(CC(C)C)(C)C,0.892796096,14.2455368,12.42400575,9.81E-13,4288.256617,4079.423785,3.77E-10,2683206986,3.58E-10,2812095113,0.000469527,0.000156509,1.077940692,2.194544212,0.054800993,1.454853719,0.254371124,6.65E-08,0.014264277,-0.003530105,0.081684699,0.069651328,0.08976067,0.002134308,0,0.000405947
*C(C(*)(F)F)(OC(C(F)F)F)F,1.696241974,18.71840322,20.40104512,5.10E-13,1910.738346,1829.87,4.87E-10,2241585534,4.61E-10,2318717967,0.000454294,0.000151431,2.016902433,2.789970948,0.024631171,1.331564253,0.143872872,4.46E-08,0.00349938,0.009660638,0.048905252,0.033141007,0.047051298,0.001033388,0,0.00058191
*C(C*)C(=O)c1ccc(cc1)Br,1.516763156,16.02566915,13.25540389,6.60E-13,1900.444769,1861.91796,3.80E-10,2744868976,3.72E-10,2803219860,0.000260651,8.69E-05,1.191365295,2.778075111,0.047463371,1.608300148,0.12605159,4.37E-08,0.003660947,0.003622706,0.036052796,0.034848791,0.038264276,0.009362657,6.60E-05,0.000173412
*C(C*)OC(=O)CC1CCCC1,1.046233355,13.87715062,9.617823713,1.17E-12,3708.270525,3486.190193,3.67E-10,2774396547,3.44E-10,2941962400,0.000521832,0.000173944,1.262210335,2.424808172,0.042143678,1.470574371,0.236625928,6.11E-08,0.011020627,0.002278508,0.07902669,0.055254496,0.083786298,0.004425361,0,0.000833949
*C(C*)N1C(=O)CCC1,1.094286524,16.23853098,15.24398897,6.06E-13,3321.181472,3218.084814,3.42E-10,3120947957,3.30E-10,3216991436,0.000357076,0.000119025,1.544516514,2.790511183,0.031669257,1.498660722,0.236040386,6.50E-08,0.008600474,0.004525091,0.065526334,0.068815704,0.082554207,0.004999141,0,0.001019434
*C1C(C2C(C1)C(C(C2)CC*)OC(=O)CCCCCCCCCCOc1ccc(cc1)c1ccc(cc1)C#N)OC(=O)CCCCCCCCCCOc1ccc(cc1)c1ccc(cc1)C#N,1.041845873,15.22602842,7.297999147,7.19E-13,3542.099094,3440.304685,2.72E-10,3699243773,2.64E-10,3811435078,0.000300366,0.000100122,16.56781165,17.94466668,0.07998942,1.54170484,0.248651693,6.74E-08,0.012923605,0.002251373,0.044409758,0.073287115,0.096073699,0.020121056,0.000138365,-0.000553278
*C(C*)C(=O)O,1.303707229,18.71447491,18.46353342,1.05E-13,2772.366034,2738.935106,1.29E-10,7766097863,1.28E-10,7862449488,0.000134519,4.48E-05,1.6210393,2.899141556,0.021982634,1.509336296,0.351557632,9.72E-08,0.019790939,-0.034893178,0.127217333,0.08914934,0.137997197,0.005360905,0.000459379,0.006475717
*C(C*)C(=O)OC,1.129183952,18.53319803,18.77652157,4.57E-13,3178.200224,3057.52415,3.09E-10,3309273117,2.97E-10,3434264508,0.000370965,0.000123655,1.539631076,2.67148628,0.032009517,1.460085865,0.249473618,6.95E-08,0.009958814,0.007087509,0.06662082,0.068588256,0.08561771,0.009704131,0,0.001896377
*C(C*)C(=O)OCC,1.064568208,16.84660274,15.24370212,4.87E-13,3355.376705,3198.727823,3.56E-10,2914355859,3.38E-10,3043797409,0.000437615,0.000145872,1.425736122,2.542197587,0.034245222,1.454803349,0.261966182,7.33E-08,0.012183007,-0.007805592,0.076466291,0.075926471,0.091998559,0.011249438,0,0.001948008
*C(C*)C(=O)OCCC,1.030160522,17.26959447,18.4730147,9.45E-13,3569.573438,3325.702324,4.71E-10,2206494604,4.39E-10,2364792649,0.000619771,0.00020659,1.368839652,2.477553503,0.036481594,1.452141043,0.245170112,6.68E-08,0.015054149,0.008255972,0.064116731,0.068491825,0.083061475,0.005433538,0,0.000756422
*C(C*)C(=O)OC(C)C,1.018190946,16.46496186,14.49464279,1.16E-12,3585.902483,3450.592471,4.26E-10,2380634223,4.10E-10,2475461889,0.000421743,0.000140581,1.410199426,2.503012359,0.030071843,1.446654454,0.251403563,6.89E-08,0.022142115,-0.036241096,0.082727773,0.077283288,0.099492055,0.004764916,0,0.001234512
*C(C*)C(=O)OCCCC,1.001402306,15.85093378,13.7935014,1.43E-12,3891.284197,3588.878803,4.61E-10,2235726690,4.24E-10,2409870674,0.00067018,0.000223393,1.292333178,2.395676615,0.04753116,1.450290219,0.255094023,6.57E-08,0.015979807,0.005035046,0.068458431,0.070665081,0.084604906,0.010132152,0,0.0002186
*C(C*)C(=O)OCC(C)C,0.997194883,15.74079932,14.47704895,8.71E-13,3648.053994,3507.560485,3.58E-10,2819254261,3.44E-10,2932673265,0.000395489,0.00013183,1.310936364,2.403410879,0.043736934,1.446538286,0.241958713,6.65E-08,0.008754749,-7.67E-05,0.062041305,0.074590479,0.088476256,0.006999371,0,0.001173293
*C(C*)C(=O)OC(C)(C)C,0.971035325,16.03282719,15.32647423,9.51E-13,3639.002148,3507.882469,4.48E-10,2285800834,4.30E-10,2363173283,0.000411693,0.000137231,1.366606417,2.416941039,0.051911073,1.431897504,0.228960032,6.49E-08,0.020394006,-0.049113178,0.081350485,0.078057408,0.089565749,0.005579066,0,0.003126496
*C(C*)C(=O)OCCCCCC,0.963879959,14.943675,11.98867392,1.55E-12,3989.809204,3736.406376,4.20E-10,2398364056,3.93E-10,2559937138,0.000573064,0.000191021,1.208105233,2.300498357,0.055186621,1.446510084,0.259092425,6.74E-08,0.014650346,0.007484849,0.068963712,0.071969689,0.085582347,0.010344942,0,9.65E-05
*C(C*)C(=O)OCCCCCCC,0.948837806,14.77447829,12.63248483,1.57E-12,3918.208993,3692.895703,4.16E-10,2433889487,3.91E-10,2579388554,0.000541527,0.000180509,1.207477582,2.293252252,0.055898166,1.44422107,0.258296751,6.95E-08,0.0121358,0.005026166,0.058875466,0.072825672,0.099996532,0.008743388,0,0.000693728
*C(C*)C(=O)OCCCCCCCC,0.942140506,14.09828696,10.02967005,1.43E-12,3963.381938,3742.546059,4.32E-10,2337797654,4.08E-10,2474004089,0.000544011,0.000181337,1.225488447,2.339688984,0.056520683,1.454028734,0.283339543,7.59E-08,0.014660845,0.004035483,0.06690888,0.081116861,0.106034971,0.010340217,0,0.000242285
*C(C*)C(=O)OCCCCCCCCCCCC,0.913403657,13.68458172,7.753975474,1.52E-12,4282.098505,4024.128246,4.05E-10,2479269925,3.80E-10,2636453223,0.000561528,0.000187176,1.153527221,2.269909393,0.078556867,1.454778475,0.309141226,7.91E-08,0.012884335,0.005824479,0.063959899,0.095485317,0.119940768,0.010962824,0,8.36E-05
*C(C*)C(=O)OCCCCCCCCCCCCCC,0.905452429,13.27992216,6.179485862,1.54E-12,4250.896528,3998.034203,4.11E-10,2460959896,3.86E-10,2613474095,0.000555891,0.000185297,1.13414656,2.2356252,0.068189853,1.449647535,0.313712263,8.15E-08,0.018980054,0.007632623,0.072865436,0.079118475,0.126005072,0.009029428,0,8.12E-05
*C(C*)C(=O)OCCCCCCCCCCCCCCCC,0.898806002,13.6699298,5.057881419,1.63E-12,4265.19058,4007.26875,4.16E-10,2408547463,3.91E-10,2563208132,0.000562015,0.000187338,1.15057352,2.264693197,0.081581606,1.454000636,0.333661973,8.71E-08,0.019055502,0.006606987,0.074789176,0.086947783,0.139056155,0.007611001,0,-0.000404632
*C(C*)C(=O)OCCCCCCCCCCCCCCCCCC,0.89196107,14.03382495,5.332901153,1.83E-12,4385.154735,4138.493224,4.01E-10,2504860274,3.79E-10,2654130088,0.000542021,0.000180674,2.995547846,4.097677842,0.067704022,1.449872281,0.332315444,8.50E-08,0.015052956,0.005898698,0.063288463,0.089586491,0.148596777,0.010152415,0,-0.000260356
*C(C*)C(=O)OCCCCCCCCCCCCCCCCCCCCCC,0.884876752,14.5176678,3.810046043,1.72E-12,4400.566011,4157.710573,3.87E-10,2593715894,3.66E-10,2743020762,0.000524476,0.000174825,6.053845411,7.143357262,0.076267406,1.445512087,0.358016945,9.21E-08,0.021263396,0.010645371,0.080815038,0.082354113,0.149921471,0.013030807,0,-1.33E-05
*C(C*)C(=O)OCC=C,1.087141868,16.63317236,16.20412833,9.83E-13,3360.001121,3144.461154,3.89E-10,2577645210,3.64E-10,2753157699,0.000543573,0.000181191,1.440139564,2.675483454,0.033283046,1.495105416,0.263380595,7.21E-08,0.017004555,0.015861748,0.072696459,0.060788604,0.079230081,0.016454007,0,0.001345142
*C(C*)C(=O)OC1C2(CCC(C1)C2(C)C)C,0.986288422,13.53478497,9.901748413,7.09E-13,3592.068263,3539.185786,3.70E-10,2753091642,3.64E-10,2794650030,0.000250571,8.35E-05,1.15064734,2.252582241,0.041462358,1.44980261,0.208176754,5.88E-08,0.011385902,0.013037773,0.068277426,0.046082533,0.067317974,0.002246533,0,-0.000171389
*C(C*)C(=O)OCC(F)(F)F,1.418541441,17.41967846,16.05327423,6.83E-13,2380.825641,2292.833657,3.16E-10,3166527441,3.05E-10,3288929441,0.000359395,0.000119798,2.11544892,3.059482836,0.041319363,1.394285931,0.164710423,4.88E-08,0.003894166,0.002311592,0.043920521,0.051808266,0.057561729,0.003380806,0,0.001833344
*C(C*)C(=O)OCC(C(F)(F)F)(F)F,1.493383044,16.89967025,14.90892934,8.61E-13,2245.726364,2129.685597,4.25E-10,2387095450,4.03E-10,2513437254,0.000485497,0.000161832,1.583437563,2.457593056,0.034405036,1.368996609,0.143562058,4.28E-08,0.002510484,0.004163733,0.040095619,0.041877692,0.049990769,0.003989091,0,0.00093467
*C(C*)C(=O)OC(C(F)(F)F)C(F)(F)F,1.536822752,17.53091845,17.56750892,8.59E-13,2041.340646,1975.855274,4.45E-10,2304416596,4.30E-10,2377030705,0.000382283,0.000127428,1.270113976,2.085017716,0.035255798,1.347178504,0.132233355,4.22E-08,0.006280095,0.004442208,0.040618577,0.033228769,0.044459382,0.003034571,0,0.000169753
*C(C*)C(=O)OC(C(F)(F)F)(C(F)(F)F)F,1.597661628,16.89930197,14.57661778,7.42E-13,1919.286325,1853.480583,4.98E-10,2046884719,4.80E-10,2118039441,0.000410778,0.000136926,1.243227538,2.025887333,0.042629681,1.335161928,0.115357789,3.76E-08,0.002132475,0.003310913,0.036669191,0.035767785,0.034522228,0.002184447,0,0.00077075
*C(C*)C(=O)OC(C(Cl)(F)F)(C(F)(F)F)F,1.596822382,17.4877483,16.99899549,8.62E-13,1884.403649,1758.158015,5.79E-10,1789555856,5.39E-10,1911401709,0.000608971,0.00020299,1.209705876,2.070605415,0.035379806,1.36414012,0.108082679,3.59E-08,0.003950929,0.006618427,0.035601493,0.025246652,0.03518988,0.001245419,0,0.000229878
*C(C*)C(=O)OC(C(Cl)(F)F)(C(Cl)(F)F)F,1.633953683,17.52869422,16.85634273,7.50E-13,1689.345431,1645.03384,4.39E-10,2302111458,4.28E-10,2366953264,0.000316767,0.000105589,1.193414795,2.135797354,0.034633533,1.393689921,0.102567279,3.72E-08,0.003532298,0.002908857,0.035678666,0.027932952,0.031204198,0.001170092,0,0.000140217
*C(C*)C(=O)OCC(C(F)C(F)(F)F)(F)F,1.535446377,15.95493816,14.05572354,7.17E-13,2238.601879,2116.85299,3.44E-10,3010873642,3.24E-10,3153850211,0.000432237,0.000144079,1.56829933,2.457223058,0.040259274,1.374380245,0.149880398,4.40E-08,0.005944931,0.004575205,0.045232022,0.042686254,0.047901217,0.003185454,0,0.000355315
*C(C*)C(=O)OCC(C(C(F)(F)F)(F)F)(F)F,1.563652716,16.17765228,14.43085468,9.29E-13,2185.700505,2023.248792,4.67E-10,2279544936,4.27E-10,2426327782,0.000602174,0.000200725,1.371466869,2.204108399,0.051891471,1.35374993,0.134586462,3.96E-08,0.004576741,0.003916572,0.039483006,0.038078161,0.045688665,0.002352504,0,0.000490814
*C(C*)(C(=O)OC)C,1.033055843,17.75408992,19.50353004,4.54E-13,3332.915937,3296.593251,3.67E-10,2738743229,3.63E-10,2768876873,0.000148746,4.96E-05,1.22540091,2.286963542,0.040890133,1.435813493,0.214253377,6.23E-08,0.008800183,0.010420278,0.068229446,0.050905677,0.067394758,0.007992727,0,0.000510308
*C(C*)(C(=O)OCC)C,0.990367795,17.04579674,17.3775897,6.81E-13,3523.717173,3446.835951,4.32E-10,2351727356,4.23E-10,2404723149,0.000321803,0.000107268,1.179524305,2.219714518,0.046476842,1.428348512,0.214601581,6.16E-08,0.011768992,0.005896604,0.071876097,0.049147172,0.069654914,0.005566182,0,0.000691619
*CC(*)(C)C(=O)OCCC,0.989428412,16.19729792,16.51390615,6.02E-13,3629.456323,3488.765152,4.65E-10,2186132752,4.47E-10,2273482142,0.000435792,0.000145264,1.155692794,2.223428935,0.046601233,1.437955137,0.217185653,6.05E-08,0.015243111,0.015341907,0.073128595,0.043933423,0.062659127,0.006497134,0,0.000382356
*CC(*)(C)C(=O)OC(C)C,0.953690368,16.7947377,17.04011029,4.46E-13,3484.847274,3421.62562,4.71E-10,2142592716,4.62E-10,2182791422,0.000292427,9.75E-05,1.163544805,2.19048347,0.044729433,1.423699985,0.212297791,6.39E-08,0.012452247,-0.010924503,0.073930291,0.062397252,0.07021911,0.002543164,0,0.001680231
*C(C*)(C(=O)OCCCC)C,0.977791197,15.55524532,13.39446826,1.01E-12,3859.802486,3629.187639,5.12E-10,2090120515,4.77E-10,2204801190,0.000610361,0.000203454,1.147279,2.227135239,0.042089945,1.442170323,0.223797866,5.96E-08,0.009023591,0.005877903,0.064745975,0.065640227,0.071273541,0.006324528,0,0.0009121
*CC(*)(C)C(=O)OC(C)CC,0.946334214,15.49147687,13.26799434,6.24E-13,3681.087003,3630.794702,4.69E-10,2145882837,4.63E-10,2175360136,0.000270227,9.01E-05,1.135240401,2.171518216,0.052094894,1.426980635,0.219748019,6.31E-08,0.010444956,0.001688565,0.063206081,0.063696212,0.075391835,0.00485246,0,0.000467911
*CC(*)(C)C(=O)OCC(C)C,0.96194342,15.30603285,12.7478101,7.59E-13,3757.563752,3646.607411,4.09E-10,2447415565,3.97E-10,2520918819,0.000376116,0.000125372,1.169062498,2.231363431,0.037111923,1.436068531,0.211663838,5.86E-08,0.00924698,0.003656232,0.06645967,0.05876751,0.066747048,0.006114518,0,0.000671878
*CC(*)(C)C(=O)OC(C)(C)C,0.912409902,16.20809979,15.87483632,1.07E-12,3717.043541,3693.518169,6.13E-10,1681763097,6.10E-10,1692642645,0.000122795,4.09E-05,1.167502065,2.154745531,0.057193829,1.409693587,0.199032877,5.88E-08,0.012308634,-0.016683407,0.074522742,0.052713781,0.070711192,0.003925647,0,0.001534288
*CC(*)(C)C(=O)OCCCCCC,0.953772359,14.66868863,11.02777563,1.00E-12,3892.180874,3757.752263,3.92E-10,2566448000,3.78E-10,2657065462,0.00040784,0.000135947,1.10686041,2.196702053,0.055383519,1.445627509,0.247136147,6.66E-08,0.012997787,0.004589678,0.068939837,0.069664408,0.083397352,0.007754855,0,-0.00020777
*CC(*)(C)C(=O)OCCCCCCCC,0.934650547,14.55134418,11.69399208,1.09E-12,4036.043784,3888.117506,3.90E-10,2588451323,3.76E-10,2686650782,0.000419806,0.000139935,1.093994721,2.183525666,0.051828171,1.445520129,0.263447418,6.99E-08,0.016856625,0.011444191,0.072626021,0.063487974,0.09341059,0.005793539,0,-0.000171522
*CC(*)(C)C(=O)OCCCCCCCCCCCC,0.910290248,13.39340415,7.580309245,1.49E-12,4177.974231,3924.879092,4.69E-10,2167101011,4.39E-10,2304082380,0.000598643,0.000199548,1.076998933,2.18256745,0.063247521,1.451057244,0.297503097,7.82E-08,0.020283819,0.009997953,0.078001065,0.074719053,0.10621903,0.008202469,0,7.97E-05
*CC(*)(C)C(=O)OC1CCCCC1,0.972678461,14.59071673,13.07997233,3.95E-13,3575.948723,3536.146622,3.82E-10,2700321441,3.78E-10,2733366702,0.000189818,6.33E-05,1.119271981,2.203409415,0.050662639,1.443645063,0.188801438,5.43E-08,0.009047226,0.006483581,0.058098275,0.048769393,0.064950324,0.001310585,0,0.000142053
*CC(*)(C)C(=O)Oc1ccccc1,1.099424256,15.47850817,12.8220045,7.22E-13,3048.284413,3006.219366,3.62E-10,2787466475,3.57E-10,2826432097,0.000235303,7.84E-05,1.200386973,2.557393294,0.045430052,1.53525243,0.192736665,5.76E-08,0.007074601,0.003585873,0.055529363,0.05274546,0.052676101,0.020385133,0.000204439,0.000535695
*CC(*)(C)C(=O)OCc1ccccc1,1.091824545,14.93752811,11.54483146,5.88E-13,3157.157629,3093.616624,3.12E-10,3235861146,3.05E-10,3300272580,0.00026405,8.80E-05,1.131547023,2.457786909,0.050686726,1.525196849,0.196260903,5.69E-08,0.007826565,0.012156953,0.058277771,0.045749523,0.050804858,0.02098285,0.000191579,0.000270804
*CC(*)(C)C(=O)OCCBr,1.508509344,17.47188732,17.10372408,5.22E-13,2315.811119,2162.117283,3.76E-10,2716905807,3.50E-10,2891086297,0.000520067,0.000173356,2.027927958,3.196557307,0.037033363,1.472619624,0.156664784,4.51E-08,0.005767232,0.003936759,0.049953587,0.050206272,0.045397538,0.001032441,0,0.000370955
*CC(*)(C)C(=O)OCc1ccccc1Cl,1.18896235,16.36566282,14.92733518,6.78E-13,2717.477183,2646.29287,3.42E-10,2976795986,3.33E-10,3051473829,0.000303674,0.000101225,1.237393827,2.605612884,0.043076596,1.53890123,0.165076796,5.11E-08,0.005532698,0.008273258,0.050910755,0.046905387,0.038799982,0.014528606,8.63E-05,3.99E-05
*CC(*)(C)C(=O)OCCO,1.134422469,16.14206295,13.27983286,5.73E-13,3728.718374,3633.078938,2.71E-10,3743484423,2.64E-10,3846916141,0.000211257,7.04E-05,2.33810038,3.473831076,0.038493617,1.46141376,0.250973925,5.97E-08,0.010272676,0.004083152,0.085002382,0.067951038,0.075389741,0.005687487,0,0.002587448
*CC(*)(C)C(=O)OCCN(C)C,1.036064242,14.82278012,10.97979608,9.76E-13,3672.015455,3521.625345,3.91E-10,2647978860,3.76E-10,2760287326,0.00042005,0.000140017,1.356676257,2.514808623,0.057135573,1.469056427,0.241329136,6.36E-08,0.012986058,0.011706451,0.070991485,0.065457933,0.072883937,0.006696055,0,0.000607216
*CC(*)C(N)=O,1.263155414,17.78837154,18.01986885,1.47E-13,3097.224007,3069.949703,1.42E-10,7230985891,1.41E-10,7298870121,0.000113618,3.79E-05,2.2792933,3.715096079,0.023291677,1.56070446,0.444629702,1.14E-07,0.046982014,-0.161556317,0.206819638,0.108868091,0.201724739,0.018713591,0.007643068,0.015434878
*CC(*)C(=O)NC(C)C,1.008805527,15.97303008,13.7287288,7.59E-13,3872.144324,3635.529777,4.21E-10,2473883014,3.94E-10,2620009172,0.000559867,0.000186622,1.666494306,2.853866899,0.034457913,1.47897592,0.262015599,6.74E-08,0.024067913,-0.051858868,0.087321535,0.075128556,0.113809239,0.00769692,0.001310464,0.00453984
*CC(*)C(=O)OC(CC)CC,0.9720182,15.29508313,11.8286435,1.33E-12,3798.883002,3603.310669,4.68E-10,2171098467,4.43E-10,2288336505,0.000540937,0.000180312,1.229740994,2.304269073,0.037344054,1.440321234,0.245278243,6.64E-08,0.017873975,0.01046744,0.070381749,0.057847154,0.083791192,0.004575009,0,0.000341725
*CC(*)C(=O)OC1CCCCC1,1.016583768,13.82399801,9.975802026,5.67E-13,3451.938416,3375.279307,3.26E-10,3097275248,3.19E-10,3168679423,0.000286247,9.54E-05,1.23483078,2.345154392,0.036021875,1.452690784,0.215312167,6.14E-08,0.010345464,0.008571343,0.061846718,0.062766089,0.06701438,0.00463548,0,0.000132693
*CC(*)C(=O)OCC(C)(C)C,0.963513972,15.26310416,12.90480816,1.08E-12,3659.584118,3546.991481,3.73E-10,2687750528,3.62E-10,2772743696,0.000363753,0.000121251,1.262755833,2.328540453,0.04592882,1.437282739,0.235321696,6.68E-08,0.017338633,0.001678484,0.06991187,0.0589655,0.080062936,0.00659492,0,0.000769352
*CC(*)C(=O)OCCC#N,1.158051852,17.15727746,15.98132205,2.15E-13,2881.565948,2803.376367,1.97E-10,5118664504,1.91E-10,5257958362,0.000240772,8.03E-05,2.722244254,3.912592247,0.031868486,1.479981809,0.249017898,7.48E-08,0.011495807,-0.009992824,0.077578329,0.071299034,0.089174574,0.005971652,0,0.003491324
*CC(*)C(=O)N1CCCCC1,1.040542744,14.57926593,13.00275555,7.36E-13,3698.870489,3634.667159,3.15E-10,3190480132,3.10E-10,3247357640,0.000254275,8.48E-05,1.284218784,2.505359702,0.047791224,1.490339193,0.224880389,5.83E-08,0.011552425,0.019335363,0.074743321,0.043682465,0.071928724,0.00362627,6.99E-05,-5.81E-05
*CC(*)C(=O)N1CCOCC1,1.139923204,13.76267889,12.07722772,5.91E-13,3428.683663,3357.234481,2.82E-10,3566676698,2.76E-10,3644178637,0.000226268,7.54E-05,1.304874403,2.54840855,0.029332199,1.49783536,0.212390136,5.44E-08,0.006018125,-0.002035183,0.057573889,0.077629273,0.067945697,0.00490146,2.47E-05,0.00033213
*CC(*)C(=O)Oc1ccccc1,1.159695123,16.36247995,14.20196064,4.90E-13,2874.836916,2801.679939,2.85E-10,3508343325,2.78E-10,3599946599,0.000282308,9.41E-05,1.360236281,2.80024006,0.027493554,1.562050473,0.204691395,6.14E-08,0.008571128,0.005404596,0.06072864,0.049505002,0.057385662,0.022290789,0.000223233,0.000582343
*CC(*)C(=O)Oc1ccc(OC)cc1,1.172544176,14.62669406,11.80201675,8.94E-13,3163.520465,2979.6795,3.66E-10,2795821864,3.44E-10,2957839248,0.000491565,0.000163855,1.765704327,3.172220992,0.038382458,1.551294002,0.230448188,6.23E-08,0.008173592,0.003131408,0.051937405,0.068748741,0.069796844,0.027049592,0.000227032,0.001383573
*CC(*)C(=O)Oc1ccccc1C(=O)OC,1.217023565,14.82615356,11.95199222,4.45E-13,2801.940827,2717.029291,2.85E-10,3540168395,2.76E-10,3647233908,0.000310631,0.000103544,1.756180965,3.128018381,0.044157773,1.540072509,0.219785117,6.46E-08,0.008490095,-0.002186986,0.063020873,0.063475421,0.06037641,0.025588536,0.000173167,0.000847601
*CC(*)C(=O)Oc1ccccc1C(=O)OCC,1.174569494,13.19656261,8.942630818,5.08E-13,2949.585097,2881.475536,3.09E-10,3241318848,3.02E-10,3317461832,0.000284404,9.48E-05,1.688296176,3.013911376,0.036895326,1.524993858,0.218273906,6.31E-08,0.006386015,-0.001633351,0.048448347,0.076630797,0.062169249,0.024965709,9.45E-05,0.00121261
*CC(*)C(=O)Oc1cccc(C(=O)OC)c1,1.206588234,15.68591994,14.42956226,4.15E-13,2797.737706,2738.508937,2.66E-10,3767843249,2.61E-10,3850352285,0.000246459,8.22E-05,1.597275533,2.967202131,0.061316687,1.539455774,0.234531676,6.95E-08,0.009828736,0.00514942,0.062014798,0.072692891,0.06169185,0.020794106,0.000189652,0.002170223
*CC(*)C(=O)Oc1cccc(C(=O)OCC)c1,1.166635876,13.88062741,8.434937116,5.53E-13,2943.15299,2839.19963,3.55E-10,2938132421,3.42E-10,3044751226,0.000358341,0.000119447,1.452647506,2.796092028,0.047918927,1.530828206,0.235991614,6.88E-08,0.010936315,0.006007191,0.061656157,0.072523398,0.062539446,0.022115682,9.31E-05,0.000120367
*CC(*)C(=O)Oc1ccc(C(=O)OC)cc1,1.200460801,13.6680908,8.150320797,4.09E-13,2813.831132,2742.54454,3.03E-10,3307421433,2.95E-10,3393999234,0.000285876,9.53E-05,1.629920119,3.022618133,0.045030702,1.546828918,0.246881391,7.31E-08,0.006418631,0.002818496,0.05789691,0.074794481,0.069387962,0.031883326,0.000255168,0.003426417
*CC(*)C(=O)Oc1ccc(C(=O)OCC)cc1,1.168794946,14.69725119,9.965158127,7.26E-13,2951.349674,2848.894351,3.43E-10,2970663047,3.31E-10,3072841440,0.000366016,0.000122005,1.465988927,2.8353935,0.046349038,1.53928563,0.254460099,7.37E-08,0.008530616,-0.001119824,0.052505313,0.086582248,0.078572479,0.027804239,0.000121797,0.001463232
*CC(*)C(=O)Oc1ccc(C(=O)OCCCC)cc1,1.126542992,14.15047761,8.765813292,5.15E-13,3163.196698,3027.202966,3.20E-10,3138008986,3.06E-10,3276732668,0.000401555,0.000133852,1.378245649,2.719591567,0.048693814,1.530144405,0.269375988,7.57E-08,0.007683481,-0.002104051,0.058421192,0.099354364,0.077499079,0.026484928,0.000182664,0.001854331
*CC(*)C(=O)Oc1ccc(-c2ccccc2)cc1,1.152249555,15.0865752,12.03955403,6.25E-13,2896.523295,2837.794213,2.78E-10,3635382971,2.73E-10,3712473738,0.000245754,8.19E-05,1.233532101,2.913663137,0.042576998,1.637110469,0.225714507,6.61E-08,0.006619954,0.004318021,0.047196012,0.07004088,0.062126188,0.03413073,0.000368667,0.000914055
*CC(*)C(=O)OCc1ccccc1,1.135763036,15.74589379,14.15693044,7.56E-13,3118.49244,3003.369147,3.01E-10,3372019776,2.90E-10,3495385641,0.000359354,0.000119785,1.23776778,2.635564795,0.040566464,1.548481574,0.203084164,5.74E-08,0.008784392,0.007242061,0.052785026,0.055934006,0.056239411,0.021276509,0.000210955,0.000611803
*CC(*)C(=O)OCCc1ccccc1,1.114090612,14.37769261,11.02684151,1.26E-12,3316.051845,3152.455905,3.05E-10,3347119008,2.89E-10,3513877834,0.000426642,0.000142214,1.20394689,2.56066194,0.047274851,1.535158728,0.218359976,5.91E-08,0.008940523,0.005976976,0.05487043,0.063600283,0.062077785,0.022779231,0.000177166,-6.24E-05
*CC(*)C(=O)Oc1cccc(N(C)C)c1,1.15007506,14.20765792,11.25442255,6.95E-13,3160.316182,3044.889663,2.58E-10,3897183839,2.48E-10,4044228247,0.000335472,0.000111824,1.337893866,2.842396936,0.043209909,1.582561671,0.265857865,7.31E-08,0.01524585,-0.004153419,0.073200919,0.076494706,0.081688406,0.021400434,0.000211046,0.001769924
*CC(*)C(=O)Oc1ccc(C#N)cc1,1.183986714,16.75532154,14.63343663,2.49E-13,2730.438108,2681.223765,2.37E-10,4226903663,2.33E-10,4304219364,0.000213549,7.12E-05,1.489782905,2.984121018,0.045728312,1.57934657,0.217648606,6.73E-08,0.006741153,-0.001006532,0.050666372,0.070214782,0.066168388,0.021694736,0.000122913,0.003046794
*CC(*)C(=O)OCc1ccc(C#N)cc1,1.150101385,14.9381318,10.63313019,6.20E-13,2919.658036,2819.370201,2.97E-10,3440654345,2.87E-10,3562055262,0.000316924,0.000105641,1.501134251,2.920182833,0.041283563,1.555327874,0.206123134,6.15E-08,0.003176475,-0.000486116,0.043888258,0.076743917,0.06303342,0.019175628,0.000108325,0.000483228
*CC(*)C(=O)Oc1ccc(Cl)cc1Cl,1.36901816,16.96300774,13.84057672,4.94E-13,2072.557397,2019.375266,3.38E-10,3009663615,3.29E-10,3085986342,0.0002846,9.49E-05,1.291783711,2.747259681,0.041503975,1.566991926,0.148391912,5.24E-08,0.00533984,0.000121434,0.046886592,0.037015,0.04425363,0.014181648,4.38E-05,0.000549999
*CC(*)C(=O)Oc1c(Cl)c(Cl)c(Cl)c(Cl)c1Cl,1.559789955,18.46545024,20.47759634,3.59E-13,1463.500531,1427.901734,4.19E-10,2411095349,4.09E-10,2472745421,0.00026874,8.96E-05,1.134506749,2.601996739,0.036521494,1.570820714,0.103950173,4.56E-08,0.001728336,0.001769385,0.034670065,0.030752809,0.024038823,0.010139794,0,0.000850962
*CC(*)C(=O)N(C)C,1.073801453,16.21765411,15.76946468,8.68E-13,3561.976139,3397.600692,3.26E-10,3108795607,3.11E-10,3257798774,0.000422172,0.000140724,1.507936741,2.767909267,0.035727827,1.503318492,0.254840576,6.67E-08,0.017506962,0.018533446,0.078665094,0.058544856,0.079459443,0.002102758,0.00017818,-0.000150164
*CC(*)(C)C(=O)OCCOC,1.090293836,15.73833492,12.63551631,9.31E-13,3574.078904,3377.934693,3.61E-10,2860698988,3.39E-10,3012409229,0.000494643,0.000164881,2.223283388,3.331207838,0.045877878,1.451867273,0.229867686,5.91E-08,0.015225955,0.011297665,0.076258488,0.050597348,0.068586127,0.006806093,0,0.001096009
*CC(*)(C)C(=O)OCC(C)O,1.091888654,14.81784724,9.655924027,4.73E-13,3557.53269,3439.680666,2.74E-10,3761681335,2.64E-10,3881809611,0.000323555,0.000107852,1.763820067,2.881868872,0.050924425,1.45535081,0.247322516,6.39E-08,0.012223444,-0.000157289,0.088964373,0.058500367,0.076400359,0.008048036,0,0.003343226
*CC(*)(C)C(=O)OCCC#N,1.090917117,16.86981314,15.3088977,3.17E-13,3106.641277,3033.057746,2.50E-10,4038650157,2.44E-10,4135286008,0.000251979,8.40E-05,2.381322932,3.514031802,0.029021601,1.460377291,0.215065114,6.37E-08,0.010135868,0.00187945,0.072915337,0.058722176,0.06605355,0.004689938,0,0.000668796
*CC(*)(C)C(=O)OCCO[N+](=O)[O-],1.264027777,16.05424523,14.00167469,4.26E-13,2772.993506,2710.107653,2.39E-10,4223472191,2.34E-10,4323429429,0.000245771,8.19E-05,2.344323875,3.478908476,0.046718686,1.461019485,0.219332193,6.26E-08,0.012842493,0.006414256,0.079248375,0.048120842,0.062302358,0.007258727,0,0.003145141
*CC(*)(C)C(=O)OCCS(=O)CC,1.144553412,15.40401899,12.65651453,6.35E-13,3265.144708,3125.133024,3.05E-10,3349362503,2.91E-10,3486477449,0.000374022,0.000124674,2.547472194,3.7316264,0.04277929,1.477885642,0.23559466,6.33E-08,0.009061637,0.004644151,0.074292436,0.062625749,0.077158818,0.006498357,0,0.001313513
*CC(*)(C)C(=O)Oc1ccc(CC#N)cc1,1.116884827,15.89822091,13.82056675,3.17E-13,2885.542068,2834.054904,2.70E-10,3741471528,2.65E-10,3808442984,0.000225386,7.51E-05,2.116154145,3.47936284,0.043954354,1.537269676,0.207428616,6.44E-08,0.007406245,0.003172502,0.063592039,0.062560065,0.054007221,0.016021089,0.000129515,0.00053994
*CC(*)(C)C(=O)Oc1ccc(C(=O)OC)cc1,1.164528174,15.9622621,14.18042101,3.34E-13,2850.141092,2786.528113,3.14E-10,3222821680,3.06E-10,3292593439,0.000271566,9.05E-05,1.415113395,2.776957024,0.040882065,1.536821048,0.243504441,7.34E-08,0.011469176,0.002657195,0.070050981,0.063252241,0.065549765,0.030067236,0.000192663,0.000265183
*CC(*)(CC)C(=O)OCC,0.972122176,18.68941169,22.86849021,3.49E-13,3617.10157,3533.737289,4.99E-10,2082632532,4.88E-10,2131938392,0.000357383,0.000119128,1.136016518,2.184063019,0.062293493,1.431091039,0.205025977,5.85E-08,0.01112589,0.004861801,0.070947714,0.048101445,0.064271997,0.004972838,0,0.000744292
*CC(*)(CC(=O)OCC)C(=O)OCC,1.072165826,16.45393479,17.46516175,3.36E-13,3181.565588,3112.910347,3.79E-10,2648453379,3.71E-10,2707588230,0.000302492,0.000100831,1.354228718,2.390894121,0.06640069,1.427117523,0.226726356,6.65E-08,0.015095117,-0.004310477,0.075764553,0.048472216,0.083498975,0.008095402,0,0.00011057
*CC(*)(CC(=O)OCCCC)C(=O)OCCCC,1.022044666,14.1560318,12.86068239,7.67E-13,3618.282516,3441.089801,4.28E-10,2353997408,4.07E-10,2473498594,0.000506832,0.000168944,1.304653213,2.390872916,0.070532438,1.444373996,0.23939117,6.48E-08,0.009786681,0.002415081,0.074636009,0.072036777,0.073580119,0.006878283,0,5.82E-05
*CC(*)(CC(=O)OC1CCCCC1)C(=O)OC1CCCCC1,0.987497028,10.36673786,3.113592582,2.96E-13,3416.738255,3392.932843,6.41E-10,1692506996,6.36E-10,1704352208,7.22E-05,2.41E-05,1.122837147,2.159469532,0.056988246,1.427093947,0.173081052,5.13E-08,0.005205483,0.006363451,0.065892446,0.041559189,0.051490435,0.002345599,0,0.000224448
*CC(*)(CC(=O)OCC1CCCCC1)C(=O)OCC1CCCCC1,1.013959173,11.11893161,5.748713241,6.45E-13,3491.159026,3436.713652,3.99E-10,2556878009,3.92E-10,2598010707,0.000266805,8.89E-05,1.160478337,2.26732888,0.050136288,1.451480266,0.205021412,5.79E-08,0.008241988,0.001394541,0.05755649,0.067250669,0.065902182,0.004615798,0,5.97E-05
*CC(*)(CC(=O)OCCC1CCCCC1)C(=O)OCCC1CCCCC1,1.008079519,11.63447878,6.028041232,6.31E-13,3634.474843,3543.454866,3.46E-10,2932044006,3.37E-10,3004365768,0.000312219,0.000104073,1.173750198,2.295536056,0.068354603,1.456626833,0.217195568,5.95E-08,0.011410803,0.012941262,0.074721425,0.049266286,0.064705629,0.004123688,0,2.65E-05
*CC(*)(CC(=O)OCCCC1CCCCC1)C(=O)OCCCC1CCCCC1,1.006667282,11.12507079,4.980262627,8.51E-13,3785.760502,3633.600968,3.68E-10,2751209353,3.53E-10,2865687162,0.000420647,0.000140216,1.114242526,2.256789548,0.074866647,1.463735436,0.238263021,6.26E-08,0.00917249,0.009307459,0.071303379,0.068369806,0.075583457,0.004322633,0,0.000203798
*CC(*)(CC(=O)Oc1ccccc1)C(=O)Oc1ccccc1,1.158608395,14.74432802,13.55877962,6.19E-13,2884.654652,2788.70911,4.81E-10,2212545850,4.64E-10,2284296680,0.00041288,0.000137627,1.275014256,2.631022556,0.068000257,1.534911662,0.188229452,5.63E-08,0.003427484,0.007629751,0.055931264,0.051151068,0.043726411,0.025569699,0.000249647,0.000544128
*CC(*)(CC(=O)OCc1ccccc1)C(=O)OCc1ccccc1,1.151577723,14.63808686,14.10366875,1.12E-12,3164.13213,3053.21663,3.55E-10,2897894616,3.42E-10,2997347296,0.000384876,0.000128292,1.249693252,2.578072651,0.053433625,1.525900821,0.203256306,5.59E-08,0.010887042,0.008326248,0.066740785,0.044831655,0.047272664,0.024666731,0.000260424,0.000270756
*CC(*)(CC(=O)OCCc1ccccc1)C(=O)OCCc1ccccc1,1.130052948,14.03345744,12.37637048,1.05E-12,3109.680398,3031.190477,3.04E-10,3301249202,2.97E-10,3386145090,0.00029692,9.90E-05,1.172272181,2.472595914,0.067517392,1.516680242,0.202653643,5.77E-08,0.008006811,0.004323415,0.057460752,0.058278095,0.051122097,0.022919402,0.000244246,0.000298826
*CC(*)(CC(=O)OCCCc1ccccc1)C(=O)OCCCc1ccccc1,1.119451787,12.40911496,6.789227795,1.06E-12,3473.02424,3261.520449,3.62E-10,3055910699,3.35E-10,3206633384,0.000509811,0.000169937,1.145517534,2.488668976,0.059053781,1.530727217,0.210081521,5.45E-08,0.008219451,0.013054951,0.073717013,0.036342305,0.058634711,0.019379721,0.000217826,0.000515543
*CC(*)(C)C(=O)Oc1ccc(C#N)cc1,1.126426327,16.42669939,13.88496961,3.97E-13,2807.547405,2751.937525,3.41E-10,3094599509,3.33E-10,3153859418,0.00026306,8.77E-05,1.313602842,2.72716991,0.05024679,1.553561962,0.199831364,6.33E-08,0.005468867,0.005559631,0.061304229,0.057448397,0.049103609,0.019273892,0.000192859,0.001479881
*CC(*)(CC(=O)OC)C(=O)OC,1.129334605,17.1353479,17.68733851,5.22E-13,3266.388338,3159.695171,3.56E-10,2840130031,3.44E-10,2928456693,0.000362061,0.000120687,1.627587504,2.676556546,0.048357109,1.431420373,0.211788328,5.76E-08,0.008251336,0.008577051,0.067378813,0.050830099,0.065544736,0.009710012,0,0.00149628
*C(*)C(=O)OCC,1.092477839,17.34823087,19.90832612,2.17E-13,3169.214602,3055.63507,4.58E-10,2236436681,4.41E-10,2318908918,0.000434114,0.000144705,1.351359985,2.436809773,0.054618583,1.444107937,0.225814865,6.53E-08,0.011324315,-0.000512611,0.066068935,0.066524434,0.07135278,0.008751764,0,0.002305248
*C(*)C(=O)OC,1.150760389,19.45199837,21.55558401,3.91E-13,2942.961142,2850.093087,4.05E-10,2569277514,3.91E-10,2644871391,0.000359286,0.000119762,1.604609038,2.680231407,0.023886405,1.440699695,0.222112653,6.57E-08,0.010097562,0.008877848,0.064250494,0.062194543,0.06133244,0.013164899,0,0.002194866
*C(*)C(=O)OCCC,1.065852977,15.96646564,15.02820226,8.46E-13,3460.356815,3256.532586,4.84E-10,2100937306,4.55E-10,2231326067,0.000588643,0.000196214,1.348809379,2.467805353,0.038198972,1.455676041,0.244933508,6.64E-08,0.013737367,0.010411804,0.067491943,0.06759116,0.077269011,0.00744071,0,0.000991514
*CC(*)(CC(=O)OCCC)C(=O)OCCC,1.041623299,15.63947186,16.92124602,6.31E-13,3520.689793,3410.369773,4.35E-10,2314726780,4.21E-10,2389590020,0.000401492,0.000133831,1.335104707,2.395863395,0.063257433,1.43553303,0.225769616,6.16E-08,0.01561397,0.009266291,0.073639185,0.045586162,0.073570387,0.007457934,0,0.000635687
*CC(*)C(=O)OCCO,1.225132744,16.61684144,15.23878712,4.76E-13,3185.566284,3058.717235,1.99E-10,5094194840,1.91E-10,5301354540,0.000317754,0.000105918,2.731720622,3.933671204,0.029785394,1.483896322,0.297878745,7.65E-08,0.013633463,0.007175802,0.089183196,0.080417433,0.094697245,0.006897752,0,0.005873853
*CC(*)(CCC(C)C(=O)OC)C(=O)OC,1.042726823,17.37339911,22.16374489,6.96E-13,3532.691906,3477.998503,3.84E-10,2692095553,3.78E-10,2738901091,0.000191045,6.37E-05,1.535387417,2.565134856,0.060939909,1.424690696,0.238137173,6.46E-08,0.01321605,0.017131408,0.075670262,0.053940918,0.069427601,0.008684835,0,6.61E-05
*CC(*)C(=O)OC1CCCCCCCCCCC1,0.962713613,12.91952215,8.660380108,3.22E-13,3793.80436,3723.4811,2.65E-10,3782547181,2.60E-10,3854757224,0.000241259,8.04E-05,1.099581501,2.228454637,0.053259643,1.459065226,0.245455632,6.73E-08,0.014293125,0.007894395,0.068104546,0.060689708,0.090175914,0.004247591,0,5.04E-05
*C(C*)Cl,1.332667324,21.7175127,27.24715671,1.76E-13,2089.430166,2044.934053,2.64E-10,3788795128,2.59E-10,3871035206,0.000227567,7.59E-05,1.312382751,2.65908461,0.020429629,1.531893889,0.142730624,5.13E-08,0.008694161,0.002002735,0.040537113,0.031687283,0.057737339,0.002036362,0,3.56E-05
*C(C*)(F)F,1.54254368,20.87421955,25.31779478,5.23E-13,2817.618567,2548.260839,2.63E-10,3991883480,2.36E-10,4330513534,0.000574177,0.000191392,1.470738041,2.480748351,0.032307006,1.417747363,0.148188116,3.50E-08,0.004289974,-0.014935649,0.048881666,0.04396254,0.063314025,0.00128335,0,0.001392211
*CC(*)(Cl)Cl,1.610770482,22.97672238,27.32794817,1.38E-13,1421.740503,1395.847384,2.36E-10,4338494093,2.32E-10,4418601722,0.000180503,6.02E-05,1.145011563,2.568229943,0.028363944,1.556668229,0.096200541,4.20E-08,0.002788147,0.000740005,0.033094127,0.025370984,0.0334982,0.000697138,0,1.19E-05
*C(F)C(*)(F)F,1.798577625,22.28822049,23.77920449,4.49E-13,1825.59677,1780.190982,2.32E-10,4341654415,2.26E-10,4451895374,0.000250903,8.36E-05,1.489633529,2.399415453,0.024184929,1.38194746,0.14138687,4.31E-08,0.003412223,0.004698392,0.049741845,0.040984266,0.0424819,-0.000289726,0,0.000357971
*C(F)(F)C(F)(F)*,1.914482486,27.21222202,45.41368984,5.56E-13,1574.9772,1535.713623,3.18E-10,3240212268,3.09E-10,3314908517,0.000272627,9.09E-05,1.075853668,1.869600373,0.033203473,1.339307992,0.19501973,6.47E-08,0.002666917,0.010125568,0.055162174,0.051517521,0.076046731,-0.000784878,0,0.000285698
*C(C(*)(F)F)(Cl)F,1.892081877,26.56092558,43.15943501,2.55E-13,1344.77588,1330.535525,2.85E-10,3527834289,2.82E-10,3565461508,0.000158943,5.30E-05,1.050412642,2.040913501,0.020501315,1.410850682,0.119922243,4.71E-08,0.003502736,0.004930416,0.050055997,0.023239629,0.037957705,1.47E-05,0,0.000221099
*CCC=C(*)Cl,1.195057514,19.63529215,21.26663721,6.92E-13,2518.662614,2421.667008,3.24E-10,3114848167,3.11E-10,3241047198,0.000349478,0.000116493,1.184473141,2.624257518,0.025378967,1.561980595,0.156164169,5.19E-08,0.008520319,0.003903355,0.04516664,0.033511904,0.051306087,0.013688579,0,6.73E-05
*C(F)(F)C(*)(F)C(F)(F)F,1.790591386,19.83463914,17.13911256,3.33E-13,1552.707634,1542.400977,5.48E-10,1955835285,5.45E-10,1968790026,0.000148886,4.96E-05,1.045278572,1.733359956,0.024846807,1.299258017,0.082200976,2.96E-08,0.001374553,0.001902755,0.032524106,0.020835082,0.025366822,-9.64E-06,0,0.000207295
*/C(=C/CC*)C,0.883356872,22.18117603,32.38127567,2.50E-12,4105.429818,3909.58537,3.91E-10,2563058158,3.73E-10,2691627986,0.000474128,0.000158043,1.046472067,2.381118434,0.023701832,1.527954759,0.304049871,8.38E-08,0.019372407,0.005397404,0.080097274,0.079614524,0.091327794,0.027728649,0,0.000511819
*CC/C=C(\*)C,0.879252837,17.87821455,17.53132665,1.43E-12,4186.093683,3934.358325,3.97E-10,2563306450,3.72E-10,2715899368,0.000529654,0.000176551,1.031531853,2.375877008,0.025369367,1.531125021,0.232021285,6.32E-08,0.012788229,0.008369951,0.066026007,0.05468258,0.069731051,0.019905404,0,0.000518064
*CC/C=C(/*)Cl,1.20676381,18.49567386,17.79185,1.03E-12,2545.973223,2416.737679,3.11E-10,3219993975,2.95E-10,3392139963,0.000401667,0.000133889,1.578726034,3.001749418,0.024923455,1.556606368,0.170304562,5.54E-08,0.00939145,0.00370115,0.048250396,0.037451353,0.057668421,0.014067611,0,-0.000225819
*CC/C=C(\*)Cl,1.197366557,20.03932556,23.52860155,7.53E-13,2471.870685,2381.670234,3.12E-10,3223289437,3.00E-10,3345179579,0.000333776,0.000111259,1.139878979,2.583427937,0.029744441,1.563184376,0.150572404,5.09E-08,0.007383894,0.003158965,0.046614882,0.036167571,0.046075179,0.010850167,0,0.000321747
*CC(*)C=C,0.865584799,20.09722775,23.55894957,1.08E-12,3955.765384,3841.992508,5.74E-10,1791447898,5.58E-10,1843933240,0.000428332,0.000142777,1.058583312,2.339941431,0.02599912,1.510415103,0.273513817,7.98E-08,0.013695816,0.014230473,0.069709375,0.068678125,0.091110605,0.015889212,0,0.00020021
*CCC=C(*)C,0.879267279,17.45895747,13.98702196,1.24E-12,4096.184263,3895.760951,3.95E-10,2580134993,3.75E-10,2708652860,0.00048002,0.000160007,1.029798571,2.374177559,0.028689575,1.531134009,0.231880959,6.45E-08,0.015358651,0.007842806,0.063014223,0.05315532,0.07631711,0.015970593,0,0.000222256
*OCC*,1.105420268,22.24965117,32.24212677,1.10E-11,4088.15244,3580.705254,4.14E-10,2417919907,3.62E-10,2760335281,0.000878824,0.000292941,2.821695666,4.089130909,0.033454438,1.505800532,0.228362211,5.05E-08,0.010130766,-0.001576231,0.063711537,0.082759857,0.06508703,0.008728242,0,-0.00047899
*OC(C*)C,1.011307994,18.4423755,20.72650709,1.01E-12,3764.333756,3599.094487,3.37E-10,2995279063,3.22E-10,3130671029,0.000431457,0.000143819,1.366860082,2.561327913,0.026708007,1.481373304,0.239033549,6.28E-08,0.02008046,-0.000478625,0.07074588,0.057579105,0.082394362,0.007694037,0,0.001018328
*CC(CCl)O*,1.33405247,18.49280872,19.78433918,6.28E-13,2407.237421,2308.291058,2.82E-10,3569770678,2.70E-10,3721895726,0.000351321,0.000117107,2.764860352,4.03197252,0.031949165,1.505692186,0.164668029,5.13E-08,0.008539938,0.000924159,0.052750655,0.045262354,0.050961646,0.004628221,0,0.001601056
*CCCCO*,0.972439816,23.370366,31.02847522,7.16E-12,4477.077549,3973.879127,4.83E-10,2130153504,4.27E-10,2384626818,0.000881945,0.000293982,1.839880996,3.001241706,0.033630869,1.470156657,0.280752907,6.49E-08,0.016862776,0.006387699,0.065441028,0.077871532,0.105234705,0.00900596,0,-5.08E-05
*Oc1c(cc(cc1C)*)C,1.005290106,21.42740519,23.82912789,1.50E-13,3039.04925,2968.819258,3.99E-10,2526648597,3.90E-10,2586871908,0.000304056,0.000101352,1.033810657,2.360062375,0.025859381,1.525201209,0.250026591,8.19E-08,0.013563975,0.001577541,0.045459379,0.098266382,0.053527053,0.03718996,0.000361222,8.11E-05
*Oc1c(OC)cc(*)cc1OC,1.179002973,20.19618766,21.50067641,3.79E-13,2788.068296,2724.859441,3.30E-10,3045428347,3.22E-10,3115195489,0.00028507,9.50E-05,1.501106394,2.887769197,0.026815135,1.544880701,0.240386045,7.31E-08,0.008942665,0.004934136,0.048183963,0.083536402,0.054716169,0.039562997,7.70E-05,0.000432735
*Oc1c(-c2ccccc2)cc(*)cc1-c1ccccc1,1.070064482,21.66382538,30.06063376,4.69E-13,2827.191457,2768.787328,3.93E-10,2564389667,3.85E-10,2617745437,0.000284542,9.48E-05,1.042015001,2.720688026,0.028287374,1.636654628,0.184951114,6.12E-08,0.005682215,0.003980337,0.031873203,0.071339451,0.042808758,0.029013549,0.000249215,4.39E-06
*C(=O)OCCOC(=O)c1ccc(*)o1,1.294258311,22.59738265,25.26700074,4.17E-13,2517.37182,2482.820469,2.87E-10,3529581655,2.83E-10,3580023275,0.000188224,6.27E-05,1.441177274,2.701213308,0.049550552,1.503340854,0.228261215,7.02E-08,0.005936885,0.006664585,0.053379919,0.070254084,0.059262337,0.029094359,0.00174887,0.001920175
*CCOCCOC(=O)c1cccc(C(=O)O*)c1,1.245569001,21.09386476,24.04897315,4.51E-13,2859.136843,2744.083575,2.34E-10,4328883956,2.24E-10,4503294480,0.000332487,0.000110829,1.516386573,2.913103513,0.046534403,1.548133121,0.215430956,6.07E-08,0.011190842,0.010790095,0.060432954,0.057033052,0.056493007,0.019148296,8.91E-05,0.000253638
*CCOc1ccc(C(=O)OCCOC(=O)c2ccc(O*)cc2)cc1,1.239214752,21.1446178,22.29480539,1.94E-13,2804.016286,2724.945406,2.32E-10,4352088398,2.26E-10,4476982234,0.000274396,9.15E-05,1.345387448,2.921986017,0.062280896,1.605176045,0.247366967,7.12E-08,0.008957013,0.002478236,0.059560451,0.086518109,0.061640546,0.026493548,0.000120218,0.001598846
*CCCCOc1ccc(C(=O)OCCOC(=O)c2ccc(O*)cc2)cc1,1.19443613,23.20013793,29.95128757,3.46E-13,2887.275862,2812.548216,2.30E-10,4372086920,2.24E-10,4487417061,0.000260905,8.70E-05,1.299405114,2.834506059,0.073162113,1.592199633,0.250970317,7.28E-08,0.009873893,-0.001785235,0.0616367,0.084849347,0.063604177,0.030487738,0.000167048,0.00213665
*Oc1ccc(NC(=O)c2cccc(C(=O)Nc3ccc(*)cc3)c2)cc1,1.224593369,25.31389976,31.08199358,2.93E-13,2724.886448,2691.858697,2.48E-10,4072671990,2.45E-10,4122952989,0.000169754,5.66E-05,1.664135423,3.510300344,0.0609363,1.687047046,0.300233168,9.00E-08,0.008831396,-0.009628863,0.058470055,0.102421962,0.077469572,0.056712036,0.002445059,0.003511951
*Oc1ccc(cc1)S(=O)(=O)c1ccc(cc1)*,1.28108858,21.83245174,22.37050104,6.15E-13,2427.274907,2369.389506,2.89E-10,3522996881,2.81E-10,3607372536,0.000263717,8.79E-05,1.352619256,2.930537584,0.036598468,1.605589302,0.203838738,6.55E-08,0.007778196,0.014192748,0.044281413,0.058485501,0.048783604,0.029591399,0.000191656,0.000534221
*Oc1ccc(cc1)S(=O)(=O)c1ccc(cc1)Oc1ccc(cc1)C(c1ccc(cc1)*)(C)C,1.170201666,20.79276693,19.12948816,5.34E-13,2734.316531,2685.742381,2.93E-10,3416706721,2.88E-10,3478682655,0.000234098,7.80E-05,1.24877945,2.832093469,0.050955487,1.607264823,0.210272564,6.57E-08,0.007391239,0.003072218,0.046172169,0.066743024,0.050083754,0.034792586,0.000221686,0.001795888
*Oc1ccc(S(=O)(=O)c2ccc(Oc3ccc(Cc4ccc(*)cc4)cc3)cc2)cc1,1.212082381,23.02354954,30.77911162,5.57E-13,2661.595925,2613.354894,2.70E-10,3726093008,2.65E-10,3794667307,0.000225364,7.51E-05,1.212843502,2.908846604,0.052297466,1.641950085,0.211169803,6.55E-08,0.005737415,0.003599723,0.043164595,0.071418107,0.047301735,0.038583348,0.000275255,0.001089625
*Oc1ccc(cc1)C(c1ccc(cc1)OCC(C*)O)(C)C,1.10386877,21.19901191,25.61659058,4.21E-13,3237.442814,3186.25374,2.74E-10,3731060052,2.69E-10,3794334350,0.000218196,7.27E-05,1.307741075,2.781006007,0.055724419,1.572661203,0.22967917,6.45E-08,0.012443158,0.001565282,0.055467479,0.071478883,0.059673662,0.027543256,0.000337191,0.001170259
*CC1CC(*)OC(CCC)O1,1.00771137,19.21617746,21.23118627,5.21E-13,3695.460001,3566.013127,3.89E-10,2580969489,3.75E-10,2672828595,0.000406627,0.000135542,1.106089457,2.209739196,0.029993917,1.450395244,0.253400518,6.81E-08,0.013676322,-0.011198054,0.065325946,0.076816219,0.100969015,0.005991146,0,0.001819925
*Oc1ccc(cc1)Oc1ccc(cc1)C(=O)c1ccc(cc1)*,1.198377884,24.41255742,36.66548263,6.56E-13,2729.519537,2656.571473,2.91E-10,3532699654,2.83E-10,3625795499,0.000289949,9.66E-05,1.209740722,3.015799582,0.037608325,1.675128633,0.28329363,8.67E-08,0.005832684,0.009329037,0.050284888,0.100332084,0.0583777,0.055956213,0.000393831,0.002787194
*Oc1cccc(S(=O)(=O)c2ccc(*)cc2)c1,1.288531372,20.49677924,21.02797021,6.12E-13,2399.122479,2364.441184,2.70E-10,3758774452,2.66E-10,3813301441,0.000198982,6.63E-05,1.39238843,2.970835879,0.040610151,1.605753761,0.169806655,5.50E-08,0.00316325,0.00297851,0.03613237,0.051436715,0.046667409,0.027402613,0.000304088,0.001721702
*Oc1ccc(S(=O)(=O)c2ccc(Oc3ccc(C(c4ccc(*)cc4)(C(F)(F)F)C(F)(F)F)cc3)cc2)cc1,1.323061114,21.28766673,24.72878471,2.05E-13,2293.553644,2261.062914,3.16E-10,3214785948,3.11E-10,3260930447,0.00021182,7.06E-05,1.183553658,2.600553045,0.058346412,1.554668455,0.162123893,5.34E-08,0.005473057,-6.39E-05,0.041703741,0.045787732,0.040499408,0.027596784,0.000155581,0.000971447
*Oc1ccc(S(=O)(=O)c2ccc(Oc3c(C)cc(C(C)(C)c4cc(C)c(*)c(C)c4)cc3C)cc2)cc1,1.070009763,21.15608167,23.03411419,5.48E-13,2957.604914,2878.040312,3.98E-10,2577593403,3.87E-10,2644171665,0.000329035,0.000109678,1.144867146,2.563763657,0.079172639,1.555279367,0.207453817,6.56E-08,0.007400265,-0.001705428,0.040690943,0.068907042,0.055200302,0.035708649,0.0001422,0.001109844
*Oc1ccc(S(=O)(=O)c2ccc(Oc3ccc(-c4ccc(*)cc4)cc3)cc2)cc1,1.222343047,23.18968694,31.78905033,6.61E-13,2564.448152,2513.719638,2.79E-10,3588163806,2.74E-10,3659957431,0.000236472,7.88E-05,1.220150493,2.982029289,0.038742179,1.661888766,0.234731231,7.49E-08,0.006806954,0.004326689,0.043817129,0.069529349,0.06650591,0.041728988,0.00027068,0.001745534
*Oc1ccc(Oc2ccc(Oc3ccc(S(=O)(=O)c4ccc(*)cc4)cc3)cc2)cc1,1.248920055,22.98608467,28.15036753,1.23E-12,2665.666947,2575.325775,3.20E-10,3161314728,3.09E-10,3267101421,0.000338248,0.000112749,1.234499329,2.914860468,0.058298524,1.637180433,0.229938844,6.91E-08,0.000497778,0.00202365,0.042848026,0.092396139,0.053004494,0.036852778,0.000298561,0.002017419
*c1ccc(-c2nc3cc4nc(*)oc4cc3o2)cc1,1.247908509,70.702021,367.4651994,3.47E-13,2422.87838,2409.073702,3.72E-10,2703173669,3.70E-10,2719065720,0.000142271,4.74E-05,1.110843432,2.983198288,0.082554974,1.694797265,,,,,,,,,,
*CCOCC(=O)O*,1.268466225,21.29511654,25.14682364,7.10E-13,2964.249851,2856.582441,2.18E-10,4609262149,2.10E-10,4781185475,0.000312911,0.000104304,2.558088271,3.746118063,0.030890449,1.479198657,0.238989416,6.36E-08,0.010505436,0.009983472,0.067082627,0.062996697,0.073434535,0.013667569,0,0.00131908
*CCOCCOC(=O)c1ccc(-c2ccc(C(=O)O*)cc2)cc1,1.215132769,22.65495181,27.37639228,4.12E-13,2890.489966,2814.730732,2.43E-10,4168748649,2.36E-10,4278343761,0.000271631,9.05E-05,1.404986395,3.04398634,0.055797492,1.624495672,0.253846443,7.23E-08,0.006053134,0.003875498,0.04920768,0.096559929,0.061710672,0.035672304,0.000409816,0.000357409
*Oc1ccc(S(=O)(=O)c2ccc(Oc3ccc(C(=O)c4cccc(C(=O)c5ccc(*)cc5)c4)cc3)cc2)cc1,1.236059497,21.67035495,27.39130705,5.86E-13,2622.65281,2549.849888,2.99E-10,3498355359,2.90E-10,3586674956,0.00027736,9.25E-05,1.322303133,3.098779586,0.05755962,1.66627398,0.213575422,6.60E-08,0.005497484,0.006199738,0.040753446,0.069640557,0.051064863,0.03900491,0.000161288,0.001253135
*CCCCCCOC(=O)Nc1ccc(C)c(NC(=O)OCCCCCCOc2ccc(-c3ccc(O*)cc3)cc2)c1,1.118434945,20.85561007,29.44135625,5.18E-13,3214.481728,3137.526371,2.58E-10,3878722335,2.52E-10,3974519486,0.000269838,8.99E-05,21.63211528,23.05234692,0.063524216,1.555708936,0.272492356,7.58E-08,0.012222144,-0.011221291,0.063032517,0.088136318,0.085652528,0.032670187,0.000991746,0.001008208
*CS*,1.336947333,27.88017234,51.54110048,4.05E-12,2084.607253,1969.964147,2.88E-10,3476335284,2.72E-10,3678645337,0.000383311,0.00012777,3.050754441,4.723169461,0.026693252,1.634752281,0.14812712,5.31E-08,0.006113309,0.005056673,0.046167112,0.036307853,0.044983688,0.008386928,0,0.001111558
*CCS*,1.177956772,23.8934095,28.21452636,9.01E-12,2850.40855,2614.870545,3.53E-10,2837736480,3.24E-10,3092368961,0.000571392,0.000190464,2.558738449,4.092985094,0.039509322,1.591930354,0.22117529,6.64E-08,0.009003877,0.006306643,0.06324732,0.071050121,0.064829652,0.007050671,0,-0.000312994
*CCCSS*,1.238118081,23.48494002,31.81514288,3.14E-12,2505.332066,2288.514699,3.66E-10,2734301393,3.35E-10,2989984895,0.000564512,0.000188171,2.122762359,3.650513952,0.025822369,1.589890127,0.150655425,4.86E-08,0.010044842,0.003180938,0.048973399,0.039794612,0.042011727,0.006281865,0,0.000368044
*Sc1ccc(cc1)*,1.261029827,21.34392044,26.73229147,9.97E-13,2426.803593,2337.584089,2.84E-10,3552003260,2.74E-10,3682909952,0.000322375,0.000107458,1.024678352,2.896110877,0.016546986,1.694528789,0.165856187,5.41E-08,0.006969573,0.00414032,0.038852269,0.048665165,0.037282308,0.029545972,3.62E-05,0.000364359
*Oc1ccc(Sc2ccc(OC(*)=O)cc2)cc1,1.293120554,23.7127317,32.83459986,8.62E-13,2472.017598,2406.881521,2.77E-10,3646064449,2.69E-10,3743539446,0.000267227,8.91E-05,1.394223661,3.140116243,0.046278318,1.657071211,0.215699363,6.76E-08,0.00485401,0.003561957,0.049485261,0.065741911,0.049005201,0.040741676,0.000304331,0.002005016
*OC(=O)CCC(=O)OCC*,1.246335829,20.40812175,24.16293241,4.81E-13,2836.743438,2714.488543,2.01E-10,4986922017,1.92E-10,5211081254,0.000319208,0.000106403,1.913155639,3.023285018,0.047293762,1.452628413,0.237840575,6.73E-08,0.01461589,0.00040166,0.069835052,0.059298118,0.072896497,0.017044614,0,0.003748744
*CCCCOC(=O)CCC(=O)O*,1.154960967,19.85275311,23.03685571,7.42E-13,3263.195771,3106.047709,2.52E-10,4019313681,2.40E-10,4217580847,0.00038874,0.00012958,2.088302926,3.204721053,0.047777529,1.454791233,0.239020305,6.34E-08,0.009531797,0.001651837,0.060328208,0.071753158,0.087105745,0.007858204,0,0.000791356
*OC(=O)CCCCCCCCC(=O)OCC*,1.057392621,22.1750025,29.90625246,1.25E-12,3548.270364,3419.050517,2.82E-10,3588367146,2.71E-10,3722860481,0.000357861,0.000119287,1.967635743,3.103530355,0.060966722,1.461469193,0.257154282,6.86E-08,0.011231208,0.001611749,0.062769717,0.081038151,0.090990213,0.008649099,0,0.000864145
*CCCCCCOC(=O)CCCCCCCCC(=O)O*,1.007846324,20.55517675,23.24548164,1.42E-12,3731.205322,3596.338605,2.73E-10,3668954902,2.63E-10,3806757594,0.000350492,0.000116831,1.858655282,2.988859115,0.050240697,1.459521721,0.281178878,7.48E-08,0.016686086,0.003037266,0.073138027,0.073154863,0.100646229,0.013509125,0,0.001007282
*OC(=O)c1ccc(cc1)C(=O)OCC*,1.261154371,21.6689472,28.78069696,5.63E-13,2740.439456,2660.21026,2.44E-10,4133192529,2.36E-10,4256049980,0.000283313,9.44E-05,1.375653625,2.838075759,0.066689597,1.569210438,0.235166491,6.81E-08,0.006384288,0.007832908,0.049846506,0.082589485,0.058151065,0.02977494,0.000146927,0.000440371
*OC(=O)c1cc(ccc1)C(=O)OCC*,1.261721783,19.62141303,22.38212297,4.34E-13,2749.451436,2677.14699,2.41E-10,4181702589,2.34E-10,4292187280,0.000265042,8.83E-05,1.438127699,2.874569079,0.042012836,1.560906911,0.200585896,5.78E-08,0.006623604,0.008046223,0.055723562,0.060071511,0.045896512,0.022355953,0.00019229,0.001676241
*OC(=O)c1ccc(cc1)C(=O)OCCCC*,1.189183518,21.91826774,27.528081,6.77E-13,3129.938861,3017.256586,2.58E-10,3879953975,2.49E-10,4024788357,0.000334888,0.000111629,1.371455819,2.770746025,0.054581215,1.548964193,0.25637618,6.94E-08,0.009526686,0.007801534,0.0511191,0.084301755,0.068565305,0.034148334,0.00010704,0.000806426
*CCCCCCOC(=O)c1ccc(C(=O)O*)cc1,1.133047244,22.11416293,29.45429231,8.82E-13,3235.411529,3036.728126,3.19E-10,3238301005,2.98E-10,3435536024,0.000480131,0.000160044,1.314543802,2.662883641,0.044000181,1.53242869,0.254809517,6.97E-08,0.011797824,0.010938977,0.056226868,0.077616784,0.072535257,0.024775198,0.000140053,0.000778555
*Oc1ccc(cc1)C(c1ccc(cc1)OC(=O)c1ccc(cc1)C(=O)*)(C)C,1.155215268,25.57931981,37.8571087,3.79E-13,2812.201091,2754.051185,2.88E-10,3507051060,2.82E-10,3582564736,0.000243116,8.10E-05,1.335910742,2.9477048,0.057903265,1.616100982,0.27751155,8.56E-08,0.009746614,0.002947302,0.062115344,0.098254709,0.061085688,0.04205755,0.00023847,0.001065872
*Oc1ccc(cc1)C(c1ccc(cc1)OC(=O)c1cc(ccc1)C(=O)*)(C)C,1.151161684,23.08507097,29.31990684,5.80E-13,2838.831248,2796.523722,2.91E-10,3466136858,2.86E-10,3520249709,0.000213622,7.12E-05,1.35769636,2.93625025,0.059510152,1.605787366,0.244415588,7.50E-08,0.0077599,0.002011334,0.04836943,0.093118117,0.05927375,0.033054476,0.000297867,0.000530713
*OC(=O)c1cc2c(cc1)ccc(c2)C(=O)OCC*,1.252920519,21.80855916,25.87973925,3.87E-13,2745.287872,2658.676124,2.43E-10,4168146088,2.35E-10,4291371828,0.000276376,9.21E-05,1.340184415,3.054642754,0.049080614,1.647560349,0.22543537,6.57E-08,0.008227607,0.010139833,0.04620991,0.066076286,0.057066204,0.035706498,0.000273675,0.001735357
*OC(=O)c1cc2c(cc1)cc(cc2)C(=O)OCC*,1.247957049,21.86542178,25.92414628,4.44E-13,2802.872778,2718.73404,2.67E-10,3783144764,2.59E-10,3898325292,0.000285215,9.51E-05,1.298365137,2.995013992,0.048760944,1.642146314,0.225246348,6.44E-08,0.009254401,0.01657268,0.054795013,0.059018699,0.053264713,0.030984762,0.000222771,0.001133308
*CCCCOC(=O)CCCCC(=O)O*,1.098279802,20.723239,26.75831883,1.10E-12,3491.187602,3312.619802,2.59E-10,3890664844,2.45E-10,4097397994,0.000408781,0.00013626,2.02999504,3.1480686,0.049554683,1.455359731,0.259346678,6.78E-08,0.0174238,0.005413681,0.064826229,0.071213526,0.087363623,0.012045879,0,0.001059941
*Oc1ccc(C2(c3ccc(OC(=O)c4cccc(C(*)=O)c4)cc3)c3ccccc3-c3ccccc32)cc1,1.142864316,21.22118718,22.7764028,2.20E-13,2734.51232,2691.194581,3.33E-10,3043238205,3.28E-10,3091524368,0.0002337,7.79E-05,1.258254627,2.921018135,0.049903738,1.631795712,0.216708127,6.94E-08,0.007565618,0.00478246,0.042171697,0.06988432,0.051427397,0.040322343,0.000390219,0.000164073
*CCOC(=O)c1cccc2c(C(=O)O*)cccc12,1.280732292,19.7972434,22.31840217,3.69E-13,2755.614625,2681.755808,2.15E-10,4656445683,2.09E-10,4782914599,0.0002569,8.56E-05,1.458783319,3.155762879,0.05082083,1.642244096,0.212331447,6.02E-08,0.007270566,0.003388431,0.049639769,0.066351057,0.049589805,0.034131986,0.000205914,0.001753919
*CCOC(=O)c1ccc(C(=O)O*)c2ccccc12,1.278256039,20.47352108,26.32367099,2.97E-13,2709.95394,2613.513535,2.32E-10,4433086588,2.23E-10,4577764027,0.000297325,9.91E-05,1.491014059,3.188176518,0.056564503,1.642302226,0.211562934,6.11E-08,0.007024477,0.006514695,0.050420915,0.065131122,0.051797441,0.029389004,0.000144814,0.001140467
*CCCCCC(=O)O*,1.05306867,21.36174711,26.09939798,1.39E-12,3664.212683,3447.227449,3.03E-10,3361584703,2.85E-10,3567082354,0.000478748,0.000159583,2.011024767,3.13536308,0.037961108,1.457510231,0.249772695,6.48E-08,0.014861904,0.010923113,0.065370462,0.066639591,0.079623178,0.012161742,0,0.000192705
*CCCOC(=O)c1ccc(C(=O)O*)cc1,1.225085012,21.9703172,29.18581656,5.29E-13,2883.062502,2810.642641,2.32E-10,4339311755,2.26E-10,4449648476,0.000251829,8.39E-05,1.379879655,2.810134036,0.041131978,1.558926216,0.241216197,6.84E-08,0.008897343,0.01135312,0.053165892,0.079288404,0.060261327,0.027303536,0.000179232,0.000767344
*Oc1ccc(cc1)c1ccc(cc1)OC(=O)CCCCCC(=O)*,1.161102833,27.00434671,47.86015921,2.92E-13,2900.173274,2827.497229,2.29E-10,4369909795,2.23E-10,4482180812,0.00025362,8.45E-05,1.875207684,3.406919676,0.049500253,1.591135441,0.265574997,7.89E-08,0.012947193,0.008860838,0.064834936,0.067130281,0.072810219,0.036905399,0.000372815,0.001713317
*Oc1ccc(-c2ccc(OC(=O)CCCCCCC(*)=O)cc2)cc1,1.147470002,29.01333974,63.92170817,5.88E-13,3059.757829,2945.115334,2.58E-10,3925917907,2.48E-10,4074345328,0.000334553,0.000111518,1.739752963,3.295997675,0.071997295,1.598825556,0.283829933,8.09E-08,0.008010642,-0.00235272,0.055118183,0.091519371,0.092910813,0.037374867,0.000247262,0.001001515
*Oc1ccc(-c2ccc(OC(=O)CCCCCCCC(*)=O)cc2)cc1,1.127920817,26.42125483,44.21312494,7.69E-13,3191.434545,3103.370922,2.53E-10,3984606045,2.46E-10,4099498520,0.000285686,9.52E-05,1.930955921,3.455883971,0.080136727,1.58900094,0.286484859,7.97E-08,0.01033894,-0.001527973,0.062847116,0.093553652,0.083511717,0.036877285,0.000380371,0.00050375
*Oc1ccc(-c2ccc(OC(=O)CCCCCCCCC(*)=O)cc2)cc1,1.112212656,24.42136808,42.23741513,5.85E-13,3171.292853,3039.201818,2.85E-10,3609782640,2.72E-10,3752724031,0.000365821,0.00012194,1.600422384,3.023670163,0.065933133,1.556677713,0.290122557,8.23E-08,0.016045515,0.000745612,0.072770586,0.09276882,0.075130279,0.030904703,0.000280359,0.001476683
*Oc1ccc(-c2ccc(OC(=O)CCCCCCCCCC(*)=O)cc2)cc1,1.096091641,22.72513131,26.97274837,8.67E-13,3310.817047,3195.607204,2.82E-10,3593886721,2.72E-10,3715334363,0.000330974,0.000110325,2.287563127,3.696044444,0.071653578,1.551926674,0.275167556,7.59E-08,0.014369038,0.004674187,0.062061666,0.074572846,0.089869467,0.028808118,0.000269302,0.000542931
*Oc1c(cc(cc1)OC(=O)c1ccc(cc1)c1ccc(cc1)C(=O)*)C,1.191900763,41.93392289,120.4935477,4.70E-13,2659.242755,2624.547809,2.89E-10,3525567446,2.86E-10,3574369731,0.000189332,6.31E-05,1.332787766,3.140160757,0.064445118,1.675521174,0.362079429,1.15E-07,0.008406564,0.005494396,0.054272767,0.151761448,0.086844503,0.054791091,0.00058897,-8.03E-05
*Oc1ccc(cc1)S(=O)(=O)c1ccc(cc1)OC(=O)c1ccc(cc1)C(=O)*,1.295290371,25.4040485,36.99668353,2.65E-13,2431.724373,2379.258188,2.63E-10,3870957741,2.57E-10,3952841939,0.000238023,7.93E-05,1.503444765,3.153837645,0.050441428,1.627999456,0.251101033,7.99E-08,0.007481716,0.0046014,0.052831853,0.087339108,0.060324338,0.036616306,0.000345186,0.001561126
*Oc1ccc(-c2ccc(OC(=O)CCCCCCCCCCC(*)=O)cc2)cc1,1.074880475,20.78588244,22.83454303,1.20E-12,3836.895283,3488.919,3.62E-10,2857168200,3.27E-10,3121764593,0.00066659,0.000222197,3.319271977,4.662531079,0.069740844,1.530770329,0.274021583,6.64E-08,0.012483372,0.007691099,0.076008825,0.07678426,0.081992756,0.019349076,7.65E-05,-0.000364305
*Oc1ccc(-c2ccc(OC(=O)CCCCCCCCCCCC(*)=O)cc2)cc1,1.067563249,24.51658371,30.22660772,1.26E-12,3450.457002,3259.704046,3.36E-10,2989076255,3.17E-10,3161686330,0.00047629,0.000158763,8.63548979,9.974663681,0.075723228,1.529435804,0.299849025,8.14E-08,0.008969045,0.004048353,0.074498734,0.103620768,0.086762263,0.021361713,0.000218062,0.000370087
*Oc1ccc(-c2ccc(OC(=O)CCCCCCCCCCCCC(*)=O)cc2)cc1,1.055075595,21.23825618,23.56451625,9.76E-13,3568.105647,3347.592685,3.16E-10,3237726830,2.95E-10,3435917477,0.000486636,0.000162212,18.57649096,19.91780659,0.070077925,1.530134928,0.279614546,7.42E-08,0.012301841,0.013573874,0.078320799,0.063664764,0.090343261,0.020764676,0.000162727,0.000482604
*CC1CCC(COC(=O)CCC(=O)O*)CC1,1.095695892,18.87922116,19.72047898,8.48E-13,3736.61136,3565.299732,2.56E-10,3929595292,2.44E-10,4110680208,0.000386975,0.000128992,1.845112457,2.982738784,0.047306112,1.462062312,0.229884201,5.66E-08,0.009127961,-0.000813167,0.052503758,0.076156477,0.081209392,0.011717153,0,-1.74E-05
*OC(C)CC(*)=O,1.127753263,18.89890364,21.00346248,1.16E-12,3422.578085,3144.351022,3.54E-10,2902530357,3.25E-10,3129966157,0.000586919,0.00019564,1.678558143,2.820362409,0.02113128,1.463490139,0.215459839,5.65E-08,0.017308109,-0.026289948,0.071139201,0.066612676,0.078018116,0.008450725,0,0.00022096
*OC(C)C(*)=O,1.143181088,21.00279981,24.20923257,6.62E-13,2974.963741,2814.711696,4.12E-10,2559011352,3.86E-10,2675038726,0.000451632,0.000150544,1.591218812,2.676387283,0.020902053,1.444010493,0.210749746,6.10E-08,0.008640238,-0.003846229,0.054794515,0.069031486,0.071239105,0.010240568,0,0.000650064
*CC(C)(CCC)C(=O)O*,0.977575428,18.17954073,20.48761675,6.73E-13,3676.715396,3555.961499,3.98E-10,2542986985,3.84E-10,2625675420,0.000389874,0.000129958,1.320815848,2.376844402,0.031622481,1.433882758,0.211231836,5.91E-08,0.007594139,-0.003635939,0.054648022,0.067830934,0.072761931,0.011224614,0,0.000808135
*OC(=O)c1ccc(cc1)c1ccc(cc1)C*,1.159458454,24.83087287,31.18986686,6.17E-13,2894.181766,2810.324377,2.83E-10,3549503802,2.75E-10,3651479457,0.000293366,9.78E-05,1.192947629,2.939289258,0.035899769,1.657205338,0.272842323,8.14E-08,0.007468804,0.010468713,0.050450052,0.096410657,0.061153133,0.04619061,0.000689189,1.12E-05
*CC1CCC(COC(=O)CCCCCCCCC(=O)O*)CC1,1.015688244,21.40859889,32.43329374,8.55E-13,3676.393557,3527.136428,2.67E-10,3743823671,2.57E-10,3901676798,0.000360554,0.000120185,1.543111946,2.677477382,0.056800092,1.460946306,0.262542365,7.03E-08,0.013606011,0.005608603,0.060323083,0.086455417,0.086185125,0.009496968,0,0.000867157
*OC(=O)c1ccc(cc1)C(=O)NCCNC(=O)c1ccc(cc1)C(=O)OCCCCCCCCCC*,1.120724694,21.72626814,32.48289027,7.09E-13,3304.14116,3225.759279,2.58E-10,3924977280,2.52E-10,4022994793,0.000259182,8.64E-05,2.37573468,3.798442891,0.056684435,1.556504477,0.259588395,6.99E-08,0.009505263,0.002854327,0.053056447,0.086470181,0.075787832,0.028876018,0.001316132,0.001722195
*CCOC(=O)C1CCC(C(=O)O*)CC1,1.143004225,18.94272389,18.58077637,6.69E-13,3230.697874,3142.900944,2.31E-10,4336905601,2.25E-10,4459122578,0.000274107,9.14E-05,1.41932555,2.531684781,0.042711193,1.453394512,0.235244695,6.40E-08,0.011615051,0.012131965,0.058344988,0.065731301,0.076369563,0.01014795,0,0.000903878
*OC(=O)c1ccc(cc1)c1ccc(cc1)C(=O)OCC*,1.216011342,23.54786843,33.46007901,4.44E-13,2785.113208,2720.977978,2.61E-10,3851046061,2.55E-10,3941026384,0.000257449,8.58E-05,1.295378753,3.009010148,0.067142609,1.647309034,0.256386682,7.58E-08,0.008731042,0.008354936,0.047271664,0.083189488,0.062718347,0.044303015,0.000322218,0.001495973
*OC(=O)CCCCCNC(=O)CCCCC(=O)NCCCCCC(=O)OCCCCCC*,1.050883779,20.42495944,22.64601065,8.61E-13,3845.493464,3644.759086,2.57E-10,3925504351,2.43E-10,4130228607,0.000416287,0.000138762,3.573450771,4.749522001,0.060891898,1.475150324,0.274848798,6.84E-08,0.019425058,-0.004821388,0.074954566,0.074173641,0.097419957,0.012283309,0.000803141,0.000610515
*CCCCCCOC(=O)CCCCCCCC(=O)O*,1.015595931,20.88840996,26.65324783,1.50E-12,3770.19546,3567.973467,2.96E-10,3399000921,2.80E-10,3590735595,0.000446471,0.000148824,1.765757475,2.885066936,0.069371545,1.455784196,0.283677138,7.41E-08,0.011034077,0.002407594,0.068663147,0.090448695,0.09890943,0.010849701,0,0.001364493
*CCCCCCOC(=O)c1ccc(-c2ccc(C(=O)O*)cc2)cc1,1.134208413,23.41197616,39.07493424,5.85E-13,3151.205285,3004.353918,3.12E-10,3253530141,2.97E-10,3402418692,0.000405057,0.000135019,1.244363164,2.817148917,0.068115998,1.603989202,0.280572663,7.87E-08,0.012599856,0.013929664,0.058896216,0.087998366,0.072575627,0.033947182,0.000222721,0.00040303
*CC(C)(C)COC(=O)CCC(=O)O*,1.115437049,20.44290481,25.66494385,5.75E-13,3228.334373,3100.559977,2.63E-10,3821820322,2.52E-10,3978907449,0.000344311,0.00011477,1.844364676,2.946512802,0.052125991,1.449878615,0.228303005,6.35E-08,0.017482715,-0.004667366,0.066917833,0.054196714,0.079907736,0.012377165,0,0.002088208
*Oc1ccc(cc1)C(c1ccc(cc1)OC(=O)CCCCC(=O)*)(C)C,1.124186495,21.22930963,26.41346431,3.49E-13,3060.363416,2980.904667,2.34E-10,4268758805,2.28E-10,4382591586,0.000263781,8.79E-05,1.616799811,3.037271082,0.04212676,1.555786384,0.248641039,7.23E-08,0.016530702,-0.000201794,0.055139937,0.077202927,0.069779947,0.02902052,0.000153785,0.001015016
*CCCCCCOC(=O)c1ccc2cc(C(=O)O*)ccc2c1,1.146197488,22.59328915,23.20577709,5.59E-13,3097.983818,3036.82712,2.62E-10,3880822902,2.56E-10,3959233740,0.000239552,7.99E-05,1.215432301,2.717223736,0.06924543,1.581702764,0.255211674,7.19E-08,0.011487463,0.013778128,0.057857853,0.08364319,0.063445072,0.024803107,0.000177141,1.97E-05
*CCCCCOC(=O)c1ccc2cc(C(=O)O*)ccc2c1,1.167601884,22.04085291,32.61669725,5.59E-13,3075.107536,2970.184094,2.64E-10,3832895254,2.54E-10,3963327225,0.000323555,0.000107852,1.234521245,2.809632983,0.057629316,1.60470978,0.227057601,6.34E-08,0.004964952,-0.000675203,0.037206742,0.093919741,0.062213827,0.028588545,0.000267405,0.000571592
*CCCCOC(=O)c1ccc2cc(C(=O)O*)ccc2c1,1.188931644,21.37913238,26.70523557,5.77E-13,2958.393724,2891.832918,2.57E-10,3924547121,2.51E-10,4014771509,0.00025403,8.47E-05,1.251097661,2.863960318,0.052153615,1.616431259,0.224493248,6.38E-08,0.00930258,0.0185039,0.061055229,0.059084105,0.053460538,0.021764326,9.61E-05,0.001226428
*CCCOC(=O)c1ccc2cc(C(=O)O*)ccc2c1,1.218378703,23.4898386,31.0822406,5.89E-13,2922.510688,2834.429382,2.52E-10,3975407949,2.45E-10,4096502635,0.000294344,9.81E-05,1.273085682,2.933549514,0.050536082,1.631092049,0.242269675,6.80E-08,0.003905667,0.002993435,0.046150211,0.088368927,0.066238921,0.033268137,0.000205958,0.001138419
*CCCCNC(=O)CCCCC(=O)N*,1.083299251,21.45638929,24.57433846,4.13E-13,3561.590996,3493.428613,1.91E-10,5258292714,1.88E-10,5361613623,0.000215867,7.20E-05,1.62550198,2.853371512,0.030816299,1.492604053,0.292070546,7.57E-08,0.016648964,-0.013409726,0.08771353,0.083387606,0.102793601,0.010332226,0.002387276,0.002217069
*NC(=O)CCCCC*,1.03275758,21.10708512,23.59504337,3.09E-13,3620.647816,3552.190227,2.13E-10,4718982342,2.09E-10,4809197794,0.000222311,7.41E-05,1.353032637,2.566757907,0.042750898,1.487856956,0.291903519,7.81E-08,0.014748199,-0.006749909,0.080611819,0.088046932,0.100059968,0.009878318,0.002360299,0.002947894
*NC(=O)CCCCC(=O)NCCCCCC*,1.044116952,21.88591097,28.68668353,5.16E-13,3816.65677,3751.040017,2.30E-10,4446220840,2.26E-10,4530222196,0.000176025,5.87E-05,1.480140763,2.689310687,0.054659012,1.486326166,0.307882451,7.77E-08,0.013423957,-0.01129106,0.083126134,0.089011041,0.115336361,0.013234264,0.002225616,0.002816138
*NC(=O)CCCCCCCCC(=O)NCCCCCC*,0.995086638,21.70108472,28.04373719,5.13E-13,3763.585585,3664.014802,2.47E-10,4130526868,2.40E-10,4238487412,0.000283639,9.45E-05,1.358425484,2.558120023,0.065736335,1.483136558,0.308756347,8.26E-08,0.018324814,-0.005448215,0.080864286,0.090498462,0.113829016,0.008391532,0.001077754,0.001218699
*CCCCCCC(=O)N*,1.007716443,23.17830362,38.38320442,3.94E-13,3632.118023,3569.315376,2.38E-10,4276059896,2.34E-10,4352274569,0.000221704,7.39E-05,1.362406888,2.575724344,0.055760895,1.487721396,0.310631867,8.49E-08,0.010866549,-0.000101934,0.079592062,0.098068727,0.112934793,0.005569511,0.000904037,0.002798122
*NC(=O)CCCCCCC*,0.982123104,21.36039859,24.96621788,4.48E-13,3762.931593,3706.426736,2.58E-10,3932469346,2.55E-10,3994143397,0.000214122,7.14E-05,1.294762284,2.489123394,0.032438237,1.481335922,0.304778171,8.25E-08,0.012488572,-0.000854943,0.078944771,0.087814874,0.110883951,0.011993144,0.002326054,0.001181749
*CCCCCCCCNC(=O)CCCCCCCCC(=O)N*,0.968044043,21.1064287,23.26564802,1.93E-12,3971.054413,3771.533312,3.40E-10,2974084428,3.22E-10,3126834073,0.000462807,0.000154269,1.347691169,,0.066778789,,0.269519554,7.02E-08,0.015550848,0.006988916,0.066786775,0.069284329,0.100425754,0.008407536,0.002072436,2.96E-06
*CCCCCCCCC(=O)N*,0.967908774,21.56839033,26.11497162,5.48E-13,3953.221712,3809.363288,2.92E-10,3461984673,2.82E-10,3589437401,0.000360407,0.000120136,1.286539882,2.466841336,0.060819413,1.47658409,0.307321668,8.04E-08,0.018328134,0.004725781,0.06987368,0.085572388,0.114722828,0.01112966,0.001572409,0.001396789
*CCCCCCCCCC(=O)N*,0.953326288,22.00464482,28.26178558,5.61E-13,3857.332471,3760.858608,2.65E-10,3792490477,2.58E-10,3889705315,0.000282752,9.43E-05,1.268062131,2.439864529,0.059885284,1.473702932,0.30774671,8.38E-08,0.012815962,0.001375499,0.07928229,0.087805614,0.113019718,0.011349619,0.001293495,0.000804512
*NC(=O)CCCCCCCCCC*,0.942641615,22.4146759,30.87242274,5.76E-13,3967.06167,3869.235325,2.88E-10,3499989337,2.81E-10,3587537725,0.000290808,9.69E-05,1.207492689,2.381607652,0.058818916,1.474487608,0.318229487,8.52E-08,0.015835385,0.001421809,0.078296054,0.084982966,0.127150913,0.008479034,0.001058107,0.001005218
*CCCCCCCCCCCC(=O)N*,0.934153202,22.24299579,30.64648257,8.42E-13,4134.408973,3995.725936,3.05E-10,3294066148,2.95E-10,3408836210,0.000356668,0.000118889,1.231608097,2.401220684,0.051569708,1.472960213,0.324815751,8.42E-08,0.017350956,0.004438091,0.075789813,0.090529592,0.124073834,0.01014213,0.001053262,0.001438072
*CCCCCCCCCCCCC(=O)N*,0.930849554,22.28216004,28.4662479,6.75E-13,4050.25078,3912.698994,2.83E-10,3551872547,2.74E-10,3677129962,0.00034564,0.000115213,1.212202188,2.388079511,0.04557873,1.475085325,0.341259433,9.06E-08,0.019867477,0.007132508,0.088158952,0.089063469,0.125144941,0.009736405,0.001016692,0.001138988
*NC(=O)c1ccc(cc1)CC(=O)NCCCCCC*,1.107782256,21.82867105,33.04889921,2.67E-13,3340.592667,3269.799696,2.30E-10,4408889295,2.25E-10,4497697028,0.000238315,7.94E-05,1.521895916,2.858742226,0.054708359,1.528672565,0.282521025,7.64E-08,0.016606501,-0.017756843,0.079039282,0.085887685,0.089711563,0.024210841,0.002433693,0.002388305
*NC(=O)c1cc(ccc1)C(=O)Nc1ccc(cc1)c1ccc(cc1)*,1.197547175,29.85903122,49.54512874,3.54E-13,2846.444392,2805.772123,2.49E-10,4117076696,2.45E-10,4172157382,0.000193042,6.43E-05,1.625114633,3.536551858,0.058726443,1.706271678,0.351335092,1.03E-07,0.012972731,-0.006295051,0.059532655,0.134458354,0.080617529,0.064388789,0.002947317,0.002712769
*CCCCCCNC(=O)c1cccc(C(=O)N*)c1,1.109504305,19.45528525,21.58225262,3.09E-13,3275.179719,3230.811259,2.31E-10,4368675598,2.27E-10,4429699537,0.000189672,6.32E-05,1.551489055,2.949468682,0.051479442,1.548539802,0.261246475,7.20E-08,0.010968028,0.003859494,0.074925239,0.066992627,0.07969735,0.022621708,0.001939646,0.000242383
*NC(=O)c1ccc(cc1)CC(=O)NCCC*,1.176155999,21.86299327,33.2296111,2.34E-13,3092.746602,3032.760965,2.00E-10,5073582797,1.96E-10,5178590203,0.000205348,6.84E-05,1.711683793,3.157812219,0.052056804,1.564005543,0.265458671,7.30E-08,0.017664677,-0.012278416,0.074204483,0.073276519,0.077043641,0.030158099,0.002446008,0.00294366
*NC1CC(C)(C)CC(C)(CNC(=O)CCCCC(*)=O)C1,1.024946752,18.21768975,19.81707656,3.95E-13,3761.481618,3729.651649,2.49E-10,4031688613,2.47E-10,4069113943,0.000121335,4.04E-05,1.526963632,2.708500172,0.054021277,1.477000143,0.236903048,6.16E-08,0.011810513,-0.015585385,0.080903193,0.062395088,0.087521444,0.007516623,0.000562783,0.00177879
*Cc1cccc(CNC(=O)CCCCC(=O)N*)c1,1.139825525,18.56226113,21.21086946,2.99E-13,3228.160941,3138.948073,1.95E-10,5139044264,1.90E-10,5283892295,0.000255543,8.52E-05,1.68940853,3.058577083,0.049548859,1.539207835,0.254557959,6.93E-08,0.017329059,-0.004570083,0.078845956,0.062866878,0.072237574,0.024032502,0.001088769,0.002727306
*NC(=O)c1ccc(cc1)C(=O)Nc1ccc(cc1)*,1.255555241,50.26538419,170.3603281,2.94E-13,2772.204537,2715.55594,1.99E-10,5053810718,1.94E-10,5156211523,0.000191847,6.39E-05,1.655714293,3.508462981,0.067379552,1.688999474,0.472805266,1.34E-07,0.017875297,-0.030883541,0.078702235,0.176740976,0.133485139,0.087745399,0.005896058,0.003243703
*NC(=O)c1ccc(cc1)C(=O)Nc1ccc(cc1)c1ccc(cc1)*,1.209706739,50.86226529,179.7198538,2.34E-13,2761.084568,2756.12159,2.05E-10,4885434561,2.04E-10,4894201903,6.33E-05,2.11E-05,1.426653097,3.407954116,0.094724781,1.726644439,0.576386159,1.73E-07,0.009714718,0.003241738,0.071687649,0.265339264,0.151449055,0.070803417,0.004513209,-0.000362892
*NC(=O)c1ccc(cc1)C(=O)NCCCCCC*,1.117494398,21.67746504,29.50273911,4.11E-13,3362.810078,3232.710309,2.60E-10,3912692816,2.50E-10,4057505038,0.000337148,0.000112383,1.537387257,2.971105193,0.064581498,1.560033727,0.293312511,7.85E-08,0.008326175,-0.000706711,0.061063376,0.105360751,0.088649618,0.025523923,0.002655212,0.002440167
*CCCCCCCCCNC(=O)c1ccc(C(=O)N*)cc1,1.067236111,22.4369738,31.39399247,4.55E-13,3458.481707,3373.111391,2.46E-10,4127442738,2.40E-10,4231967416,0.000272233,9.07E-05,1.419625423,2.805201776,0.064866172,1.54453047,0.305511131,8.29E-08,0.012362164,0.002481104,0.065572531,0.10115614,0.09718405,0.024831441,0.001603801,0.000319901
*S(=O)(=O)c1ccc(cc1)NC(=O)CCCCC(=O)Nc1ccc(cc1)*,1.254164268,22.83169827,35.18435137,3.44E-13,2926.808391,2814.708155,2.23E-10,4590004270,2.14E-10,4756352736,0.000314322,0.000104774,1.788640704,3.428131463,0.060420909,1.624648042,0.241731039,6.61E-08,0.013337323,-0.034959381,0.068628453,0.07548741,0.076568468,0.03442574,0.001964047,0.006278979
*NC(=O)C*,1.369447371,21.13240962,26.00857663,3.11E-13,3004.291385,2960.553567,1.37E-10,7351667523,1.35E-10,7459766508,0.00015501,5.17E-05,2.648907219,4.144525991,0.019880348,1.579752113,0.375345394,9.17E-08,0.020341024,-0.007650619,0.116595759,0.088965676,0.125387072,0.011806751,0.005565957,0.014333775
*NC(CCC(=O)OC)C(*)=O,1.214403667,15.91208579,12.71288076,3.35E-13,2953.883217,2876.797969,2.08E-10,4812664259,2.02E-10,4940705702,0.000253118,8.44E-05,1.929776285,3.123874162,0.028761756,1.48124853,0.256652184,7.16E-08,0.013860553,-0.00693333,0.073814875,0.072408913,0.086914367,0.012937683,0.00170114,0.001947983
*C(=O)CCCCCCCCC(=O)N1CCN(*)CC1,1.068360477,23.7286096,32.90765496,6.76E-13,3923.932437,3739.664349,2.30E-10,4354829662,2.19E-10,4563506069,0.000382704,0.000127568,1.515503235,2.760001431,0.078676548,1.498163027,0.32743928,8.03E-08,0.014367249,0.004589382,0.084456231,0.110204562,0.106275098,0.007308987,-9.05E-05,0.000328305
*CCCC(=O)N*,1.127730068,19.87055834,20.43053084,2.62E-13,3313.798257,3250.073222,1.83E-10,5463803474,1.80E-10,5570972001,0.000205975,6.87E-05,1.642314546,2.92854942,0.021663135,1.512029532,0.294452199,7.89E-08,0.013705496,-0.013707761,0.092999826,0.081400122,0.098551873,0.013263394,0.003475278,0.00476397
*CCCCNC(=O)CCCCCCC(=O)N*,1.039221522,20.22607488,22.55590122,3.86E-13,3705.083727,3604.013868,2.18E-10,4645767478,2.12E-10,4770933161,0.00027059,9.02E-05,1.472742872,2.673268372,0.053818095,1.483415999,0.295312596,7.67E-08,0.021084191,-0.008745365,0.08759832,0.080438338,0.099234153,0.010598982,0.002254164,0.002849814
*CCCCNC(=O)CCCCCCCCC(=O)N*,1.014070913,21.00511312,23.93648801,4.30E-13,3779.283539,3640.51512,2.65E-10,3865180353,2.55E-10,4004711761,0.000346739,0.00011558,1.470451122,2.666637736,0.045815555,1.481953032,0.301718016,7.87E-08,0.009482448,-0.002505378,0.077681807,0.087846609,0.112818013,0.012491728,0.002244664,0.001658124
*CCCCCCCCCCCNC(=O)CCCCC(=O)N*,0.985499697,21.3243086,29.4711567,5.33E-13,3887.292355,3741.337984,2.51E-10,4032767157,2.42E-10,4188571227,0.000343817,0.000114606,1.356462727,2.526538496,0.064538992,1.473117377,0.299843971,7.83E-08,0.012410441,-0.001014121,0.083162007,0.088195589,0.105445476,0.00986722,0.001025822,0.000751537
*CCCCCCCCCCCCNC(=O)CCCCCCCCCCC(=O)N*,0.938539349,20.14247518,21.94185046,6.96E-13,4067.258827,3927.653662,2.94E-10,3402255895,2.84E-10,3522962972,0.000356241,0.000118747,39.58245347,40.70191243,0.055077644,1.455835976,0.304591986,7.98E-08,0.01551926,0.000536246,0.075385323,0.089251337,0.118037036,0.005572754,0.000627112,-0.000337081
*NC(=O)c1ccc(cc1)c1ccc(cc1)C(=O)NCCCCCC*,1.119969092,24.51715126,35.96782133,3.31E-13,3177.963716,3091.628439,2.38E-10,4272452519,2.31E-10,4381123404,0.000260718,8.69E-05,1.458644619,3.099956092,0.065228835,1.62520733,0.289397059,8.13E-08,0.009582667,0.000681315,0.058655232,0.10842847,0.068318312,0.040523541,0.001897742,0.001309781
*NC(=O)c1ccc(cc1)C(c1ccc(cc1)C(=O)NCCCCCC*)(C)C,1.067141423,21.00366831,23.24297716,3.51E-13,3331.780503,3235.304401,2.83E-10,3560063092,2.74E-10,3662056920,0.000305572,0.000101857,1.426669591,2.882630621,0.05302875,1.567150219,0.257140127,7.25E-08,0.00805344,0.003744333,0.053643499,0.084880412,0.074679554,0.03099364,0.001781981,-0.000636734
*CCCCCCCCCCC(=O)N(*)C,0.943846152,21.82605242,26.95112957,1.11E-12,4157.976237,3974.911098,3.10E-10,3237013155,2.96E-10,3383276868,0.000417245,0.000139082,1.301195695,2.488797151,0.054884338,1.479053358,0.308782805,7.89E-08,0.021474351,0.010559881,0.079136095,0.077519887,0.111523373,0.00820999,0.000220352,0.000138876
*N(C(=O)CCCCC(=O)NCCCCCC*)C,1.018037716,21.56087805,24.67491199,1.59E-12,3791.29556,3614.368972,3.01E-10,3347708200,2.87E-10,3509279123,0.000423551,0.000141184,1.390519563,,0.045100591,,0.259093819,6.71E-08,0.017723811,0.007119132,0.067024805,0.068721111,0.089142814,0.008953329,0.000440479,-3.17E-05
*N(C(=O)CCCCC(=O)N(CCCCCC*)C)C,1.018654286,20.85003051,22.16525632,9.71E-13,4148.897668,3923.837498,2.58E-10,3953817221,2.43E-10,4164702438,0.000431971,0.00014399,1.624206295,2.789955888,0.059188192,1.471648085,0.281252179,6.71E-08,0.020185684,0.011882329,0.077114223,0.069690526,0.094216208,0.007139455,0.0001695,0.000854254
*N1C(CCC1)C(=O)*,1.145243929,17.03850851,17.81664052,5.18E-13,3156.472806,3065.430559,3.22E-10,3162749555,3.13E-10,3253495331,0.000331585,0.000110528,1.534364965,2.830634582,0.020183356,1.515330739,0.222937579,6.17E-08,0.008153547,0.010537294,0.0644648,0.06679472,0.069977912,0.00281821,0,0.000191097
*NC(C(=O)*)CCC(=O)OCc1ccccc1,1.183555324,14.5172412,10.09750492,1.02E-12,3363.7712,3091.883937,3.04E-10,3491241872,2.77E-10,3745758799,0.000545179,0.000181726,1.542141731,2.899031212,0.043266394,1.535216231,0.218660431,5.55E-08,0.010950678,0.014650799,0.062786143,0.042710301,0.063469543,0.02178685,0.000927547,0.001378569
*NC(C(=O)*)C,1.157414618,18.53807412,21.1446857,2.27E-13,3134.716497,3059.090492,2.39E-10,4204781604,2.34E-10,4306928644,0.000262092,8.74E-05,1.946126938,3.224403582,0.023726159,1.509395552,0.252148669,6.95E-08,0.016228975,-0.022563036,0.076350959,0.072863772,0.092396942,0.008838835,0.003059357,0.004972865
*NC1CCC(CC2CCC(NC(=O)CCCCCCCCCCCCC(*)=O)CC2)CC1,0.965050795,22.54553609,26.32464615,4.49E-13,3864.898379,3761.41476,2.53E-10,3961435611,2.47E-10,4070552059,0.000289223,9.64E-05,11.08992215,12.27285845,0.067958171,1.477476003,0.31314051,8.40E-08,0.020543028,0.000291222,0.078481694,0.091557582,0.11529288,0.00515177,0.001374785,0.00044755
*NC(CCC(=O)OCCCCC)C(*)=O,1.07025453,14.55396667,11.42606517,7.29E-13,3440.539219,3332.296375,2.84E-10,3529685517,2.75E-10,3644789283,0.000330727,0.000110242,1.471480637,2.609150944,0.038563205,1.462076202,0.259084812,7.04E-08,0.017554952,-0.007243434,0.068436136,0.073938014,0.094513926,0.009506212,0.00099235,0.001386656
*NC(CCC(=O)OCCCCCC)C(*)=O,1.044189532,13.9125116,9.263984958,1.16E-12,3846.315939,3546.838857,3.89E-10,2611252158,3.59E-10,2814145223,0.000602434,0.000200811,1.496298144,2.622410449,0.052678777,1.458119233,0.271224405,6.81E-08,0.014886954,4.99E-05,0.067080192,0.079387902,0.095922305,0.012263922,0.000791225,0.000842022
*NC(CCC(=O)OCC)C(*)=O,1.16338802,15.5386839,11.42043269,4.53E-13,3135.602431,3034.342317,2.63E-10,3817869908,2.55E-10,3945219325,0.000319288,0.000106429,1.68302685,2.854947808,0.043330054,1.473742835,0.256531849,7.04E-08,0.012566628,-0.009005441,0.073401429,0.077627645,0.091844266,0.008878317,0.000881477,0.000337527
*NC(CCC(=O)OCCC)C(*)=O,1.127131081,14.79848013,11.97490934,4.50E-13,3265.188478,3127.481656,2.73E-10,3673446029,2.62E-10,3834212796,0.000373903,0.000124634,1.577587982,2.733837612,0.053749514,1.468416983,0.251335537,6.83E-08,0.014743369,-0.006212334,0.067366272,0.068485797,0.091004385,0.011152455,0.001174533,0.003621061
*N(C(=O)c1ccc(cc1)C(=O)N(CCCC*)C)C,1.101612309,20.86031528,26.88734604,5.90E-13,3298.824925,3211.626156,2.70E-10,3748954790,2.63E-10,3853138742,0.00028751,9.58E-05,1.571905613,2.974445314,0.059230414,1.550012714,0.243271486,6.70E-08,0.007300074,0.007378722,0.054662781,0.073132572,0.069961346,0.029848469,0.000470283,0.000517237
*CCCCCCNC(=O)c1ccc(C2(C)CC(C)(C)c3ccc(C(=O)N*)cc32)cc1,1.041144622,19.63449193,22.16847653,3.34E-13,3362.904989,3302.147309,3.27E-10,3116026680,3.21E-10,3173197280,0.000259209,8.64E-05,1.384308745,2.766312739,0.055064319,1.54337034,0.232150722,6.64E-08,0.011179826,-0.000151743,0.054932163,0.067949177,0.072625271,0.024728281,0.001154842,-0.000267095
*OC(=O)NCCCCC*,1.101397289,21.7968347,30.79152751,3.59E-13,3368.811251,3280.280358,2.29E-10,4372056774,2.23E-10,4490069949,0.000272197,9.07E-05,1.347802809,2.532597215,0.035100597,1.478104255,0.315674518,8.51E-08,0.019561669,-0.009579214,0.080710083,0.088075597,0.11651092,0.013752142,0.001781973,0.004861348
*OC(=O)NCCCCCCNC(=O)OCCCC*,1.107872925,21.9968242,29.42592027,4.99E-13,3363.988477,3272.521178,2.20E-10,4561566223,2.14E-10,4689334467,0.000269557,8.99E-05,1.434171113,2.580426537,0.046102681,1.465010055,0.309061654,8.29E-08,0.016799543,-0.01166816,0.077774404,0.094771344,0.1124767,0.01503781,0.00119666,0.002673354
*OC(=O)NCC(C(C(C(CNC(=O)OCCCC*)(F)F)(F)F)(F)F)(F)F,1.482697952,21.70723151,24.19840764,5.94E-13,2468.149841,2358.311945,2.47E-10,4116006600,2.36E-10,4281845031,0.000346228,0.000115409,1.598279865,2.552037346,0.049354598,1.397768531,0.192064224,5.31E-08,0.009501605,-0.002065545,0.059122013,0.05106125,0.065186958,0.006003436,0.000632058,0.002622449
*OC(=O)Nc1ccc(cc1)Cc1ccc(cc1)NC(=O)OCCCCCC*,1.151383671,23.40067908,33.75225385,3.93E-13,3095.909958,3007.200458,2.40E-10,4174658298,2.33E-10,4297322233,0.000284254,9.48E-05,1.360474776,2.885025084,0.052950039,1.588882512,0.281163344,7.82E-08,0.012329011,-0.00648092,0.068936693,0.081534668,0.083141805,0.037719134,0.001339458,0.002643494
*OC(=O)Nc1ccc(cc1)Cc1ccc(cc1)NC(=O)OCc1cc(ccc1)C*,1.201795395,22.53831216,25.5020505,4.98E-13,2956.956946,2881.331874,2.68E-10,3818433207,2.61E-10,3915797403,0.000283104,9.44E-05,1.462716557,3.126676769,0.048649365,1.632160671,0.252292339,7.11E-08,0.01001717,-0.018997196,0.058354452,0.075792657,0.070445667,0.050914286,0.002028955,0.003736348
*OC(=O)Nc1ccc(cc1)NC(=O)OCC*,1.317378403,24.93903119,37.83089629,4.24E-13,2921.538799,2836.775099,2.49E-10,4114899277,2.41E-10,4232790750,0.000204537,6.82E-05,1.707388462,3.282142039,0.049827197,1.60460324,0.296677392,7.72E-08,0.00887148,-0.022545437,0.079867222,0.08950286,0.088571386,0.041871263,0.001996789,0.00854183
*OC(=O)Nc1cc(ccc1)NC(=O)OCC*,1.331542248,21.93305721,24.52902838,3.36E-13,2932.982283,2823.308822,2.19E-10,4614221924,2.11E-10,4782924084,0.00028879,9.63E-05,1.745379495,3.319805662,0.048323529,1.604501407,0.261495011,6.73E-08,0.011185035,-0.052241145,0.092650764,0.07187493,0.0802683,0.043106236,0.003018383,0.011632507
*OC(=O)Nc1ccc(cc1)NC(=O)OCCCCCC*,1.184271643,25.37831224,36.51686624,4.42E-13,3163.442855,3058.128572,2.41E-10,4211757709,2.32E-10,4350881849,0.000312513,0.000104171,1.485902998,2.926149303,0.06080657,1.562127565,0.321009139,8.57E-08,0.012668737,-0.016971627,0.073074701,0.094338764,0.110108297,0.04125908,0.002827235,0.003703952
*OC(=O)Nc1ccc(cc1)c1ccc(cc1)NC(=O)OCC*,1.262967845,26.67526289,41.27747034,4.74E-13,2997.684779,2912.623733,2.30E-10,4362339056,2.23E-10,4488484639,0.000278058,9.27E-05,1.48871285,3.286698196,0.048377642,1.672712189,0.321865027,8.50E-08,0.011419902,-0.027586755,0.074924895,0.101200234,0.097102267,0.060191347,0.003146786,0.00146635
*OC(=O)Nc1c2c(ccc1)c(ccc2)NC(=O)OCC*,1.279596762,24.5963643,34.8319403,3.80E-13,2795.468901,2721.53955,2.63E-10,3964238224,2.55E-10,4060685220,0.0002772,9.24E-05,1.632148713,3.32938688,0.053439379,1.642324349,0.255175643,7.13E-08,0.008212966,-0.012356593,0.056905189,0.079075733,0.074933343,0.043480703,0.002282515,0.002641787
*NC(=O)NCCCCCC*,1.028709227,20.51000177,21.31909851,3.87E-13,3600.557359,3560.609901,2.72E-10,3762855121,2.69E-10,3806614217,0.000188726,6.29E-05,1.283663741,2.468645381,0.042337505,1.478166117,0.325494009,8.80E-08,0.019950819,-0.020398544,0.080014865,0.092815541,0.125649198,0.021781289,0.001903135,0.003777706
*NC(=O)NCc1ccc(cc1)CNC(=O)NCCCCCC*,1.118167941,22.41812285,29.13467721,4.38E-13,3458.721244,3375.711613,2.37E-10,4235434672,2.31E-10,4338032634,0.000264518,8.82E-05,1.470796335,2.863690786,0.053817161,1.546897204,0.292985918,7.61E-08,0.018155946,-0.030633674,0.077675096,0.088384173,0.104454138,0.028797991,0.00186226,0.004289988
*NC(=O)NCCCCCCNC(=O)Nc1ccc(cc1)Cc1ccc(cc1)*,1.122795344,24.44673731,35.58706088,5.19E-13,3312.505092,3263.417536,2.59E-10,3871789651,2.55E-10,3931450929,0.000203771,6.79E-05,1.408238889,2.900496872,0.063758183,1.578688388,0.291631414,7.86E-08,0.012522126,-0.02321806,0.065024215,0.102146237,0.093097866,0.033324602,0.001499316,0.007235111
*NC(=O)Nc1ccc(cc1)Cc1ccc(cc1)*,1.15509391,25.05890653,38.53079306,4.28E-13,2939.883567,2901.287768,2.66E-10,3823413955,2.63E-10,3874386072,0.000197137,6.57E-05,1.374732452,3.049750397,0.047923283,1.635532522,0.347852967,1.02E-07,0.011190516,-0.028096106,0.062697806,0.128992881,0.107085914,0.061105481,0.001824067,0.003052409
*C(CCCCNC(=O)NCCCCCCNC(=O)N*)C(=O)OC,1.099894242,19.44890196,21.6994051,5.04E-13,3762.570935,3641.51951,2.58E-10,3954283445,2.50E-10,4073864309,0.000291579,9.72E-05,1.503421006,2.67287807,0.054547017,1.472907053,0.302361161,7.39E-08,0.021652135,-0.044901386,0.091641724,0.089265561,0.123148743,0.015593423,0.001534338,0.004426624
*c1ccc(Oc2ccc(N3C(=O)c4cc5C(=O)N(*)C(=O)c5cc4C3=O)cc2)cc1,1.286371335,35.76411754,78.97963635,1.61E-13,2357.151644,2339.001424,2.52E-10,3968029117,2.51E-10,3999095078,0.000132765,4.43E-05,1.262234815,3.032112368,0.058444397,1.664290328,0.42519848,1.40E-07,0.001487024,0.002792541,0.050385797,0.190898271,0.103756484,0.074187304,0.000517099,0.00117396
*c1ccc(Oc2ccc(Oc3ccc(N4C(=O)c5cc6C(=O)N(*)C(=O)c6cc5C4=O)cc3)cc2)cc1,1.27413335,29.59877163,42.27602805,2.39E-13,2488.281272,2455.046279,2.54E-10,3947028609,2.51E-10,4000798825,0.000187157,6.24E-05,1.220334364,3.027504903,0.061218639,1.675458317,0.343936522,1.09E-07,0.007832839,0.004856459,0.056878893,0.132139068,0.072225745,0.068497011,0.000470102,0.001036404
*C(=O)Oc1ccc(OC(=O)c2ccc3c(c2)C(=O)N(c2ccc(Oc4ccc(N5C(=O)c6ccc(*)cc6C5=O)cc4)cc2)C3=O)cc1,1.298210162,31.91239727,65.86381388,2.34E-13,2513.485718,2471.844242,2.24E-10,4583672859,2.20E-10,4657462610,0.000200178,6.67E-05,5.541306843,7.387450786,0.069070661,1.687049612,0.351158377,1.07E-07,0.012136697,0.001563345,0.063610442,0.133462372,0.08552626,0.052927143,0.000309762,0.001622356
*c1ccc(Sc2ccc(-n3c(=O)c4cc5c(=O)n(*)c(=O)c5cc4c3=O)cc2)cc1,1.292784022,27.00895972,37.53090193,2.10E-13,2276.640615,2241.312271,2.64E-10,3792338911,2.60E-10,3852121204,0.000199434,6.65E-05,1.250909008,3.105056653,0.054071811,1.689416276,0.277607792,9.44E-08,0.003469207,0.003562068,0.043962154,0.087121116,0.071010746,0.06515235,0.00036809,0.002962062
*n1c(=O)c2cc3c(cc2c1=O)c(=O)n(c3=O)CCCCCCCCC*,1.170652605,22.61205794,32.64511312,5.52E-13,3245.392889,3154.697657,2.40E-10,4226945961,2.33E-10,4344518510,0.000274404,9.15E-05,1.259501552,2.673205036,0.069039485,1.553607174,0.291014208,7.70E-08,0.010679877,0.008625627,0.052660133,0.084780779,0.094658831,0.036860665,0.000126813,0.002621483
*n1c(=O)c2cc3c(cc2c1=O)c(=O)n(c3=O)c1cc2Cc3c(c2cc1)ccc(c3)*,1.214836732,53.34843624,201.2205724,2.17E-14,2402.511755,2393.201108,2.96E-10,3379435268,2.95E-10,3392560193,0.000105309,3.51E-05,1.237465069,2.994350809,0.099282491,1.660387226,,,,,,,,,,
*c1ccc(Oc2ccc(N3C(=O)c4ccc(Oc5ccc6c(c5)C(=O)N(*)C6=O)cc4C3=O)cc2)cc1,1.269137831,27.37498168,30.92534276,7.02E-14,2405.546968,2373.048675,2.29E-10,4384654190,2.26E-10,4444820536,0.000177119,5.90E-05,1.26699603,3.101733391,0.070048927,1.683667475,0.318102166,1.04E-07,0.006839291,0.004165535,0.048118126,0.114076753,0.075703296,0.066111901,0.000606128,0.002481135
*c1cc2c(C(=O)N(C2=O)c2ccc(cc2)S(=O)(=O)c2ccc(cc2)N2C(=O)c3c(C2=O)cc(cc3)C(=O)Nc2ccc(cc2)NC(=O)*)cc1,1.292534878,28.98708564,47.57019695,1.01E-13,2382.935754,2358.238758,2.28E-10,4499262155,2.26E-10,4547408640,0.000152641,5.09E-05,13.39886195,15.26005,0.057955905,1.691501634,0.302433401,9.82E-08,0.010397491,-0.010030028,0.051391764,0.112149403,0.077337101,0.059027721,0.000953245,0.001206704
*c1ccc2c(c1)C(=O)N(c1ccc(Cc3ccc(N4C(=O)c5ccc(C(F)(F)C(F)(F)C(*)(F)F)cc5C4=O)cc3)cc1)C2=O,1.327992966,26.02529557,42.80680999,2.59E-13,2277.547361,2250.434954,2.93E-10,3434229050,2.90E-10,3475134933,0.000186092,6.20E-05,1.191504512,2.728715929,0.047352038,1.59286088,0.201372992,6.66E-08,0.003279151,0.002614149,0.040218563,0.069755026,0.048842393,0.034566025,0.000425685,0.001672
*c1cc2c(C(=O)N(C2=O)c2ccc(cc2)Oc2ccc(cc2)N2C(=O)c3c(C2=O)cc(cc3)C(C(C(*)(F)F)(F)F)(F)F)cc1,1.358626774,27.37259897,43.78742014,4.20E-13,2344.495558,2285.804302,3.12E-10,3287199329,3.04E-10,3365218625,0.000282199,9.41E-05,1.214359241,2.785034439,0.051127742,1.603327933,0.221414687,6.96E-08,0.005612854,0.003284242,0.043127356,0.079863671,0.046048907,0.042785531,0.00030295,0.000389175
*c1cc2c(C(=O)N(C2=O)c2ccc(cc2)S(=O)(=O)c2ccc(cc2)N2C(=O)c3c(C2=O)cc(cc3)C(=O)Nc2ccc(cc2)Oc2ccc(cc2)NC(=O)*)cc1,1.279176196,28.69634527,49.82836294,1.13E-13,2418.974272,2387.431563,2.46E-10,4149467996,2.43E-10,4206116185,0.000178287,5.94E-05,54.74856695,56.60371757,0.084308238,1.689713991,0.288809096,9.37E-08,7.23E-05,0.004069101,0.044780855,0.104851266,0.072647263,0.060055678,0.00107352,0.001259113
*c1ccc(-c2ccc(-c3ccc(-n4c(=O)c5cc6c(=O)n(*)c(=O)c6cc5c4=O)cc3)cc2)cc1,1.11034621,79.61238701,463.6718677,5.84E-13,2574.211483,2565.769962,3.67E-10,2729036908,3.65E-10,2738013475,0.000106778,3.56E-05,1.186343693,2.857902398,0.070238371,1.63449035,,,,,,,,,,
*c1ccc(Cc2ccc(-n3c(=O)c4cc5c(=O)n(*)c(=O)c5cc4c3=O)c(C)c2)cc1C,1.13806991,29.12370783,47.07895028,4.17E-14,2595.277616,2570.131868,2.87E-10,3496222443,2.84E-10,3530827297,0.000163284,5.44E-05,1.195267938,2.716217395,0.058554449,1.587734349,0.315176584,1.07E-07,0.01290145,-0.003329523,0.050643457,0.116183313,0.079710672,0.057420439,0.0003228,0.001323978
*c1ccc(N2C(=O)c3cc4C(=O)N(*)C(=O)c4cc3C2=O)cc1,1.266168237,73.07016392,472.8318978,9.89E-14,2312.28129,2296.563891,2.76E-10,3625074615,2.74E-10,3649883304,0.000134747,4.49E-05,1.319086251,2.926982088,0.084019793,1.614856638,,,,,,,,,,
*c1ccc(-c2ccc(-n3c(=O)c4cc5c(=O)n(*)c(=O)c5cc4c3=O)cc2)cc1,1.18724436,71.98797005,454.7404208,1.92E-13,2435.327707,2402.520559,3.81E-10,2829549138,3.75E-10,2860571526,0.000214928,7.16E-05,1.242592976,2.91875251,0.082897113,1.63587423,,,,,,,,,,
*c1ccc(-c2ccc(-n3c(=O)c4cc5c(=O)n(*)c(=O)c5cc4c3=O)c(C)c2)cc1C,1.085667358,66.87869599,384.754751,4.83E-13,2590.482971,2573.735577,6.28E-10,1981828342,6.26E-10,1996826736,0.000135708,4.52E-05,1.190053515,2.662847406,0.071622207,1.572486535,0.581158989,2.04E-07,0.006231449,-0.002166689,0.049537722,0.302589688,0.128780655,0.093973883,0.000477054,0.001735227
*c1ccc(-c2ccc(-n3c(=O)c4cc5c(=O)n(*)c(=O)c5cc4c3=O)c(OC)c2)cc1OC,1.102881086,68.00275777,375.9723721,5.28E-13,2565.697774,2547.841336,4.89E-10,2051675321,4.86E-10,2065692856,0.000176491,5.88E-05,1.293171475,2.697589756,0.062784557,1.550618677,0.515087068,1.82E-07,0.006773297,-0.003031091,0.057118382,0.237114014,0.093200244,0.118733586,0.000538635,0.00464
*c1cccc(N2C(=O)c3cc4C(=O)N(*)C(=O)c4cc3C2=O)c1,1.294253824,28.15313015,40.12178674,3.47E-13,2311.006558,2289.514382,2.78E-10,3617451928,2.75E-10,3651158226,0.000159929,5.33E-05,1.329094612,2.992578105,0.053116382,1.631966433,0.335322506,1.10E-07,0.008278034,-0.004444165,0.054295514,0.138123705,0.074856267,0.062394314,0.000293083,0.001525754
*c1ccc(-n2c(=O)c3cc4c(=O)n(*)c(=O)c4cc3c2=O)c(C)c1,1.159593797,66.18540371,367.1162512,4.58E-14,2450.238768,2430.285661,3.25E-10,3094514588,3.22E-10,3119660826,0.000158152,5.27E-05,1.256839985,2.66841259,0.078154084,1.552922196,0.618759937,2.15E-07,0.014338903,-0.000512739,0.040097991,0.311632091,0.156087856,0.09788517,0.00025212,-0.001021454
*c1cccc(-n2c(=O)c3cc4c(=O)n(*)c(=O)c4cc3c2=O)c1C,1.169276438,30.81213631,46.42045463,1.66E-13,2408.61923,2388.14185,4.19E-10,2462185424,4.15E-10,2483385441,0.000178649,5.95E-05,1.255405227,2.68453515,0.053210742,1.558545508,0.347931798,1.24E-07,0.007721552,0.004564361,0.045591417,0.147053267,0.084759329,0.056790437,0.000276077,0.001175357
*c1c(C)c(C)c(-n2c(=O)c3cc4c(=O)n(*)c(=O)c4cc3c2=O)c(C)c1C,0.999149898,55.25825578,251.9121544,7.06E-14,2588.391733,2574.37464,4.81E-10,2080841198,4.78E-10,2092160568,0.000148461,4.95E-05,1.181224651,2.371956086,0.098083477,1.480111967,0.514344047,1.99E-07,0.018183711,0.009434818,0.042030662,0.277122503,0.111708524,0.057296047,0.000151861,-0.001584079
*c1ccc(Oc2cccc(Oc3ccc(N4C(=O)c5cc6C(=O)N(*)C(=O)c6cc5C4=O)cc3)c2)cc1,1.299910742,26.56530614,45.3219406,3.01E-13,2529.948592,2452.89474,2.47E-10,4126793451,2.39E-10,4239041789,0.000265063,8.84E-05,1.251373348,3.111781705,0.067863711,1.691269046,0.289920789,8.83E-08,0.005754086,-0.000400948,0.058412324,0.100063671,0.057526444,0.065269283,0.000348149,0.002947781
*c1ccc(Oc2ccc(-c3ccc(Oc4ccc(-n5c(=O)c6cc7c(=O)n(*)c(=O)c7cc6c5=O)cc4)cc3)cc2)cc1,1.236301542,32.79068665,85.12577304,1.23E-13,2535.345995,2514.287644,2.68E-10,3765384995,2.66E-10,3797507439,0.000151005,5.03E-05,1.189391871,3.071443083,0.086564736,1.697648253,0.419114901,1.34E-07,0.015309597,0.00640216,0.049575168,0.128560425,0.135986549,0.083798342,0.000626017,-0.001143357
*c1cccc(Oc2ccc(S(=O)(=O)c3ccc(Oc4cccc(-n5c(=O)c6cc7c(=O)n(*)c(=O)c7cc6c5=O)c4)cc3)cc2)c1,1.296610121,21.95338985,29.02925464,3.75E-13,2447.780572,2385.162593,2.85E-10,3678945229,2.76E-10,3766312042,0.000273059,9.10E-05,1.277300213,2.968132978,0.056279065,1.640366203,0.218423483,6.89E-08,0.006082327,0.001241759,0.047530516,0.067353746,0.052765313,0.041179941,0.000289247,0.001980632
*c1ccc(Oc2ccc(C(c3ccc(Oc4ccc(-n5c(=O)c6cc7c(=O)n(*)c(=O)c7cc6c5=O)cc4)cc3)(C(F)(F)F)C(F)(F)F)cc2)cc1,1.308564776,24.84520731,33.13225795,2.81E-13,2277.835106,2256.658633,3.17E-10,3256649641,3.14E-10,3286812529,0.000170424,5.68E-05,1.169421618,2.717435893,0.061375574,1.596235937,0.219568135,7.24E-08,0.002216092,0.002903459,0.036864563,0.083288379,0.048312698,0.043161359,0.000343354,0.002478231
*c1ccc(Oc2ccc(C(C)(C)c3ccc(Oc4ccc(N5C(=O)c6cc7C(=O)N(*)C(=O)c7cc6C5=O)cc4)cc3)cc2)cc1,1.199178113,23.96641117,30.98220993,2.56E-13,2661.081306,2619.500247,2.43E-10,4119013756,2.39E-10,4183380331,0.000199095,6.64E-05,4.401392695,6.112464036,0.060401832,1.646527408,0.291997587,9.16E-08,0.007052401,0.004518082,0.055823997,0.10483244,0.067804516,0.051391119,0.000350809,0.000224222
*c1ccc(Oc2ccc(N3C(=O)c4ccc(-c5ccc6c(c5)C(=O)N(*)C6=O)cc4C3=O)cc2)cc1,1.246919536,33.7514022,70.4930596,2.31E-13,2511.967277,2499.437631,2.70E-10,3813634384,2.68E-10,3833237486,0.000116429,3.88E-05,1.242350896,3.119974493,0.067144838,1.696315759,0.349285387,1.11E-07,0.00736521,0.003744425,0.053960615,0.140690907,0.075034946,0.064281203,0.000539258,0.003668825
*c1ccc(Oc2ccc(N3C(=O)c4ccc(-c5cccc6c5C(=O)N(*)C6=O)cc4C3=O)cc2)cc1,1.225730173,22.22798133,23.55814317,4.34E-13,2522.024354,2501.450506,3.24E-10,3138984279,3.22E-10,3165401108,0.000147039,4.90E-05,1.266985963,3.051365264,0.053821393,1.668632271,0.246678175,7.98E-08,0.0080194,0.002956593,0.045090755,0.082570052,0.054100802,0.052337899,0.000394242,0.001208433
*N1C(=O)c2c(C1=O)cc(cc2)c1cc2c(C(=O)N(C2=O)c2ccc(cc2)Sc2ccc(cc2)*)cc1,1.250402987,27.41736569,50.65655076,8.81E-14,2397.878547,2367.905986,2.65E-10,3829482425,2.61E-10,3875986759,0.000176183,5.87E-05,1.233539731,3.176628259,0.063711013,1.71551624,0.266032562,8.90E-08,0.006958612,0.000619747,0.046666872,0.088319883,0.06278216,0.059618929,0.000361518,0.000704842
*c1ccc(Cc2ccc(N3C(=O)c4ccc(-c5ccc6c(c5)C(=O)N(*)C6=O)cc4C3=O)cc2)cc1,1.211868653,29.05489501,47.68033413,6.04E-14,2575.361816,2549.835634,2.46E-10,4076180886,2.43E-10,4116995637,0.000157955,5.27E-05,1.221329021,3.057851825,0.064627829,1.684191569,0.310513378,9.95E-08,0.01099712,0.003614567,0.05418428,0.109306834,0.073648689,0.05710287,0.000416674,0.001242344
*c1ccc2c(c1)Cc1cc(N3C(=O)c4ccc(-c5ccc6c(c5)C(=O)N(*)C6=O)cc4C3=O)ccc1-2,1.225343754,40.24704175,95.47555536,8.44E-14,2514.564372,2493.545241,2.54E-10,3964064361,2.51E-10,3997251824,0.00014622,4.87E-05,1.220493895,3.17237515,0.075837058,1.718093997,0.460950768,1.48E-07,0.010770816,-0.000769671,0.05355871,0.195652633,0.111692207,0.088510384,0.00095471,0.000580977
*N1C(=O)c2c(C1=O)cc(cc2)c1cc2c(C(=O)N(C2=O)c2ccc(cc2)c2ccc(cc2)*)cc1,1.230326659,42.8261041,121.9261602,1.93E-13,2511.971824,2489.867307,2.55E-10,3948933876,2.53E-10,3984009699,0.000151715,5.06E-05,1.23183296,3.183380839,0.05636705,1.717987047,0.509455585,1.65E-07,0.013023051,0.002245041,0.057841177,0.245970527,0.105154412,0.081497287,0.000493397,0.003230693
*c1ccc(N2C(=O)c3ccc(-c4ccc5c(c4)C(=O)N(*)C5=O)cc3C2=O)cc1,1.270230048,43.13790934,113.5661323,2.38E-13,2492.770789,2478.281598,3.03E-10,3307410034,3.02E-10,3327456721,0.000129695,4.32E-05,1.278953079,3.144087749,0.072739718,1.692657247,0.481624413,1.47E-07,-0.006183996,-0.00429365,0.07300776,0.244137929,0.083123641,0.089038421,0.000390829,0.002403479
*c1cccc(N2C(=O)c3ccc(-c4ccc5c(c4)C(=O)N(*)C5=O)cc3C2=O)c1,1.239575297,28.58214393,44.79116934,8.08E-14,2474.048081,2444.960873,3.10E-10,3489332712,3.06E-10,3525972526,0.000191457,6.38E-05,1.281659778,3.075169433,0.057308157,1.671368206,0.328084105,1.07E-07,0.001715497,0.007120099,0.044695777,0.135240536,0.067572123,0.069673977,0.000519814,0.001546282
*c1ccc(C)c(N2C(=O)c3ccc(-c4ccc5c(c4)C(=O)N(*)C5=O)cc3C2=O)c1,1.184934256,26.56315825,37.60722122,4.43E-13,2517.624035,2481.705326,3.67E-10,2764956475,3.61E-10,2803946226,0.000225879,7.53E-05,1.269289518,2.932113033,0.036963562,1.631810841,0.275354427,9.24E-08,0.006797961,0.002970849,0.041087177,0.103561711,0.066946481,0.052316412,0.000306479,0.001367357
*c1ccc(N2C(=O)c3ccc(-c4ccc5c(c4)C(=O)N(*)C5=O)cc3C2=O)c(C)c1,1.175877728,41.97216586,117.1820505,2.98E-13,2560.718714,2528.967096,2.94E-10,3471301284,2.90E-10,3514898839,0.000178653,5.96E-05,1.241201226,2.886291693,0.051414262,1.626305608,0.374689314,1.24E-07,0.01131238,0.005689203,0.058492717,0.161629945,0.063386703,0.072439995,0.000446057,0.001292313
*c1cccc(N2C(=O)c3ccc(-c4ccc5c(c4)C(=O)N(*)C5=O)cc3C2=O)c1C,1.15533487,26.65493996,42.71038593,2.39E-13,2509.715934,2489.971572,3.88E-10,2669023856,3.85E-10,2691898777,0.000144685,4.82E-05,1.241515245,2.842133324,0.055808434,1.612638363,0.301425488,1.04E-07,0.00200208,0.000539452,0.042313869,0.128199738,0.06716955,0.059275498,0.000309708,0.001615593
*c1ccc(-c2ccc(N3C(=O)c4ccc(-c5ccc6c(c5)C(=O)N(*)C6=O)cc4C3=O)c(C)c2)cc1C,1.130906275,41.64668838,86.35722089,3.34E-13,2640.35097,2612.923213,3.95E-10,2529685499,3.91E-10,2556253883,0.000201902,6.73E-05,1.193234613,2.898077883,0.07092724,1.644640772,0.46287727,1.55E-07,0.001591911,-0.004964795,0.037968792,0.220852728,0.130354206,0.075384388,0.000597689,0.001092352
*c1ccc(-c2ccc(N3C(=O)c4ccc(-c5ccc6c(c5)C(=O)N(*)C6=O)cc4C3=O)c(OC)c2)cc1OC,1.132406041,43.60644231,125.7273588,3.78E-13,2587.000183,2554.046375,4.09E-10,2562772081,4.04E-10,2593702088,0.000199025,6.63E-05,1.273356321,2.874489216,0.085229665,1.612780428,0.401240453,1.36E-07,0.012288655,0.004538754,0.037537357,0.181391117,0.090121867,0.073208109,0.000371775,0.00178282
*c1ccc(-c2ccc(-c3ccc(N4C(=O)c5ccc(-c6ccc7c(c6)C(=O)N(*)C7=O)cc5C4=O)cc3)cc2)cc1,1.18947831,44.32829907,134.7153605,4.34E-13,2556.54508,2546.337247,3.52E-10,3007084942,3.51E-10,3019744167,0.000113374,3.78E-05,1.194200151,3.188416615,0.080629982,1.730378697,0.51076025,1.66E-07,0.003729784,0.001713862,0.044167621,0.240797534,0.128926445,0.089876174,0.000589835,0.000958996
*c1cccc2c(N3C(=O)c4ccc(-c5ccc6c(c5)C(=O)N(*)C6=O)cc4C3=O)cccc12,1.148099012,39.19532686,115.5149803,3.55E-13,2478.561662,2417.416281,7.21E-10,1916161057,6.90E-10,1940783447,0.000394869,0.000131623,1.209188862,2.847603398,0.067028305,1.624298845,0.315217824,1.11E-07,0.007899625,0.008872064,0.035171042,0.134634354,0.064868155,0.062610075,0.000420592,0.000741917
*c1ccc(Cc2ccc(N3C(=O)c4ccc(-c5ccc6c(c5)C(=O)N(*)C6=O)cc4C3=O)c(C)c2)cc1C,1.128546241,27.14086155,42.47443845,1.95E-13,2673.882565,2641.925485,3.22E-10,3197865271,3.18E-10,3237317247,0.000194579,6.49E-05,1.190548149,2.824148895,0.057713592,1.622787034,0.279064652,9.37E-08,0.00935078,0.001258628,0.044945894,0.110173827,0.061520203,0.051494326,0.000388762,-6.78E-05
*c1ccc(N2C(=O)c3ccc(-c4ccc5c(c4)C(=O)N(*)C5=O)cc3C2=O)nc1,1.260613162,39.99082864,112.7671953,2.22E-13,2388.35861,2362.798334,2.97E-10,3452359808,2.94E-10,3489414802,0.000177824,5.93E-05,1.351043115,3.128408701,0.063738482,1.666513139,0.482912726,1.63E-07,0.006401951,-0.001907127,0.047514808,0.226605693,0.096862537,0.107664911,0.000722888,-0.000952935
*c1ccc(Oc2ccc(-c3ccc(Oc4ccc(N5C(=O)c6ccc(-c7ccc8c(c7)C(=O)N(*)C8=O)cc6C5=O)cc4)cc3)cc2)cc1,1.208662152,31.51705093,66.96447293,2.39E-13,2584.277412,2553.130913,2.64E-10,3784292770,2.61E-10,3830587393,0.000180901,6.03E-05,42.10442131,44.02618375,0.061313121,1.709310385,0.339042351,1.09E-07,0.012984241,0.00594959,0.057339218,0.106998023,0.088382994,0.065536331,0.000461781,0.001390175
*c1ccc(Oc2ccc(C(C)(C)c3ccc(Oc4ccc(N5C(=O)c6ccc(-c7ccc8c(c7)C(=O)N(*)C8=O)cc6C5=O)cc4)cc3)cc2)cc1,1.185849635,26.03365399,36.98565452,3.95E-13,2734.443642,2703.557533,2.86E-10,3555651815,2.82E-10,3595250777,0.000186388,6.21E-05,23.59529337,25.3750101,0.070511855,1.667246409,0.317184763,9.66E-08,0.014444281,0.001610974,0.049085025,0.105638855,0.084657529,0.061375498,0.000363981,8.62E-06
*c1ccc(Oc2ccc(C(c3ccc(Oc4ccc(N5C(=O)c6ccc(-c7ccc8c(c7)C(=O)N(*)C8=O)cc6C5=O)cc4)cc3)(C(F)(F)F)C(F)(F)F)cc2)cc1,1.276047621,26.44667687,31.39535602,1.28E-13,2352.648244,2329.29143,2.81E-10,3560372194,2.78E-10,3596291658,0.000163461,5.45E-05,9.432581855,11.03110771,0.057896021,1.611969639,0.230715582,7.69E-08,0.007560979,-0.001063025,0.047374556,0.084180759,0.049456347,0.040889187,0.000333547,0.001983232
*c1cccc(Oc2ccc(S(=O)(=O)c3ccc(Oc4cccc(N5C(=O)c6ccc(-c7ccc8c(c7)C(=O)N(*)C8=O)cc6C5=O)c4)cc3)cc2)c1,1.27232919,23.4685448,25.27208646,2.00E-13,2443.797419,2409.796342,2.55E-10,3976889369,2.52E-10,4033094019,0.000191105,6.37E-05,9.07978246,10.92204329,0.067917674,1.685897412,0.227124785,7.33E-08,0.01178082,-0.005247207,0.046955297,0.071684495,0.05294502,0.04896076,0.000267932,-0.000222331
*N1C(=O)c2c(C1=O)cc(cc2)Oc1cc2c(C(=O)N(C2=O)CCCCCC*)cc1,1.227589336,23.46526501,33.05006772,2.74E-13,2711.11393,2676.592076,2.31E-10,4418823961,2.28E-10,4475145207,0.000178975,5.97E-05,1.296362901,2.843765561,0.060346489,1.596058125,0.218711009,6.58E-08,0.007877502,0.003296314,0.049204984,0.068479485,0.053680306,0.034512498,0.000186319,0.001473603
*c1ccc(N2C(=O)c3ccc(Oc4ccc5c(c4)C(=O)N(*)C5=O)cc3C2=O)cc1,1.284415042,29.67917183,50.28793683,2.56E-13,2444.377374,2411.043845,2.64E-10,3813225363,2.61E-10,3865003392,0.000183694,6.12E-05,1.309284171,3.073328178,0.053741377,1.662539778,0.341065511,1.09E-07,0.005991603,0.000168288,0.049519669,0.13442488,0.083078335,0.064055894,0.000517963,0.003308878
*N1C(=O)c2c(C1=O)cc(cc2)Oc1cc2c(C(=O)N(C2=O)c2ccc(cc2)c2ccc(cc2)*)cc1,1.23593461,31.46898461,60.25760655,1.79E-13,2473.33359,2454.077495,3.06E-10,3294359530,3.03E-10,3319708177,0.000154135,5.14E-05,1.245325456,3.112791597,0.07176704,1.693358502,0.314812658,1.04E-07,0.006486706,0.001138845,0.048880144,0.141121908,0.061058692,0.053699774,0.000385142,0.002041447
*c1cccc(Oc2ccc(N3C(=O)c4ccc(Oc5ccc6c(c5)C(=O)N(*)C6=O)cc4C3=O)cc2)c1,1.271392185,25.82303678,37.97786883,1.99E-13,2460.248294,2423.929336,2.52E-10,3974948374,2.48E-10,4034606019,0.000195736,6.52E-05,1.261984607,3.102892112,0.049806972,1.685486891,0.248953031,7.96E-08,0.007380766,0.001270397,0.049884974,0.0797757,0.062484046,0.047629769,0.000416213,0.000111166
*c1ccc(Oc2cccc(Oc3ccc(N4C(=O)c5ccc(Oc6ccc7c(c6)C(=O)N(*)C7=O)cc5C4=O)cc3)c2)cc1,1.270104981,23.90410548,29.76282349,3.30E-13,2486.051862,2446.190157,2.70E-10,3785200016,2.66E-10,3844763096,0.000209161,6.97E-05,2.09339846,3.851704367,0.056238764,1.660801994,0.239797409,7.59E-08,0.003170453,0.001787109,0.043326454,0.085990168,0.055285304,0.049355961,0.000401485,0.000480476
*c1ccc(Oc2ccc(Oc3ccc(N4C(=O)c5ccc(Oc6ccc7c(c6)C(=O)N(*)C7=O)cc5C4=O)cc3)cc2)cc1,1.250215209,26.5472567,48.5721242,2.60E-13,2514.232995,2484.249294,2.59E-10,3880141476,2.56E-10,3926833529,0.000179448,5.98E-05,1.221134458,3.060339408,0.077207328,1.684983201,0.260809088,8.30E-08,0.008875018,0.001506748,0.044388841,0.091876009,0.055657256,0.055197556,0.000419914,0.002887745
*c1cccc(Oc2ccc(N3C(=O)c4ccc(C(c5ccc6c(c5)C(=O)N(*)C6=O)(C(F)(F)F)C(F)(F)F)cc4C3=O)cc2)c1,1.305857302,22.78574642,29.16791528,1.52E-13,2261.152473,2237.332253,3.12E-10,3213713456,3.09E-10,3248070751,0.000178049,5.93E-05,1.198836603,2.652345954,0.054905099,1.566360904,0.170631828,5.78E-08,0.002980142,0.001552641,0.038937088,0.057675025,0.039283578,0.029030594,0.000153142,0.001019618
*c1ccc(Oc2ccc(N3C(=O)c4ccc(C(c5ccc6c(c5)C(=O)N(*)C6=O)(C(F)(F)F)C(F)(F)F)cc4C3=O)cc2)cc1,1.301214948,26.39045228,35.31460713,6.46E-14,2263.071502,2238.014866,3.26E-10,3140306481,3.22E-10,3175344120,0.000186405,6.21E-05,1.198060348,2.643113976,0.059156766,1.563665756,0.205297018,6.97E-08,0.005015496,0.002806862,0.038619415,0.075743468,0.045012711,0.035865422,0.000311581,0.001922063
*c1ccc(Oc2ccc(Oc3ccc(N4C(=O)c5ccc(C(c6ccc7c(c6)C(=O)N(*)C7=O)(C(F)(F)F)C(F)(F)F)cc5C4=O)cc3)cc2)cc1,1.291041814,24.62846558,34.27694726,5.72E-14,2296.947167,2268.53574,3.01E-10,3326186912,2.97E-10,3367854107,0.000191408,6.38E-05,1.185080594,2.696077039,0.059730221,1.584610532,0.20429123,6.89E-08,0.007973744,9.70E-05,0.041560001,0.069758508,0.047330922,0.036243247,0.000286094,0.001041732
*c1ccc2c(c1)C(=O)N(c1ccc(Oc3cccc(Oc4ccc(N5C(=O)c6ccc(C(*)(C(F)(F)F)C(F)(F)F)cc6C5=O)cc4)c3)cc1)C2=O,1.306690546,23.58910882,33.01393852,2.84E-13,2262.331348,2238.2654,3.26E-10,3121785217,3.23E-10,3155318346,0.000182145,6.07E-05,7.475686897,9.034375594,0.063450505,1.599583635,0.179360522,6.07E-08,0.00753052,-0.004190351,0.043192262,0.056292392,0.04208658,0.033481262,0.000218061,0.000749795
*c1ccc2c(c1)C(=O)N(c1cccc(Oc3cccc(Oc4cccc(N5C(=O)c6ccc(C(*)(C(F)(F)F)C(F)(F)F)cc6C5=O)c4)c3)c1)C2=O,1.30619974,19.73092575,25.29492729,4.36E-13,2342.231103,2316.960574,4.34E-10,2661311820,4.31E-10,2696510062,0.000175154,5.84E-05,1.498985583,2.873966615,0.052509836,1.541083688,0.163896306,5.36E-08,0.004221763,-0.000366916,0.043247529,0.049718444,0.035415388,0.030036549,0.000272318,0.001351232
*c1cc2c(C(=O)N(C2=O)c2cc(ccc2)C(=O)c2cc(ccc2)N2C(=O)c3c(C2=O)cc(cc3)C(=O)*)cc1,1.261274943,22.07671919,24.99397025,2.01E-13,2498.90992,2471.535948,2.46E-10,4071845063,2.43E-10,4117333003,0.000166709,5.56E-05,1.372872847,3.151688091,0.056339606,1.666972009,0.23166303,7.56E-08,0.010565643,0.004035362,0.047618771,0.075460343,0.050366068,0.042603268,0.000277241,0.000736333
*c1cc2c(C(=O)N(C2=O)c2cc(ccc2)NC(=O)c2cc(ccc2)N2C(=O)c3c(C2=O)cc(cc3)C(=O)*)cc1,1.277306466,21.96893169,23.97397411,2.94E-13,2483.438235,2463.759893,2.52E-10,4000359560,2.50E-10,4033803234,0.000128279,4.28E-05,1.48315099,3.306726742,0.062474088,1.680344948,0.248247801,7.84E-08,0.010030431,-0.01133502,0.056634196,0.079649376,0.054411925,0.056714405,0.001092678,0.00104981
*C(=O)c1ccc2c(c1)C(=O)N(c1cccc(C(=O)Nc3ccc(N4C(=O)c5ccc(*)cc5C4=O)cc3)c1)C2=O,1.276055396,25.88451416,47.13442573,1.23E-13,2437.634098,2414.450044,2.25E-10,4469268878,2.23E-10,4512086748,0.000146073,4.87E-05,1.465418426,3.350387431,0.051698088,1.698516813,0.282680928,9.09E-08,0.003826309,-0.00396562,0.048590553,0.103378899,0.071805651,0.055847328,0.001035596,0.002162213
*C(=O)c1ccc2c(c1)C(=O)N(c1ccc(C(=O)Nc3cccc(N4C(=O)c5ccc(*)cc5C4=O)c3)cc1)C2=O,1.280037721,25.5349463,31.76474694,3.70E-13,2485.109125,2467.24826,2.49E-10,4055015054,2.47E-10,4084713953,0.00012278,4.09E-05,1.466343503,3.342740207,0.055169129,1.695990131,0.299190121,9.43E-08,0.002591831,-0.000724362,0.058189737,0.10611529,0.06784633,0.060410327,0.001239477,0.003521491
*C(=O)c1ccc2c(c1)C(=O)N(c1cccc(C(=O)N(C)c3ccc(N4C(=O)c5ccc(*)cc5C4=O)cc3)c1)C2=O,1.248995932,21.03114746,25.79302624,1.46E-13,2529.626212,2486.631259,2.83E-10,3658763550,2.77E-10,3716583730,0.000221162,7.37E-05,1.353501492,3.076685533,0.056494736,1.650202965,0.253404651,8.03E-08,0.010516801,0.003719359,0.049784512,0.076880377,0.059409697,0.051020722,0.000390432,0.001682752
*C(=O)c1ccc2c(c1)C(=O)N(c1ccc(Oc3ccc(C(=O)c4cccc(C(=O)c5ccc(Oc6ccc(N7C(=O)c8ccc(*)cc8C7=O)cc6)cc5)c4)cc3)cc1)C2=O,1.236641993,23.45118978,28.58106312,4.55E-13,2634.780994,2554.826195,2.88E-10,3739975028,2.77E-10,3827215801,0.00029006,9.67E-05,26.69336235,28.35651067,0.065358857,1.631908831,0.261879265,7.97E-08,0.00927525,0.001896663,0.045236484,0.085950023,0.066034552,0.051880513,0.000428617,0.001177162
*c1cccc(N2C(=O)c3ccc(C(=O)c4ccc5c(c4)C(=O)N(*)C5=O)cc3C2=O)c1,1.262038362,23.75906378,34.10047834,1.04E-13,2368.583478,2343.598215,2.62E-10,3816863397,2.60E-10,3857572903,0.000163524,5.45E-05,1.33572953,3.047234699,0.048778856,1.646658877,0.246673488,8.25E-08,0.007346154,0.001048429,0.043233388,0.087102287,0.057533302,0.048856514,0.000323609,0.001229806
*C(=O)c1ccc2c(c1)C(=O)N(c1ccc(C)c(N3C(=O)c4ccc(*)cc4C3=O)c1)C2=O,1.21870301,22.26749475,22.38400853,4.01E-13,2556.995123,2526.587,3.20E-10,3176047194,3.16E-10,3215103387,0.000169557,5.65E-05,1.312821065,2.951301406,0.045123247,1.624337043,0.229606072,7.40E-08,0.007711101,0.004213293,0.042183101,0.07608233,0.05045326,0.048198575,0.000290213,0.000474199
*C(=O)c1ccc2c(c1)C(=O)N(c1ccc(N3C(=O)c4ccc(*)cc4C3=O)c(C)c1)C2=O,1.220747915,26.92091988,43.78270285,1.42E-13,2389.144107,2367.806572,2.80E-10,3629863441,2.77E-10,3662803522,0.000150162,5.01E-05,1.288195342,2.957835304,0.046628344,1.63389638,0.27875452,9.50E-08,0.002977749,-6.83E-05,0.04642405,0.110469104,0.05679713,0.059607381,0.000361478,0.0021859
*C(=O)c1ccc2c(c1)C(=O)N(c1cccc(N3C(=O)c4ccc(*)cc4C3=O)c1C)C2=O,1.20397476,24.37148901,31.94412873,3.86E-13,2464.388592,2440.110024,3.63E-10,3091262226,3.60E-10,3125950824,0.000149399,4.98E-05,1.287729128,2.868090718,0.049281905,1.606336955,0.256559347,8.65E-08,0.005007732,0.002421131,0.042469738,0.097194231,0.057404051,0.049607564,0.000301949,0.002152952
*C(=O)c1ccc2c(c1)C(=O)N(c1c(C)c(C)c(N3C(=O)c4ccc(*)cc4C3=O)c(C)c1C)C2=O,1.095689324,29.17237563,51.32830118,5.32E-13,2688.806025,2655.668831,3.95E-10,2567451567,3.91E-10,2600497854,0.000192234,6.41E-05,1.244607787,2.666881851,0.059725701,1.556360215,0.259917753,8.84E-08,0.012639816,0.017343394,0.047561679,0.095727756,0.051283093,0.035192859,0.000129789,3.94E-05
*C(=O)c1ccc2c(c1)C(=O)N(c1ccc(-c3ccc(N4C(=O)c5ccc(*)cc5C4=O)c(C)c3)cc1C)C2=O,1.145826917,30.85058936,63.1680783,2.70E-13,2555.739162,2534.702171,3.57E-10,2843355191,3.54E-10,2866513228,0.000163329,5.44E-05,1.235684312,2.895411582,0.056733444,1.63085887,0.3105729,1.06E-07,0.011113591,0.005314001,0.047544901,0.117048757,0.075255233,0.052248013,0.000317426,0.001730978
*C(=O)c1ccc2c(c1)C(=O)N(c1ccc(-c3ccc(N4C(=O)c5ccc(*)cc5C4=O)c(OC)c3)cc1OC)C2=O,1.18302384,28.72840688,45.3439797,1.31E-13,2482.932957,2457.752241,3.29E-10,3050393229,3.26E-10,3081048156,0.000179152,5.97E-05,1.325072692,2.96674287,0.079518462,1.625308635,0.299180817,1.02E-07,0.011883694,0.00888639,0.048548699,0.112282339,0.066381209,0.049559485,0.000322978,0.001316023
*C(=O)c1ccc2c(c1)C(=O)N(c1ccc(-c3ccc(-c4ccc(N5C(=O)c6ccc(*)cc6C5=O)cc4)cc3)cc1)C2=O,1.203391937,32.5454931,63.89943556,3.46E-13,2643.817527,2616.668654,2.60E-10,3859104631,2.57E-10,3899536889,0.000167473,5.58E-05,2.68057167,4.653499158,0.054325618,1.724216344,0.373595654,1.17E-07,0.004302068,0.006783319,0.043357347,0.154163945,0.082679886,0.08088921,0.000739061,0.000680818
*C(=O)c1ccc2c(c1)C(=O)N(c1ccc3c(c1)Cc1cc(N4C(=O)c5ccc(*)cc5C4=O)ccc1-3)C2=O,1.231381223,29.02493893,50.1563393,1.57E-14,2477.850016,2452.780596,2.50E-10,4027472627,2.48E-10,4069626199,0.000156779,5.23E-05,1.262252094,3.179070794,0.077452453,1.70785518,0.3325687,1.09E-07,0.004946905,-0.001589979,0.047337191,0.135176116,0.072820574,0.071602153,0.000633718,0.001642022
*c1ccc(Oc2ccc(N3C(=O)c4ccc(C(=O)c5ccc6c(c5)C(=O)N(*)C6=O)cc4C3=O)cc2)cc1,1.25624388,28.04454624,46.65679382,2.87E-13,2426.43919,2404.294749,2.72E-10,3729923242,2.69E-10,3763855574,0.000155595,5.19E-05,1.290004509,3.096010527,0.068608718,1.675097097,0.287757726,9.44E-08,0.008552225,0.004934037,0.053618651,0.099311142,0.064935228,0.054063309,0.000341137,0.002001996
*C(=O)c1ccc2c(c1)C(=O)N(c1ccc(Sc3ccc(N4C(=O)c5ccc(*)cc5C4=O)cc3)cc1)C2=O,1.267940386,24.67773909,31.97865835,1.18E-13,2390.694652,2363.011516,2.54E-10,3965029091,2.51E-10,4010960258,0.000171402,5.71E-05,1.279899353,3.175493631,0.04880601,1.70164234,0.237456292,7.84E-08,0.007961316,0.002521139,0.04694291,0.076943064,0.059077691,0.042835131,0.000312849,0.000862192
*C(=O)c1ccc2c(c1)C(=O)N(c1ccc(Cc3ccc(N4C(=O)c5ccc(*)cc5C4=O)cc3)cc1)C2=O,1.231157372,25.41076537,39.09793936,2.25E-13,2577.430968,2526.600067,2.72E-10,3923638668,2.65E-10,3985915912,0.000228169,7.61E-05,1.268217961,3.045726647,0.062350903,1.666584276,0.272615302,8.60E-08,0.003157698,0.005092198,0.048092366,0.102855139,0.062307301,0.049190717,0.000376436,0.001543447
*C(=O)c1ccc2c(c1)C(=O)N(c1ccc(Cc3ccc(N4C(=O)c5ccc(*)cc5C4=O)c(C)c3)cc1C)C2=O,1.153645492,25.03388392,36.09618994,4.94E-14,2632.453931,2598.308196,2.93E-10,3466690930,2.89E-10,3513028449,0.000193281,6.44E-05,1.231429273,2.819369292,0.056278948,1.608704188,0.253414349,8.35E-08,0.008925446,0.0022882,0.046849615,0.087840714,0.060563273,0.045763181,0.000252886,0.000931036
*C(=O)c1ccc2c(c1)C(=O)N(c1ccc(N3C(=O)c4ccc(*)cc4C3=O)nc1)C2=O,1.281940946,28.68947772,56.09453707,1.47E-13,2337.757841,2317.87841,2.86E-10,3533102195,2.84E-10,3563306990,0.000152503,5.08E-05,1.391120942,3.115426584,0.06503719,1.650545855,0.293057796,9.77E-08,0.002820968,0.000290054,0.0461217,0.124376821,0.065301557,0.052291488,0.00043121,0.001423998
*C(=O)c1ccc2c(c1)C(=O)N(c1ccc(-c3ccc(N4C(=O)c5ccc(*)cc5C4=O)cc3)cc1)C2=O,1.240794321,31.25412886,66.49931894,1.48E-13,2517.812081,2488.402637,2.72E-10,3684960841,2.69E-10,3728311739,0.000178362,5.95E-05,1.292735532,3.205797994,0.067039386,1.706749431,0.374004427,1.20E-07,0.014092109,0.000198767,0.059605196,0.145884731,0.076827739,0.076104637,0.000537319,0.000753928
*c1ccc(N2C(=O)c3ccc(C(=O)c4ccc5c(c4)C(=O)N(*)C5=O)cc3C2=O)cc1,1.271524595,28.38511667,47.56721662,2.92E-13,2383.888569,2374.182253,2.80E-10,3667718097,2.79E-10,3684758341,8.54E-05,2.85E-05,1.336863659,3.099236211,0.06430879,1.662024712,0.31707915,1.05E-07,0.005151923,0.002605392,0.049745819,0.125258839,0.0734439,0.059120061,0.000389086,0.001364129
*c1cc2c(C(=O)N(C2=O)c2cc(ccc2)OCCOCCOc2cc(ccc2)N2C(=O)c3c(C2=O)cc(cc3)C(=O)*)cc1,1.277701247,22.2848572,27.51966594,2.10E-13,2629.805807,2585.587239,2.24E-10,4519866251,2.20E-10,4593079085,0.000194099,6.47E-05,2.535552651,4.237832653,0.065081003,1.643860173,0.232989048,6.93E-08,0.009184819,-0.005932725,0.057357641,0.082267918,0.049796999,0.039503635,0.000251422,0.00055934
*C(=O)c1ccc2c(c1)C(=O)N(c1ccc(Oc3ccc(-c4ccc(Oc5ccc(N6C(=O)c7ccc(*)cc7C6=O)cc5)cc4)cc3)cc1)C2=O,1.228224345,26.38462228,49.05650924,5.66E-13,2569.198314,2561.481203,3.14E-10,3196318426,3.13E-10,3206530599,9.24E-05,3.08E-05,10.30908403,12.21405449,0.073579326,1.704393143,0.33194566,1.05E-07,0.009095984,0.003606187,0.045692727,0.126964552,0.069642045,0.073911935,0.000458824,0.002573405
*c1ccc(Oc2ccc(C(C)(C)c3ccc(Oc4ccc(N5C(=O)c6ccc(C(=O)c7ccc8c(c7)C(=O)N(*)C8=O)cc6C5=O)cc4)cc3)cc2)cc1,1.202972829,24.00835115,40.04552044,3.00E-13,2694.661101,2637.69608,2.49E-10,4038106500,2.43E-10,4123814248,0.000237367,7.91E-05,16.84426701,18.60334224,0.072023609,1.661045514,0.278491279,8.58E-08,0.010006121,0.003743604,0.057253327,0.088970781,0.065628323,0.051082337,0.000288192,0.001518593
*C(=O)c1ccc2c(c1)C(=O)N(c1ccc(Oc3ccc(C(c4ccc(Oc5ccc(N6C(=O)c7ccc(*)cc7C6=O)cc5)cc4)(C(F)(F)F)C(F)(F)F)cc3)cc1)C2=O,1.29107138,23.49197492,27.25248888,,,,,,,,,,4.565041544,6.160860935,0.09475186,1.611154676,0.230541679,,0.005828621,0.000792662,0.04889344,0.07182416,0.055710189,0.048489014,0.000462014,-0.001458423
*N1C(=O)c2c(C1=O)cc(cc2)Oc1ccc(cc1)S(=O)(=O)c1ccc(cc1)Oc1cc2c(C(=O)N(C2=O)c2cc(ccc2)S(=O)(=O)c2cc(ccc2)*)cc1,1.297529725,21.97903365,24.71796077,4.70E-13,2404.697828,2360.433008,2.80E-10,3613970998,2.75E-10,3678987959,0.000221434,7.38E-05,3.296818814,5.027623996,0.077430614,1.652510059,0.196371018,6.30E-08,0.005300812,0.003455314,0.038874031,0.063944648,0.044651867,0.038388892,0.000252983,0.001502471
*c1cccc(N2C(=O)c3ccc(Oc4ccc(C(C)(C)c5ccc(Oc6ccc7c(c6)C(=O)N(*)C7=O)cc5)cc4)cc3C2=O)c1,1.202697866,22.64217692,24.79956395,4.35E-13,2589.4107,2554.657141,2.72E-10,3719451391,2.68E-10,3769782007,0.000192836,6.43E-05,1.243564219,2.922831665,0.077439405,1.63684294,0.234647472,7.51E-08,0.006870786,-0.000439902,0.047611514,0.071531473,0.058819157,0.047471319,0.000322616,0.002460508
*N1C(=O)c2c(C1=O)cc(cc2)Oc1ccc(cc1)S(=O)(=O)c1ccc(cc1)Oc1cc2c(C(=O)N(C2=O)c2cc(ccc2)*)cc1,1.284993708,23.65282255,29.26050661,2.02E-13,2405.823738,2368.593888,2.53E-10,3958748405,2.49E-10,4021147053,0.000198876,6.63E-05,1.341602545,3.102672026,0.069735548,1.661640551,0.222521804,7.18E-08,0.004009891,0.00321703,0.04512902,0.073265634,0.055791933,0.038527311,0.000293798,0.002287187
*N1C(=O)c2c(C1=O)cc(cc2)Oc1ccc(cc1)S(=O)(=O)c1ccc(cc1)Oc1cc2c(C(=O)N(C2=O)c2ccc(cc2)Oc2ccc(cc2)*)cc1,1.275034449,26.33644956,43.11411616,1.76E-13,2402.436771,2373.088599,2.54E-10,3981720635,2.51E-10,4031110984,0.000176428,5.88E-05,4.994217929,6.768391998,0.064878746,1.665579666,0.247598756,8.08E-08,0.006079965,0.004936915,0.043563681,0.087659255,0.058263756,0.045661062,0.000318521,0.001115601
*c1ccc2c(c1)C(=O)N(c1ccc(Cc3ccc(N4C(=O)c5ccc(C(*)(C(F)(F)F)C(F)(F)F)cc5C4=O)cc3)cc1)C2=O,1.27525294,23.47489286,33.65501857,3.76E-13,2365.283044,2319.066938,3.86E-10,2800437018,3.76E-10,2843663389,0.000262805,8.76E-05,1.178801312,2.632332194,0.059343391,1.566371224,0.197639356,6.55E-08,0.002836969,0.000294015,0.035131192,0.073922857,0.04600519,0.037974847,0.000211354,0.001262931
*c1ccc2c(c1)C(=O)N(c1ccc(C(C)(C)c3ccc(N4C(=O)c5ccc(C(*)(C(F)(F)F)C(F)(F)F)cc5C4=O)cc3)cc1)C2=O,1.229423781,23.30793156,29.89218054,4.12E-13,2399.468648,2364.372691,5.76E-10,2076458750,5.65E-10,2101305093,0.000259943,8.66E-05,1.165240681,2.568891746,0.075676798,1.550351804,0.188288469,6.39E-08,0.004195142,0.000233541,0.039277649,0.068173893,0.046947908,0.027909919,0.000197015,0.001353402
*C(=O)NCCNC(=O)c1ccc(N2C(=O)c3ccc(*)cc3C2=O)cc1,1.289378324,24.32433339,35.8498343,1.95E-13,2674.113662,2640.306031,2.06E-10,4858221089,2.04E-10,4920910071,0.00016315,5.44E-05,1.696400199,3.393294699,0.050956369,1.642217813,0.262578056,7.63E-08,0.007602661,-0.013432492,0.059618188,0.083418408,0.072058063,0.048755122,0.002057434,0.002500673
*c1cc2c(C(=O)N(C2=O)c2ccc(cc2)C(=O)NCCCCCCNC(=O)*)cc1,1.208959693,23.37897452,30.46451748,2.54E-13,2878.146128,2830.164408,2.18E-10,4662660024,2.14E-10,4736327418,0.00019935,6.65E-05,1.572864529,3.157318809,0.081659834,1.607623381,0.30396234,8.74E-08,0.010874746,-0.004896289,0.058400366,0.10390124,0.086892454,0.044185647,0.001720261,0.002883915
*C(=O)Nc1ccc(Cc2ccc(NC(=O)c3ccc(N4C(=O)c5ccc(*)cc5C4=O)cc3)cc2)cc1,1.230142757,30.8524502,61.90558362,3.57E-13,2704.778446,2644.555613,2.77E-10,3834239426,2.70E-10,3910081078,0.000251403,8.38E-05,1.610029419,3.506862393,0.072640138,1.702003938,0.335151924,1.01E-07,0.012869459,-0.019512591,0.065276345,0.129734299,0.080972391,0.061885664,0.002313106,0.001613251
*C(=O)NC1CCC(CC2CCC(NC(=O)c3ccc(N4C(=O)c5ccc(*)cc5C4=O)cc3)CC2)CC1,1.133082066,28.28450564,47.35343911,2.63E-13,3115.796628,3066.773367,2.59E-10,3865539510,2.55E-10,3926124002,0.000206428,6.88E-05,1.517293409,3.014687238,0.061577533,1.580305025,0.308291763,8.73E-08,0.015298086,-0.012676695,0.056566705,0.106306172,0.110269612,0.029462231,0.000379266,0.002686387
*c1cccc(N2C(=O)c3ccc(Oc4ccc5c(c4)C(=O)N(*)C5=O)cc3C2=O)c1,1.280091609,25.48843896,34.67120735,4.88E-13,2495.171048,2426.296809,3.08E-10,3318658468,2.99E-10,3405045358,0.000288248,9.61E-05,1.308493979,3.048351144,0.064227616,1.655237953,0.256393833,8.04E-08,0.004139299,-0.001602061,0.049051907,0.086895116,0.060739896,0.05481707,0.000403139,0.001949467
*N1C(=O)c2c(C1=O)cc(cc2)Oc1cc2c(C(=O)N(C2=O)c2ccc(cc2)Cc2ccc(cc2)*)cc1,1.232070271,26.13481842,35.11006002,3.22E-13,2567.169804,2540.934474,2.67E-10,3913216309,2.64E-10,3953876898,0.000163586,5.45E-05,1.234502537,3.026648198,0.058506776,1.670963058,0.279008786,8.84E-08,0.004593403,0.000315595,0.044217409,0.101688362,0.070611701,0.055458532,0.000384999,0.001738786
*c1ccc(Oc2ccc(N3C(=O)c4ccc(Oc5ccc(C(c6ccc(Oc7ccc8c(c7)C(=O)N(*)C8=O)cc6)(C(F)(F)F)C(F)(F)F)cc5)cc4C3=O)cc2)cc1,1.302606771,25.48483407,28.76217201,2.84E-13,2386.866978,2339.13194,3.01E-10,3495914493,2.95E-10,3558603269,0.000245837,8.19E-05,18.14557651,19.71496255,0.077408896,1.602925817,0.220106642,7.08E-08,0.0029315,0.003331723,0.037692076,0.079556614,0.053224731,0.041914642,0.000344068,0.001111288
*c1cccc(Oc2ccc(N3C(=O)c4ccc(-c5ccc6c(c5)C(=O)N(*)C6=O)cc4C3=O)cc2)c1,1.252942085,27.1175223,48.25771749,4.30E-14,2434.623421,2412.401839,2.44E-10,4118876958,2.42E-10,4156615819,0.000149706,4.99E-05,1.250510346,3.137069571,0.071434164,1.698966527,0.281444426,9.16E-08,0.011286674,0.002772944,0.050519661,0.097171255,0.06303385,0.055499253,0.00049394,0.000666849
*C(=O)Nc1ccccc1NC(=O)c1ccc(N2C(=O)c3ccc(*)cc3C2=O)cc1,1.285201084,18.0416104,19.42531608,3.48E-13,2593.163577,2582.653987,2.63E-10,3826565645,2.62E-10,3843134422,9.69E-05,3.23E-05,1.65977583,3.523989617,0.055390124,1.692394364,0.229940242,6.90E-08,0.010204977,-0.000461802,0.058901435,0.058309176,0.046247215,0.054157675,0.001747267,0.000834299
*C(=O)Nc1cccc(NC(=O)/C=C/c2cccc(N3C(=O)c4ccc(*)cc4C3=O)c2)c1,1.251502611,25.31679754,34.00019419,3.51E-13,2774.113818,2646.097395,2.84E-10,3716160830,2.69E-10,3859739320,0.000345207,0.000115069,1.58584895,3.522074175,0.054267912,1.713526232,0.283388677,8.18E-08,0.011814958,-0.038236945,0.068919658,0.096781345,0.082246617,0.057566259,0.001912734,0.002384051
*C(=O)Nc1cccc(/C=C/C(=O)/C=C/c2cccc(NC(=O)c3ccc(N4C(=O)c5ccc(*)cc5C4=O)cc3)c2)c1,1.200829298,25.51876593,33.06211418,2.60E-13,2649.670784,2609.158697,2.77E-10,3647929972,2.72E-10,3702480794,0.000199952,6.67E-05,2.279335806,4.271216806,0.09190203,1.729698337,0.288072027,9.04E-08,0.009775266,-0.01764666,0.058680268,0.100297992,0.074322235,0.058340256,0.002115684,0.002186987
*c1ccc2c(c1)C(=O)N(c1ccc(Oc3ccc(N4C(=O)c5ccc(C(C)(C)CCCCC(*)(C)C)cc5C4=O)cc3)cc1)C2=O,1.127096125,23.2758207,33.4231078,2.16E-13,2885.937408,2852.046485,2.41E-10,4153971740,2.38E-10,4203533884,0.000174416,5.81E-05,5.117854055,6.695498255,0.086231294,1.605493701,0.234181621,7.20E-08,0.009390493,0.004289821,0.054998814,0.067459242,0.05800231,0.038591664,0.000287489,0.001161788
*c1ccc(Oc2cccc3c(Oc4ccc(-n5c(=O)c6cc7c(=O)n(*)c(=O)c7cc6c5=O)cc4)cccc23)cc1,1.243581648,31.97771306,41.19338552,1.52E-13,2522.374617,2494.538167,2.82E-10,3598450020,2.79E-10,3638197633,0.00017919,5.97E-05,1.197488704,2.985734733,0.058497533,1.669770923,0.317593927,1.01E-07,0.004523754,0.002037176,0.044641385,0.112698224,0.076603003,0.073997416,0.000339003,0.002753967
*N1C(=O)c2c(C1=O)cc(cc2)Oc1cc2c(C(=O)N(C2=O)c2ccc(cc2)Oc2c3c(ccc2)c(ccc3)Oc2ccc(cc2)*)cc1,1.241250034,28.61584249,47.11052204,1.47E-13,2497.92911,2461.16739,2.54E-10,3935563882,2.50E-10,3994242463,0.000195803,6.53E-05,1.476149228,3.353681881,0.068418871,1.696314409,0.272013483,8.78E-08,0.002224291,0.003230204,0.043241182,0.099172239,0.070624828,0.052434337,0.000444523,0.000641878
*C(=O)c1ccc2c(c1)C(=O)N(c1ccc(Oc3cccc4c(Oc5ccc(N6C(=O)c7ccc(*)cc7C6=O)cc5)cccc34)cc1)C2=O,1.237241822,27.00610669,37.2343663,4.41E-13,2585.30764,2559.693563,2.91E-10,3471032261,2.88E-10,3508248713,0.000141211,4.71E-05,2.274736845,4.115672375,0.073822471,1.685503986,0.253248203,8.04E-08,0.00895298,0.003755763,0.042302201,0.08579989,0.058465647,0.0515866,0.000383845,0.002001278
*c1ccc2c(c1)C(=O)N(c1ccc(Oc3ccc(C(c4ccc(Oc5ccc(N6C(=O)c7ccc(C(*)(C(F)(F)F)C(F)(F)F)cc7C6=O)cc5)cc4)(C(F)(F)F)C(F)(F)F)cc3)cc1)C2=O,1.311751956,23.79313831,33.02108699,1.98E-13,2261.17008,2227.264854,3.81E-10,2785896427,3.75E-10,2826582477,0.000235578,7.85E-05,26.60835579,28.01967555,0.079779002,1.552833599,0.178824304,6.03E-08,0.001981336,0.003579896,0.035682074,0.067950412,0.037578566,0.031842208,0.000169541,4.03E-05
*c1ccc(N2C(=O)c3ccc(C(c4ccc5c(c4)C(=O)N(*)C5=O)(C(F)(F)F)C(F)(F)F)cc3C2=O)cc1,1.307479371,24.06225521,30.67381941,1.29E-13,2141.275333,2123.240011,3.63E-10,2808365283,3.60E-10,2831681653,0.000166937,5.56E-05,1.21453334,2.545397705,0.061385177,1.526693241,0.195860266,6.99E-08,0.001161189,0.001504166,0.033337156,0.082300389,0.038061283,0.038195082,0.000240384,0.001060617
*c1ccc2c(c1)C(=O)N(c1ccc(C(c3ccc(N4C(=O)c5ccc(C(*)(C(F)(F)F)C(F)(F)F)cc5C4=O)cc3)(C(F)(F)F)C(F)(F)F)cc1)C2=O,1.312846814,20.98100887,23.42290536,4.28E-13,2190.596438,2171.358914,4.59E-10,2194349744,4.55E-10,2213513728,0.000191384,6.38E-05,1.173172082,2.408039074,0.075422113,1.494939316,0.150988967,5.26E-08,0.001717505,0.000794335,0.034992804,0.054707029,0.031885016,0.026048529,0.000201556,0.000642194
*c1ccc2c(c1)C(=O)N(c1c(C)cc(C)c(N3C(=O)c4ccc(C(*)(C(F)(F)F)C(F)(F)F)cc4C3=O)c1C)C2=O,1.174741146,21.3426379,22.35099868,4.84E-13,2332.996677,2313.437309,5.49E-10,1849441532,5.44E-10,1865159488,0.000203102,6.77E-05,1.148167104,2.33619801,0.057612972,1.479190093,0.150371313,5.49E-08,0.006864919,-0.000798865,0.04198044,0.043539892,0.034385034,0.023236728,0.00015987,0.001003295
*c1ccc2c(c1)C(=O)N(c1c(C)c(C)c(N3C(=O)c4ccc(C(*)(C(F)(F)F)C(F)(F)F)cc4C3=O)c(C)c1C)C2=O,1.146022084,23.81474014,32.07483433,4.20E-13,2324.696869,2294.788749,5.39E-10,1926719967,5.31E-10,1948801856,0.000238342,7.94E-05,1.137177637,2.315146168,0.063448092,1.475764983,0.16438311,6.16E-08,0.004320354,0.002665868,0.02997792,0.067135195,0.035980683,0.023310439,0.000109815,0.000882836
*c1ccc(Oc2cc3ccccc3cc2Oc2ccc(N3C(=O)c4ccc(-c5ccc6c(c5)C(=O)N(*)C6=O)cc4C3=O)cc2)cc1,1.241176561,24.88651568,34.23292555,3.88E-13,2588.546246,2550.9577,2.80E-10,3625618268,2.76E-10,3676998695,0.000205388,6.85E-05,1.211581051,3.148710201,0.058631483,1.713787793,0.254618417,7.93E-08,0.007209272,0.00295071,0.048758436,0.087667231,0.05019973,0.056486664,0.000474523,0.000871852
*c1ccc(Oc2cc3ccccc3cc2Oc2ccc(N3C(=O)c4ccc(Oc5ccc6c(c5)C(=O)N(*)C6=O)cc4C3=O)cc2)cc1,1.256698292,23.46686695,32.96522081,1.30E-13,2546.806292,2508.264837,2.63E-10,3866670748,2.59E-10,3924847160,0.000205271,6.84E-05,1.226741585,3.090377946,0.061448358,1.692217254,0.23259708,7.27E-08,0.005888021,5.75E-05,0.043088704,0.079966032,0.050654443,0.050876981,0.000400151,0.001665279
*C(=O)c1ccc2c(c1)C(=O)N(c1ccc(Oc3cc4ccccc4cc3Oc3ccc(N4C(=O)c5ccc(*)cc5C4=O)cc3)cc1)C2=O,1.249194838,22.39195154,24.92760363,3.17E-13,2489.409529,2459.264121,2.83E-10,3575601139,2.80E-10,3618762551,0.000182752,6.09E-05,1.290476245,2.974834091,0.069738725,1.638397404,0.240362753,7.74E-08,0.002193899,0.002722804,0.040135114,0.083485748,0.055321713,0.054999136,0.000349676,0.001154663
*c1ccc(Oc2cc3ccccc3cc2Oc2ccc(N3C(=O)c4ccc(S(=O)(=O)c5ccc6c(c5)C(=O)N(*)C6=O)cc4C3=O)cc2)cc1,1.273186916,22.01939676,26.59264339,5.68E-13,2492.655475,2449.996522,3.09E-10,3311722851,3.03E-10,3367369792,0.000218613,7.29E-05,1.231033692,3.000773394,0.052214534,1.664250277,0.204011822,6.43E-08,0.002892715,0.002001966,0.038965301,0.070967432,0.045007689,0.042508403,0.000324078,0.001344237
*c1ccc(C(c2ccccc2)(c2ccc(-n3c(=O)c4cc5c(=O)n(*)c(=O)c5cc4c3=O)cc2)C(F)(F)F)cc1,1.203851883,26.02618288,36.30320997,4.04E-13,2443.912719,2432.568455,4.45E-10,2324499409,4.43E-10,2335621380,0.00010368,3.46E-05,1.214118163,2.666937123,0.051236486,1.566137188,0.242359788,8.25E-08,0.005720695,-0.004231192,0.04284477,0.096912263,0.049190989,0.049969474,0.000376249,0.001576539
*c1ccc(N2C(=O)c3ccc(-c4cccc5c4C(=O)N(*)C5=O)cc3C2=O)cc1,1.218182819,23.17099002,33.87588446,7.41E-14,2421.664338,2396.456905,3.15E-10,3227643848,3.12E-10,3262886945,0.000175399,5.85E-05,1.310025107,3.008155865,0.049792896,1.642596847,0.249325732,8.46E-08,0.003392607,0.000572532,0.039515422,0.087037859,0.060199792,0.056809978,0.000286019,0.001511524
*CC1(C)CC(*)(C)C(=O)OC1=O,1.134708881,16.19322944,14.53344903,3.69E-13,3002.816976,2974.434306,2.54E-10,4096540211,2.52E-10,4139663436,0.000125067,4.17E-05,1.41223193,2.551981569,0.038739746,1.462763057,0.185992809,5.46E-08,0.006456497,0.006675849,0.071478344,0.042915442,0.055420818,0.002558315,0,0.000487543
*OC(=O)OCCCCCC*,1.07671508,22.43811701,30.11003277,1.42E-12,3534.268732,3328.129935,3.21E-10,3128961285,3.03E-10,3321319735,0.000486646,0.000162215,1.207265285,2.297383941,0.036763122,1.445724032,0.272889143,7.17E-08,0.017109145,0.009858395,0.064181349,0.069641416,0.093968802,0.015383718,0,0.002746319
*OC(=O)OCC(C(C(C(C*)(F)F)(F)F)(F)F)(F)F,1.68320529,22.82007642,31.62244376,7.84E-13,2112.67345,1994.185269,2.77E-10,3638408190,2.62E-10,3832367928,0.000391426,0.000130475,1.423870264,2.241335804,0.055334596,1.348133864,0.145276489,4.15E-08,0.004354654,0.00567586,0.04281268,0.041991073,0.045163803,0.003814839,0,0.00146358
*Oc1ccc(cc1)C(c1ccc(cc1)OC(=O)*)(C)C,1.141156801,22.29640664,22.68993045,5.02E-13,2953.21119,2874.673959,2.84E-10,3574291595,2.76E-10,3667175006,0.000287418,9.58E-05,1.304040873,2.7808069,0.049819021,1.573773289,0.239631003,7.11E-08,0.010639543,-0.004953865,0.054693152,0.069990892,0.069136548,0.038346568,0.000385668,0.001392497
*Oc1ccc(C(C)(CCC)c2ccc(OC(*)=O)cc2)cc1,1.074574897,21.46284987,27.1514101,2.86E-13,3083.469373,3030.131379,3.11E-10,3243133187,3.05E-10,3299240498,0.000240278,8.01E-05,1.269065044,2.639058126,0.042599292,1.539474141,0.244337041,7.38E-08,0.010862302,0.003296942,0.058129989,0.068921561,0.064691704,0.036960041,0.000227608,0.001246894
*Oc1ccc(C(C)(C)c2ccc(OC(*)=O)c(C)c2)cc1C,1.071059114,19.9506095,16.62586696,4.98E-13,3088.970407,3023.228809,3.17E-10,3167461366,3.10E-10,3235803704,0.000271435,9.05E-05,1.239191723,2.602139118,0.045593234,1.53718762,0.235991215,7.14E-08,0.009766751,0.001421657,0.050081217,0.081163388,0.06054967,0.031964672,0.000226132,0.000817727
*Oc1c(Cl)cc(C(C)(C)c2cc(Cl)c(OC(*)=O)c(Cl)c2)cc1Cl,1.319483933,21.37007538,25.45389406,1.13E-12,2032.475771,1973.126613,4.29E-10,2337609718,4.17E-10,2408070606,0.000327937,0.000109312,1.185696135,2.589989189,0.041689059,1.550577319,0.135267254,5.05E-08,0.006040292,-0.007712422,0.039249312,0.042288875,0.034681115,0.019609072,8.30E-05,0.001027983
*Oc1c(Br)cc(C(C)(C)c2cc(Br)c(OC(*)=O)c(Br)c2)cc1Br,1.815896982,21.26438014,25.90098258,6.70E-13,1397.976291,1385.360252,3.71E-10,2743583258,3.68E-10,2769890962,0.000161177,5.37E-05,1.193166469,2.66018114,0.042215887,1.570668428,0.116199931,4.58E-08,0.003693735,-0.003672875,0.033819639,0.039409489,0.029729533,0.012075892,7.13E-05,0.001073266
*Oc1ccc(C(C)(c2ccccc2)c2ccc(OC(*)=O)cc2)cc1,1.123680096,21.57193906,22.94326189,4.01E-13,2821.429005,2779.605068,3.12E-10,3282341443,3.07E-10,3334022853,0.000214263,7.14E-05,1.268521985,2.774698143,0.057400686,1.583077823,0.234250441,7.39E-08,0.003700849,0.006197254,0.05022154,0.078755136,0.055105396,0.039498852,0.000266294,0.00050512
*Oc1ccc(C(CCC)(CCC)c2ccc(OC(*)=O)cc2)cc1,1.015922365,19.52777255,19.65459727,1.21E-13,3135.723507,3092.920896,4.13E-10,2460923534,4.07E-10,2496594395,0.000236789,7.89E-05,1.243045772,2.519468916,0.046133757,1.508772363,0.229886318,7.22E-08,0.003735728,0.001446071,0.056648443,0.078063001,0.061215301,0.027881454,0.000155279,0.00074104
*Oc1ccc(cc1)C1(CCCC1)c1ccc(cc1)OC(=O)*,1.143968702,20.3659333,23.11789991,3.38E-13,2966.172396,2891.044008,3.14E-10,3369741625,3.05E-10,3445030066,0.000293331,9.78E-05,1.297429766,2.761700558,0.052449555,1.569797145,0.233473598,6.91E-08,0.006849103,0.002011377,0.050594691,0.071577353,0.062863463,0.038618576,0.000352964,0.000606072
*Oc1ccc(C2(c3ccc(OC(*)=O)cc3)CCCCC2)cc1,1.114381568,20.23173532,22.98344874,2.64E-13,3012.346252,2963.503088,2.84E-10,3523558398,2.79E-10,3581540588,0.000226034,7.53E-05,1.272385578,2.686678066,0.037630113,1.553797132,0.218561417,6.51E-08,0.008119527,0.002477649,0.05340112,0.067641093,0.057132033,0.029503563,0.000318685,-3.23E-05
*Oc1ccc(C2(c3ccc(OC(*)=O)c(C)c3)CCCCC2)cc1C,1.053045275,20.33471792,24.78368856,5.41E-13,3277.128288,3167.849192,3.81E-10,2658336258,3.68E-10,2749406430,0.000379675,0.000126558,1.198299438,2.522773652,0.044662199,1.524621509,0.233405574,6.76E-08,0.008868513,0.004881371,0.051674646,0.07772653,0.064869958,0.025375295,0.000181904,-0.000172643
*Oc1ccc(cc1)C1(c2ccccc2c2ccccc12)c1ccc(cc1)OC(=O)*,1.128461031,20.32284039,21.50046924,2.24E-13,2803.476484,2762.686094,3.75E-10,2687014664,3.70E-10,2725924070,0.000234883,7.83E-05,1.224323525,2.818632726,0.054922322,1.610666878,0.207936405,6.57E-08,0.006834523,0.003328157,0.040225183,0.069240856,0.047427037,0.039597488,0.00049297,0.000790191
*Oc1ccc(cc1)C(c1ccc(cc1)OC(=O)*)(c1ccccc1)c1ccccc1,1.105355359,19.72117199,23.55519214,3.96E-13,2785.680517,2742.192099,3.83E-10,2627008463,3.77E-10,2668119725,0.000243714,8.12E-05,1.235719857,2.758128415,0.058991312,1.588208337,0.211523164,6.87E-08,0.010245558,-0.000297187,0.054243034,0.055982298,0.045334447,0.044136184,0.000361729,0.0015171
*Oc1ccc(cc1)C(c1ccc(cc1)OC(=O)*)(C(F)(F)F)C(F)(F)F,1.384457385,21.83532867,27.33849075,4.03E-13,2242.435483,2191.004381,3.84E-10,2684243108,3.74E-10,2742777951,0.0002981,9.94E-05,1.343128497,2.51992098,0.034916833,1.475394296,0.16903023,5.44E-08,0.002622838,0.001860117,0.04069026,0.060458915,0.039194108,0.022874811,0.000181072,0.00114811
*Oc1ccc(cc1)C(c1ccc(cc1)OC(=O)*)(c1ccccc1)C#N,1.157290262,20.87255044,19.98822542,3.44E-13,2677.003113,2633.185177,3.03E-10,3322036493,2.98E-10,3376019094,0.000222158,7.41E-05,1.282832455,2.851647742,0.058328806,1.602749603,0.214219488,6.92E-08,0.009626363,0.002594859,0.05400082,0.062414207,0.047525146,0.036267671,0.000325136,0.001465285
*Oc1c(C)cc(C(C)(C)c2cc(C)c(OC(*)=O)c(C)c2)cc1C,1.002192304,20.94045324,24.29859003,5.12E-13,3199.14969,3062.972423,5.28E-10,2332875791,4.98E-10,2414461564,0.000486089,0.00016203,1.1400722,2.412679934,0.060965324,1.507514401,0.212399138,6.63E-08,0.015126474,0.00287585,0.058110047,0.056454039,0.053160174,0.025879202,0.000197223,0.00059613
*Oc1c(cc(cc1)C(c1ccc(cc1)C(c1cc(c(cc1)OC(=O)*)C)(C)C)(C)C)C,1.037025858,20.50529491,26.25758022,6.58E-13,3179.537551,3123.137401,3.31E-10,3019286088,3.26E-10,3074158062,0.000250232,8.34E-05,1.212721099,2.601671716,0.073643133,1.54562253,0.234165789,7.10E-08,0.009197009,0.002515811,0.051738568,0.079030848,0.05875546,0.031755938,0.000420064,0.000752092
*Oc1cc(ccc1)CCCCCCCCCCc1cc(ccc1)OC(=O)*,1.053440137,20.60450522,23.66592349,8.23E-13,3556.915088,3352.621516,3.03E-10,3343238106,2.86E-10,3541564731,0.000458356,0.000152785,1.231483236,2.564708314,0.049250227,1.527488844,0.235809342,6.33E-08,0.011011047,-0.000105185,0.057902088,0.061869209,0.080083375,0.024308661,0.000262409,0.000477738
*Oc1ccc(C(C)(C)c2ccc(OC(*)=O)c(C(C)C)c2)cc1C(C)C,1.004973052,20.26931974,24.67948022,2.26E-13,3307.816653,3227.703894,3.48E-10,2880708481,3.40E-10,2952306183,0.000304872,0.000101624,1.195013132,2.43726779,0.051929306,1.497415513,0.230822589,6.94E-08,0.014603094,-0.004830203,0.058736472,0.072190943,0.068272371,0.021453276,0.000125196,0.00027144
*Oc1ccc(cc1)C(=O)CCCCCCCCC(=O)c1ccc(cc1)OC(=O)*,1.140448591,24.27801768,39.57700533,5.61E-13,3133.41065,3034.469439,2.45E-10,4101289636,2.37E-10,4230880879,0.00029802,9.93E-05,1.628776241,3.012396004,0.064274301,1.543897568,0.270982629,7.59E-08,0.009182695,0.00140672,0.066649088,0.083435574,0.078929824,0.030043602,0.000207573,0.001127553
*Oc1ccc(cc1)S(=O)(=O)c1ccc(cc1)OC(=O)*,1.338016033,22.89231815,28.84776935,2.75E-13,2330.707005,2258.337648,3.21E-10,3648293160,3.08E-10,3737280900,0.000318451,0.00010615,1.553897848,3.102253319,0.045709162,1.59635356,0.224611569,7.20E-08,0.00527512,-0.000232543,0.04897064,0.072115622,0.05586437,0.040494545,0.000327129,0.001796686
*OC(=O)OCc1ccc(cc1)C*,1.223791314,22.22606664,26.43364422,8.01E-13,2921.597154,2834.322745,2.63E-10,3812927311,2.55E-10,3928780039,0.000294678,9.82E-05,1.276064822,2.698073986,0.041148945,1.556279889,0.250103805,7.00E-08,0.006019358,0.007912831,0.042507256,0.089606171,0.066618555,0.035131377,0.000105474,0.002202784
*Oc1ccc(C(=C(Cl)Cl)c2ccc(OC(*)=O)cc2)cc1,1.309864067,23.77172397,28.3556446,1.96E-13,2150.200607,2090.323602,3.35E-10,3033955926,3.25E-10,3115976057,0.000286475,9.55E-05,1.299429174,2.893071708,0.048380448,1.610478504,0.199949495,7.11E-08,0.003962367,0.000518953,0.041648867,0.072843575,0.044009395,0.035066528,0.000357852,0.001541957
*Oc1ccc(cc1)OC(=O)Oc1ccc(cc1)c1ccc(cc1)OC(=O)*,1.272056297,29.13495676,51.73421754,5.24E-13,2560.958543,2515.671329,2.64E-10,3814764473,2.59E-10,3884040001,0.000222691,7.42E-05,1.446074502,3.132465365,0.065933065,1.639020639,0.329371007,1.01E-07,0.008109986,-0.005607657,0.061334851,0.109581897,0.087233342,0.064632205,0.000377782,0.0037086
*Oc1cc2c(cc1)ccc(c2)OC(=O)Oc1ccc(cc1)OC(=O)*,1.30756147,23.44354524,26.75789209,5.49E-13,2635.199813,2504.772207,3.07E-10,3404827218,2.90E-10,3561308208,0.000400756,0.000133585,1.482401928,3.18795941,0.066383453,1.644856737,0.263470354,7.66E-08,0.007653186,-0.00757583,0.064307661,0.076474226,0.072659859,0.048552982,0.000480137,0.000918133
*Oc1c2c(ccc1)c(ccc2)OC(=O)Oc1ccc(cc1)OC(=O)*,1.296405101,25.94059837,36.48677672,5.01E-13,2542.374578,2487.041885,2.67E-10,3793210630,2.61E-10,3872800747,0.000246696,8.22E-05,1.485308314,3.097321345,0.062932182,1.61616739,0.241562638,7.32E-08,0.012175379,-0.006988987,0.055056239,0.068303933,0.065573519,0.04519612,0.000247421,0.001999014
*c1ccc(-c2nc3cc(-c4ccc5nc(-c6ccccc6)c(*)nc5c4)ccc3nc2-c2ccccc2)cc1,1.056458614,22.65081935,27.8630744,8.07E-13,2836.67591,2815.644705,5.09E-10,1965191764,5.05E-10,1979871991,0.000181315,6.04E-05,1.049057958,3.057394126,0.06961296,1.734443676,0.25797031,8.61E-08,0.007209816,0.010776716,0.032071987,0.092013731,0.06405499,0.050852823,0.000276154,0.000714092
*c1ccc(-c2nc3cc(-c4ccc5nc(*)c(-c6ccccc6)nc5c4)ccc3nc2-c2ccccc2)cc1,1.056649095,27.81572221,40.12853586,5.59E-13,2775.715639,2737.407981,4.69E-10,2142934636,4.62E-10,2172653032,0.000246028,8.20E-05,1.048463457,2.997889839,0.066764525,1.717359042,0.300076156,1.02E-07,0.010698352,0.013682004,0.03713834,0.113019961,0.065761844,0.058948637,0.000322084,0.000504934
*c1cccc(-c2nc3cc(-c4ccc5nc(*)c(-c6ccccc6)nc5c4)ccc3nc2-c2ccccc2)c1,1.066267313,21.51675846,22.10627406,6.11E-13,2743.152385,2716.916095,4.51E-10,2275700392,4.47E-10,2298155878,0.000196683,6.56E-05,1.054321394,3.033356027,0.061006782,1.725957693,0.231952429,7.93E-08,0.010260642,0.014922588,0.034978548,0.072868063,0.055558195,0.042470704,0.000249949,0.000643741
*c1ccc(-c2nc3cc(-c4ccc5nc(*)c(-c6ccc7ccccc7c6)nc5c4)ccc3nc2-c2ccc3ccccc3c2)cc1,1.072232309,25.25761256,33.4007698,2.17E-13,2696.96704,2680.913933,4.29E-10,2379762386,4.27E-10,2394171816,0.00014933,4.98E-05,1.047600583,3.199004716,0.069457055,1.775199409,0.274147926,9.49E-08,-0.000914676,-0.007593416,0.015072863,0.134380469,0.066480625,0.066285943,0.000434793,1.33E-06
*c1cccc(-c2nc3cc(-c4ccc5nc(*)c(-c6ccc7ccccc7c6)nc5c4)ccc3nc2-c2ccc3ccccc3c2)c1,1.095943981,20.67801364,21.01698239,4.78E-13,2806.71128,2721.329193,6.46E-10,2028674013,6.19E-10,2073435470,0.000447185,0.000149062,1.050531466,3.287086099,0.060904866,1.79902045,0.244614479,7.96E-08,0.006289162,0.008945821,0.02958108,0.087062684,0.056294778,0.05563842,0.000356284,0.00044625
*N=P(*)(OCC(F)(F)F)OCC(F)(F)F,1.651958224,18.02916632,18.94346154,8.90E-13,1943.58361,1815.219802,5.97E-10,1714160277,5.57E-10,1830818292,0.000645189,0.000215063,2.858831921,3.802971585,0.033045396,1.394323982,0.138820064,4.33E-08,0.007388872,-0.006477339,0.036807173,0.041806962,0.055419615,0.00187003,0,0.002004751
*Oc1ccc(C(=O)c2ccc(*)cc2)cc1,1.189618201,23.25511851,29.61739235,4.89E-13,2690.814698,2654.182445,2.80E-10,3610479904,2.76E-10,3661256492,0.000198163,6.61E-05,1.33756578,3.04926171,0.046374579,1.6467207,0.276789879,8.65E-08,0.008307029,0.008067745,0.053178886,0.090055317,0.068059723,0.047836103,0.000251263,0.001033813
*CCCCCCS(*)(=O)=O,1.156037345,22.47169724,31.80410325,6.41E-13,3536.184469,3246.473488,2.42E-10,4255624437,2.21E-10,4591069093,0.000493975,0.000164658,2.111296746,3.361584021,0.0361592,1.500095035,0.239977769,5.93E-08,0.015488384,-0.02131394,0.073624787,0.072821427,0.094112225,0.004085118,0,0.001159767
*OS(=O)(=O)c1ccc(*)cc1,1.433690549,23.19498743,33.94290511,3.81E-13,2115.531926,2069.828806,2.17E-10,4657531412,2.13E-10,4760254996,0.000215125,7.17E-05,1.302248998,2.800822853,0.033426881,1.580686839,0.186803621,6.17E-08,0.003701152,0.003624312,0.040804284,0.061845069,0.046670161,0.028804446,0.000188098,0.001166099
*c1ccc(*)cc1,1.021951225,84.85848459,645.1457202,1.12E-12,2963.276051,2955.363803,3.62E-10,3173491084,3.61E-10,3182887710,4.06E-05,1.35E-05,1.022655793,2.551408771,0.047896994,1.590131163,,,,,,,,,,
*CCc1ccc(*)c(C)c1,1.00278747,22.25442755,31.13394408,3.47E-13,3416.647069,3311.014335,2.79E-10,3615057365,2.70E-10,3728824444,0.000310309,0.000103436,1.030070576,2.551813684,0.05274468,1.587998671,0.255021494,7.45E-08,0.009310863,0.002763303,0.049004038,0.073581847,0.074747122,0.044837224,0.000575337,0.000201762
*CCc1cc(C)c(*)cc1C,0.963046372,22.46902993,30.14412908,3.54E-13,3471.686114,3372.143195,3.21E-10,3182341933,3.11E-10,3273608962,0.000318913,0.000106304,1.033254795,2.458416968,0.051652807,1.557289765,0.262219285,7.84E-08,0.014994027,0.003877485,0.063228532,0.070114759,0.075003728,0.034285644,0.000419384,0.000295727
*CCc1ccc(*)c(Cl)c1,1.197077899,23.11292169,32.8164664,5.52E-13,2542.127564,2474.392857,3.13E-10,3288420521,3.04E-10,3377502902,0.000287979,9.60E-05,1.143367035,2.722289383,0.033913011,1.605900866,0.178005409,5.85E-08,0.00527975,0.003484453,0.037710443,0.052114514,0.05347928,0.025517909,0.000327465,9.16E-05
*c1ccc(C(Cl)(Cl)C(*)Cl)cc1,1.388472271,23.4116757,31.28972027,4.25E-13,1855.857564,1803.880291,3.95E-10,2592971007,3.84E-10,2663011611,0.000305206,0.000101735,1.113695707,2.584204756,0.051250462,1.571772856,0.119776758,4.65E-08,0.004222115,0.006607717,0.03411927,0.02831455,0.032335178,0.013565348,0.000149434,0.000463146
*C1CCC(*)C1,0.928876066,23.01891847,34.09249464,6.60E-13,3950.641893,3874.625759,3.14E-10,3233111019,3.08E-10,3294847131,0.000265585,8.85E-05,1.001631689,2.25182859,0.041168199,1.500064822,0.284922378,7.76E-08,0.012983751,0.011209942,0.065660451,0.09115844,0.103551703,0.000351855,0,6.24E-06
*C1C2CC(C)C(C2)C1*,0.898563014,14.97922281,12.11039176,3.18E-13,3775.485679,3757.179331,3.84E-10,2652759232,3.82E-10,2666004950,0.000135226,4.51E-05,1.00888856,2.138590544,0.027709268,1.459347936,0.171048226,5.04E-08,0.003838142,0.00257575,0.05015575,0.042605853,0.070985484,0.000752062,0,0.000135186
*C1CC2CC1C(*)C2CCCC,0.876370215,15.82421417,15.29373976,5.66E-13,4031.237599,3948.328251,5.22E-10,1941479984,5.12E-10,1983783851,0.000343834,0.000114611,1.016475803,2.128187694,0.045369109,1.453167699,0.241394354,6.84E-08,0.009976621,0.005632675,0.063418746,0.072446614,0.088338175,0.001650986,0,-6.95E-05
*C1CC2CC1C(*)C2CCCCCC,0.89181419,14.93477777,11.34166248,5.84E-13,4244.038469,4093.410894,4.65E-10,2155393450,4.49E-10,2234084515,0.000446918,0.000148973,1.011489847,2.177082167,0.045148931,1.47158671,0.261321169,6.92E-08,0.01370634,0.009372042,0.070023428,0.069277201,0.094573053,0.004291565,0,7.75E-05
*CC(*)(C)c1ccc2ccccc2c1,0.989395044,14.67254835,8.930361303,3.84E-13,3210.945119,3193.159057,4.55E-10,2235231569,4.52E-10,2247381555,0.000162389,5.41E-05,1.03909905,2.622960763,0.053971098,1.607401294,0.186141125,5.86E-08,0.007319271,0.004053707,0.050767219,0.054305089,0.041614566,0.027579909,0.000265201,0.000236163
*CCC(c1ccccc1)C(*)c1ccccc1,0.981231624,17.53589606,17.53298605,3.68E-13,3337.419469,3285.64814,4.04E-10,2485953765,3.97E-10,2524924572,0.000257341,8.58E-05,1.031374959,2.426447559,0.051830144,1.547601496,0.202492274,6.19E-08,0.01167617,0.013529914,0.054064251,0.041048545,0.055525388,0.026815372,0.000284093,-0.000451459
*/C(Cl)=C(/*)c1ccccc1,1.076752211,29.80213503,60.49990116,5.95E-13,2331.303118,2289.308594,7.87E-10,1296934059,7.73E-10,1320723541,0.000329993,0.000109998,1.104328961,2.599654948,0.049828978,1.579625305,0.185906754,7.49E-08,0.004705694,0.006629809,0.030073367,0.074576691,0.043977203,0.025969143,0.00014971,-0.000174863
*/C=C(/*)c1ccc(C#C)cc1,1.010292342,28.65403268,66.42587089,6.79E-13,2892.503284,2791.583216,4.78E-10,2240651457,4.58E-10,2309736166,0.000388121,0.000129374,1.059684965,2.938233112,0.056580105,1.696623986,0.298685003,1.02E-07,0.007524894,0.010042088,0.044529866,0.124080491,0.068111127,0.043508622,0.000217906,0.000670009
*/C=C(/*)c1cccc(C#C)c1,1.016829963,27.70134865,58.16830069,4.02E-13,2863.231932,2805.499849,3.53E-10,2855260352,3.46E-10,2913589695,0.000261292,8.71E-05,1.060358295,2.86540183,0.034466079,1.67481899,0.274746743,9.44E-08,0.012038686,0.01004256,0.054696649,0.087824782,0.069803419,0.038776597,0.000414497,0.001149554
*/C=C/C(C(=O)OCc1ccc(Cl)cc1)C(*)C(=O)OCc1ccc(Cl)cc1,1.258571666,15.8026764,13.45296619,8.38E-13,2583.109594,2472.734263,3.22E-10,3134946956,3.08E-10,3270560867,0.000378804,0.000126268,1.304813622,2.652606063,0.053071406,1.532250586,0.171830845,5.29E-08,0.00714179,0.005489017,0.045689722,0.051226684,0.042366575,0.019332778,4.39E-05,0.000540402
*/C=C(/*)c1ccc(-c2ccc(C#C)cc2)cc1,1.042090871,21.12489851,34.08302941,5.84E-13,2986.541474,2936.315154,3.95E-10,2561000538,3.88E-10,2605417214,0.000258728,8.62E-05,1.047842175,3.163975958,0.059699315,1.765247976,0.264801989,8.51E-08,0.004451443,0.008436964,0.039191201,0.098378263,0.064636975,0.049521659,0.000542393,-0.00035691
*CC(*)C(=O)OCC(C)O,1.147339655,15.91247541,13.28778724,4.78E-13,3395.444443,3287.715659,2.33E-10,4351756849,2.25E-10,4484942414,0.000292949,9.76E-05,2.150402159,3.317414054,0.039260566,1.472076432,0.280976264,7.26E-08,0.013112628,-0.01008724,0.08020106,0.079491166,0.103278552,0.008398814,0,0.006581284
*CC(*)(CC(=O)OCCCCCCCC)C(=O)OCCCCCCCC,0.954492402,11.99034433,6.634717196,1.28E-12,4071.527871,3817.433439,4.41E-10,2302011729,4.13E-10,2448778300,0.000591841,0.00019728,1.290581549,2.366131306,0.067904472,1.440676685,0.275383563,7.08E-08,0.011843292,0.007074552,0.077243911,0.075485514,0.093839093,0.009080656,0,0.000816545
*CC(*)(CC(=O)OCCCCCCCCC)C(=O)OCCCCCCCCC,0.946548067,11.78546257,5.685254598,1.27E-12,3972.829746,3751.445314,4.17E-10,2427072791,3.93E-10,2568207411,0.000537789,0.000179263,1.138405519,2.216906042,0.073386438,1.441699214,0.27657995,7.35E-08,0.01392854,0.004739048,0.071031996,0.073564429,0.103118766,0.010040263,0,0.000156908
*CC(*)C(=O)n1c2ccccc2c2ccccc21,1.166386752,14.82692672,12.27623984,6.11E-13,2905.369317,2837.815666,4.03E-10,2658559935,3.93E-10,2717246505,0.000324767,0.000108256,1.181713075,2.954840448,0.051207459,1.66526397,0.185889246,5.48E-08,0.007490148,0.016647656,0.059698584,0.032266155,0.044087513,0.024960782,0.000197103,0.000541306
*CC(*)C(=O)OC(OCC)C(F)(F)F,1.286700483,16.15183675,13.24264447,9.29E-13,2612.646344,2500.830877,4.52E-10,2238059130,4.32E-10,2335826334,0.000461425,0.000153808,1.70511589,2.630002015,0.04029982,1.387400693,0.183494514,5.46E-08,0.009838509,0.004326815,0.056119932,0.048290459,0.060079107,0.004356049,0,0.000483642
*CC(*)(C)C(=O)OC(OCC)C(F)(F)F,1.222015332,15.94193843,15.02760552,5.58E-13,2781.915622,2665.173662,5.43E-10,1891195863,5.18E-10,1958740265,0.000457249,0.000152416,1.477418409,2.39258944,0.054458276,1.383891424,0.158540956,4.68E-08,0.006813646,0.00508908,0.053386652,0.040362565,0.049443627,0.00316231,0,0.000283077
*CC(*)(CC(=O)Oc1ccc(OCCCCCCC)cc1)C(=O)Oc1ccc(OCCCCCCC)cc1,1.051565254,12.12779736,3.421958491,1.09E-12,3705.402475,3368.711339,5.01E-10,2229605023,4.49E-10,2414171477,0.00076084,0.000253613,1.324870283,2.619494977,0.071201435,1.514800703,0.278660635,7.17E-08,0.020913631,0.018650632,0.090067037,0.053532787,0.078442447,0.017453132,0.000153587,-0.00055262
*CC(*)(C)C(=O)Oc1c(C)cccc1C,1.039602434,14.96938175,13.13677594,2.47E-13,3154.522543,3092.096968,3.66E-10,2760702255,3.59E-10,2815904159,0.000279977,9.33E-05,1.117480134,2.396918629,0.063319356,1.509779835,0.211223838,6.44E-08,0.005144148,0.001443288,0.061850017,0.065196654,0.058301149,0.017473637,8.78E-05,0.001727108
*CC(*)(C)C(=O)OCCCCCCN(C)c1ccc(/N=N/c2ccc(S(C)(=O)=O)cc2)cc1,1.13049325,14.36196379,5.868895647,5.75E-13,3132.087688,3065.472929,2.45E-10,4108683031,2.39E-10,4198235775,0.000246794,8.23E-05,3.743977058,5.493817098,0.062505545,1.658259378,0.239801416,6.78E-08,0.012759829,-0.000611895,0.056826841,0.066519735,0.079458614,0.024311589,0.00013611,0.000400592
*C([2H])([2H])C(*)(C(=O)OC([2H])([2H])[2H])C([2H])([2H])[2H],1.115470133,17.85162789,18.58442556,6.32E-13,3825.035565,3801.064252,4.64E-10,2340800084,4.61E-10,2353663269,-4.38E-05,-1.46E-05,1.227691771,2.288454019,0.036587861,1.435528912,0.200554319,4.72E-08,0.00727215,0.010793466,0.06006171,0.051413077,0.063970226,0.006008766,0,0.001034922
*C(*)C(=O)OC(C)C,1.034629356,16.31426813,16.4225545,5.59E-13,3308.734443,3202.321633,5.22E-10,1966798897,5.05E-10,2029871203,0.0004218,0.0001406,1.319022433,2.39347061,0.046001041,1.440286259,0.218613254,6.40E-08,0.012372375,-0.016910512,0.07078523,0.069448159,0.07868881,0.002910402,0,0.001318791
*CC(*)(C)C(=O)Oc1c(C(C)C)cccc1C(C)C,0.952119689,13.56598885,9.577600404,5.01E-13,3466.36151,3423.952358,4.96E-10,2131391150,4.90E-10,2159779637,0.000229846,7.66E-05,1.084542191,2.253426672,0.054401516,1.472696555,0.201358713,6.10E-08,0.003353849,-0.008261256,0.047791514,0.076612222,0.06642034,0.015219148,0.000108958,0.000113938
*CC(*)(C)C(=O)OCC(=O)c1ccccc1,1.148393849,15.70489431,13.63543101,8.50E-13,3120.635546,3070.379701,2.76E-10,3632763422,2.72E-10,3693639322,0.000214273,7.14E-05,1.531129121,2.845654246,0.036073252,1.521351701,0.206062145,5.76E-08,0.005923209,0.011841694,0.066193783,0.051209695,0.053428,0.016133064,0.000139516,0.001193184
*CC(*)(C)C(=O)OCc1ccc(Cl)c(Cl)c1,1.273551555,16.5647974,13.56757111,7.27E-13,2409.069958,2345.392495,3.60E-10,2794987090,3.50E-10,2869123900,0.00030963,0.00010321,1.279630302,2.638837065,0.028898065,1.535969595,0.142399015,4.64E-08,0.005206042,0.005103065,0.045703301,0.040618664,0.037078122,0.008178213,3.93E-05,0.000472329
*CC(*)(C)C(=O)OCc1cccc(Cl)c1,1.192786371,15.62408521,12.67445823,9.09E-13,2838.134804,2708.105867,3.63E-10,2808167802,3.45E-10,2934109823,0.000423035,0.000141012,1.27501825,2.621536504,0.043044838,1.531834492,0.156695253,4.63E-08,0.004142001,0.006197716,0.044087424,0.046108173,0.045199093,0.010880528,0.00010906,-2.87E-05
*CC(*)(C)C(=O)OCc1ccc(Cl)cc1,1.187854535,16.19178259,15.14046297,5.16E-13,2625.75447,2576.817755,3.42E-10,2940690457,3.36E-10,2995971732,0.000253632,8.45E-05,1.169676021,2.51765376,0.046397122,1.532310563,0.167641229,5.38E-08,0.004824209,0.002815797,0.048060127,0.046591475,0.048866461,0.016284275,4.07E-05,0.000158144
*CC(*)(C)C(=O)OCc1cccc(Cl)c1Cl,1.272828419,16.14202319,13.28321839,6.62E-13,2389.104745,2316.019339,3.56E-10,2871305936,3.45E-10,2954910188,0.000325525,0.000108508,1.351552259,2.684759625,0.037000463,1.527475457,0.14256689,4.70E-08,0.003178429,0.000545272,0.038817413,0.050301295,0.037310643,0.012008248,5.53E-05,0.000350258
*CC(*)(C)C(=O)OCc1ccc(Cl)cc1Cl,1.269283781,16.58005541,15.21345873,5.84E-13,2354.742102,2305.873388,3.98E-10,2637847331,3.89E-10,2689903921,0.00026854,8.95E-05,1.201407369,2.550927916,0.048198816,1.532808568,0.134920498,4.52E-08,0.00264489,-3.94E-05,0.039204114,0.047512224,0.034289682,0.010915615,4.80E-05,0.000345421
*CC(*)(C)C(=O)OCc1cc(Cl)ccc1Cl,1.269736861,16.48420407,15.57453881,7.81E-13,2380.625254,2341.320863,3.53E-10,2859009318,3.47E-10,2909236802,0.00021251,7.08E-05,1.098743495,2.45475279,0.038383105,1.534925892,0.138323775,4.58E-08,0.003783693,0.001758542,0.042098276,0.046329635,0.035126828,0.008936127,4.45E-05,0.000246195
*CC(*)(C)C(=O)OCc1c(Cl)cccc1Cl,1.273236404,15.96291331,14.18898831,5.68E-13,2366.796905,2309.456346,3.44E-10,2931352008,3.36E-10,3001911419,0.000285302,9.51E-05,1.189695241,2.56527395,0.04201936,1.541289803,0.140187539,4.67E-08,0.005801233,0.008525955,0.046334414,0.034228783,0.035770542,0.009414446,5.71E-05,5.51E-05
*CC(*)(C)C(=O)OCc1cc(Cl)cc(Cl)c1,1.269395896,15.93743599,12.03827416,6.06E-13,2431.268838,2343.778985,3.50E-10,2903009535,3.37E-10,3006322023,0.000343662,0.000114554,1.142547086,2.499655594,0.035368245,1.535283066,0.129715026,4.22E-08,0.006125427,0.015375044,0.054100985,0.015489275,0.031354419,0.006887026,4.65E-05,0.000336304
*/C=C(/*)C(C)(C)C,0.776287524,25.62136341,46.74837773,9.08E-13,4024.433054,3978.381995,8.30E-10,1349193367,8.21E-10,1365113387,0.000306902,0.000102301,1.043317115,2.121333437,0.046362058,1.44152112,0.284244599,9.10E-08,0.02089237,-0.017719624,0.075097541,0.096344219,0.086191995,0.022177253,0,0.001260845
*C1C(*)C2CC1C1C=CCC12,0.94806811,14.53842481,11.21469222,2.49E-13,3458.881594,3445.194793,3.90E-10,2688665108,3.89E-10,2699852326,0.000117093,3.90E-05,1.024185483,2.228767352,0.038814296,1.484773125,0.161458476,4.93E-08,0.0041589,0.01024297,0.043753619,0.043012549,0.0542943,0.005827078,0,0.00016906
*/C(C)=C(/*)C(C)C,0.742358507,33.80326529,106.355702,1.60E-12,4072.498149,3976.060555,1.30E-09,920801750.1,1.25E-09,935409154.3,0.000412745,0.000137582,1.018233251,2.046663896,0.079716903,1.424219563,0.320934176,1.06E-07,0.023074122,-0.010278848,0.081423222,0.125242823,0.090864703,0.009457158,0,0.001150995
*OC1C(CO)OC(*)C(O)C1O,1.328453331,35.34536315,92.97788707,2.89E-13,2938.331526,2899.086013,1.87E-10,5446384923,1.84E-10,5516444364,0.00017351,5.78E-05,3.690206174,4.832148585,0.048592422,1.463530902,0.321583167,8.24E-08,0.01591868,0.019256427,0.094329524,0.06697937,0.111113851,0.007348997,0,0.006636318
*Oc1cc(C)c(*)c(C)c1Br,1.421050088,20.79527124,20.03499881,7.37E-13,1942.79782,1906.76632,5.07E-10,2008363408,4.98E-10,2046631740,0.000288283,9.61E-05,1.113557542,2.479609535,0.028174292,1.538196177,0.179808547,6.52E-08,0.010594279,-0.027042498,0.043597775,0.07357665,0.047145134,0.03031307,0.000110617,0.00151352
*CCC(C)CO*,0.951690982,19.60701227,22.20572492,2.35E-12,4105.667141,3855.087577,3.71E-10,2724832110,3.48E-10,2898987488,0.000541633,0.000180544,1.515525302,2.652793135,0.038269477,1.461938503,0.231649902,5.93E-08,0.009692327,0.006892706,0.064126446,0.059005017,0.085700757,0.006039958,0,0.000192691
*Oc1ccc2[nH]c(-c3ccc4c(c3)-c3cc(-c5nc6cc(*)ccc6[nH]5)ccc3S4(=O)=O)nc2c1,1.242048901,19.97631919,20.50606964,2.65E-13,2483.201821,2471.610202,2.92E-10,3444755859,2.91E-10,3461604541,0.000111829,3.73E-05,1.303258795,3.345871449,0.059066549,1.744277918,0.242108846,7.90E-08,0.006433699,0.000415522,0.037810325,0.087251085,0.06208124,0.046197264,0.000424205,0.001495507
*C1Oc2ccccc2C1*,1.092531193,17.46088525,18.51023374,2.65E-13,2811.634305,2790.801596,5.00E-10,2041306593,4.96E-10,2056716355,0.000192237,6.41E-05,1.068558939,2.48865188,0.028868324,1.555645762,0.154427579,5.03E-08,0.002670676,0.004177778,0.034922032,0.042919291,0.040805899,0.027553959,0.000261486,0.001116457
*Oc1ccc2[nH]c(-c3ccc4sc5ccc(-c6nc7cc(*)ccc7[nH]6)cc5c4c3)nc2c1,1.25041767,22.21061362,24.20222421,2.93E-13,2487.735711,2473.030238,2.77E-10,3631436340,2.75E-10,3653784899,0.000118256,3.94E-05,1.310434268,3.621787889,0.046094518,1.819708939,0.241468326,7.76E-08,0.005061985,-0.000246649,0.040380916,0.07831813,0.060152146,0.055781564,0.000543092,0.001477141
*OC(F)(F)C(F)(F)C(*)(F)F,1.851480396,21.34122545,25.66794019,9.38E-13,1735.900244,1636.163591,4.02E-10,2517390095,3.79E-10,2654864628,0.000477832,0.000159277,1.112870469,1.829183251,0.023986004,1.310080558,0.112134181,3.55E-08,0.003948414,0.004791728,0.03456097,0.025383503,0.041582362,0.001372561,0,0.000494644
*c1ccc(Oc2ccc(C(=O)c3ccc(Oc4ccc(C5(*)OC(=O)c6ccccc65)cc4)cc3)cc2)cc1,1.186783157,20.42568028,22.15300955,3.01E-13,2712.106222,2663.002446,2.69E-10,3756261154,2.64E-10,3822074310,0.000224978,7.50E-05,1.279587083,2.992672076,0.058838562,1.647140694,0.249754092,7.76E-08,0.010580497,0.002311226,0.052080403,0.079138016,0.05793534,0.04631934,0.000434453,0.000954817
*Oc1cccc(Oc2cccc(*)c2)c1C#N,1.208287072,18.74259643,16.70689688,5.57E-13,2653.433901,2569.526905,3.03E-10,3317454616,2.94E-10,3423954223,0.000317766,0.000105922,1.541296484,3.147806392,0.046135766,1.614460989,0.192496388,6.01E-08,0.007322519,-0.022395282,0.053440711,0.06392476,0.050750921,0.036625969,0.000357295,0.002469496
*C(=O)Oc1ccc(C(C)(C)c2ccc(OC(=O)c3ccc4c(c3)C(=O)n3c-4nc4ccc(Oc5ccc6c(c5)nc5n6C(=O)c6ccc(*)cc6-5)cc43)cc2)cc1,1.233967696,24.43108934,37.23058653,2.90E-13,2571.628996,2541.598765,2.64E-10,3802429601,2.61E-10,3846560018,0.00017897,5.97E-05,15.69584726,17.61274724,0.075296535,1.707892797,0.251191461,7.91E-08,0.008912747,0.00319713,0.047575946,0.081169481,0.061114552,0.047709467,0.000510663,0.001001475
*Oc1ccc(NC(=O)c2ccc(C(c3ccc(C(=O)O)c(C(=O)Nc4cc(*)ccc4N)c3)(C(F)(F)F)C(F)(F)F)cc2C(=O)O)c(N)c1,1.368217726,20.56712429,24.66674531,1.88E-13,2432.364334,2410.720284,2.60E-10,3860889098,2.58E-10,3896430976,0.000150451,5.02E-05,1.653532508,3.153403419,0.050122903,1.581092003,0.228404459,6.87E-08,0.008230684,-0.014505993,0.061429178,0.074838109,0.063695169,0.031786726,0.001113797,0.001816789
*c1ccc2c(c1)-c1nc3cc(Oc4ccc5c(c4)nc4n5C(=O)c5cc(C(*)(C(F)(F)F)C(F)(F)F)ccc5-4)ccc3n1C2=O,1.329999975,23.50663006,32.4376504,2.18E-13,2248.709667,2223.072199,3.46E-10,2923145274,3.42E-10,2954528219,0.000183171,6.11E-05,1.184027915,2.88724376,0.060670675,1.644120437,0.183522496,6.13E-08,0.001280238,0.000968156,0.031940925,0.065714399,0.047951056,0.034291964,0.000291056,0.001084703
*Oc1ccc(S(=O)(=O)c2ccc(Oc3ccc(C(C)(C)c4ccc(*)cc4)cc3[N+](=O)[O-])cc2)cc1,1.208636395,21.49192852,23.51770915,6.99E-13,2718.308454,2618.897702,3.58E-10,2809304797,3.45E-10,2913054113,0.00037251,0.00012417,1.385563227,2.908404028,0.056651986,1.588343202,0.20299693,6.19E-08,0.006550301,0.003203127,0.04478823,0.063944599,0.051558981,0.032368847,0.000193118,0.000389727
*Oc1ccc(S(=O)(=O)c2ccc(Oc3ccc(C(C)(C)c4ccc(*)cc4)cc3)c([N+](=O)[O-])c2)cc1[N+](=O)[O-],1.242881691,20.9479955,23.09683208,5.76E-13,2497.221732,2448.224802,2.96E-10,3391436919,2.90E-10,3458419739,0.000242225,8.07E-05,1.466446413,2.963971622,0.055048996,1.580349108,0.200486029,6.46E-08,0.006509659,0.004240589,0.0485284,0.057473752,0.050874114,0.031875666,0.000223551,0.000760299
*Oc1ccc(S(=O)(=O)c2ccc(Oc3c(C)cc(C(c4cc(C)c(*)c(C)c4)(C(F)(F)F)C(F)(F)F)cc3C)cc2)cc1,1.190830229,19.12934448,18.10688513,3.11E-13,2469.412933,2440.580697,3.89E-10,2574799643,3.84E-10,2605434579,0.000209159,6.97E-05,1.153217093,2.423902517,0.073148235,1.506874668,0.154355563,5.25E-08,0.007352544,0.000220848,0.037349609,0.044488945,0.038737292,0.02591316,0.000173886,0.000119279
*CC(=C)COCC(=C)COC(=O)O*,1.155178424,19.96389759,22.49656593,2.82E-12,3185.871687,2974.473393,3.43E-10,2925625835,3.20E-10,3132924887,0.000527821,0.00017594,2.041112597,3.269470049,0.039944855,1.49276806,0.245695552,6.68E-08,0.011272491,0.007554455,0.061816114,0.068831611,0.075964198,0.018684596,0,0.001572086
*OC1C(COC(C)=O)OC(*)C(OC(C)=O)C1OC(C)=O,1.165103006,15.15703462,10.80421925,3.50E-13,2870.327405,2818.571998,4.30E-10,2395181471,4.22E-10,2439058062,0.000285459,9.52E-05,1.614377925,2.610860462,0.050312154,1.412961742,0.20138397,6.02E-08,0.01089258,-0.018618097,0.069554708,0.043957552,0.085439568,0.005919272,0.001118473,0.003119915
*Oc1ccc(SC(=O)Sc2ccc(*)cc2)cc1,1.273621231,24.33313545,41.84490746,5.13E-13,2239.785797,2182.46776,3.07E-10,3264285134,2.99E-10,3349250404,0.000267071,8.90E-05,1.108932016,2.940386303,0.050288171,1.682682548,0.187987361,6.59E-08,0.009442061,0.002593449,0.041962421,0.062565763,0.039917273,0.030157267,0.000252759,0.001096368
*Oc1ccc(SC(=O)Oc2ccc(C(C)(C)c3ccc(OC(=O)Sc4ccc(*)cc4)cc3)cc2)cc1,1.209562721,22.50500153,28.25453283,3.63E-13,2556.648293,2500.64286,2.80E-10,3572149460,2.74E-10,3651906108,0.000251166,8.37E-05,1.169449604,2.873017348,0.048986208,1.644252703,0.202245531,6.56E-08,0.006360843,0.001495828,0.048435461,0.063769101,0.04367665,0.037318513,0.000388995,0.000800139
*Oc1ccc(NC(=O)c2cc(C(c3ccc(C(=O)O)c(C(=O)Nc4ccc(Oc5ccc(C(c6ccc(*)cc6)(C(F)(F)F)C(F)(F)F)cc5)cc4)c3)(C(F)(F)F)C(F)(F)F)ccc2C(=O)O)cc1,1.344511076,21.43355827,26.68169029,3.55E-13,2363.579265,2297.29686,3.60E-10,2993090918,3.48E-10,3062937782,0.00031553,0.000105177,6.605708377,7.974845834,0.069719352,1.539196418,0.189394728,5.97E-08,0.004971603,-0.004754746,0.047343349,0.062183788,0.045270946,0.030994594,0.000925536,0.002459657
*OC1C(CO)OC(*)C(N)C1O,1.311294213,28.36404526,50.4080948,2.20E-13,3555.152554,3450.98688,1.74E-10,5932588331,1.69E-10,6081279637,0.000135423,4.51E-05,3.05682318,4.259040015,0.056316503,1.483974987,0.348907876,7.57E-08,0.016209613,0.025067261,0.096505609,0.070010999,0.129618824,0.003600898,0,0.007894672
*Oc1ccc(S(=O)(=O)c2ccc(Oc3ccc(C(=O)c4cc(Br)cc(C(=O)c5ccc(*)cc5)c4)cc3)cc2)cc1,1.339021151,17.40432344,15.36731658,5.17E-13,2243.72633,2207.735246,3.22E-10,3147680886,3.17E-10,3199346580,0.000225843,7.53E-05,1.288565395,2.926316613,0.060016672,1.624108354,0.179353601,5.98E-08,0.004561301,0.005627913,0.047006349,0.047373315,0.04510076,0.028381617,0.000209938,0.001092408
*Oc1ccc(S(=O)(=O)c2ccc(Oc3ccc(C(=O)c4cc(I)cc(C(=O)c5ccc(*)cc5)c4)cc3)cc2)cc1,1.433742475,22.6834949,28.6574559,4.58E-13,2083.142803,2037.462053,2.72E-10,3690754150,2.66E-10,3772862063,0.000239867,8.00E-05,1.307176303,3.129587508,0.052482736,1.680002583,0.179849923,6.02E-08,0.004367992,0.003841234,0.039015748,0.054531544,0.046297397,0.03047678,0.000296441,0.001022787
*Oc1ccc(S(=O)(=O)c2ccc(Oc3ccc(C(=O)c4cc(C(=O)c5ccc(*)cc5)cc(C(C)(C)C)c4)cc3)cc2)cc1,1.161898548,20.59565861,23.99946585,6.08E-13,2726.120024,2655.622638,3.14E-10,3237748640,3.06E-10,3321358211,0.000288147,9.60E-05,1.324748687,2.907162435,0.060112274,1.606985842,0.21459288,6.77E-08,0.006962982,0.002368609,0.048426345,0.065669834,0.057578884,0.031976479,0.00022586,0.001383887
*Oc1ccc(C(c2ccc(Oc3ccc(C(=O)c4cccc(C(=O)c5ccc(*)cc5)c4)cc3)cc2)(C(F)(F)F)C(F)(F)F)cc1,1.277027535,21.87025736,25.42039414,1.63E-13,2440.699485,2401.574882,2.64E-10,3802237609,2.59E-10,3864139431,0.000205634,6.85E-05,1.204995181,2.756848782,0.053080569,1.597451346,0.179786563,5.77E-08,0.003991079,0.003910272,0.039683015,0.059844794,0.040008917,0.031631781,0.000304266,0.000412438
*Oc1ccc(C(=O)Nc2cccc(C(O)Cc3ccc(NC(=O)c4ccc(*)cc4)cc3)c2)cc1,1.212798199,25.62467534,36.37682513,3.92E-13,2893.701364,2859.192389,2.20E-10,4605296857,2.18E-10,4665281806,0.000138542,4.62E-05,1.674672594,3.277424057,0.072848656,1.613303781,0.286060508,8.17E-08,0.013713275,-0.014356459,0.066195286,0.094844536,0.077859819,0.042230684,0.002243053,0.003330314
*C1(OC(C(C1(C(C(*)(F)F)(F)F)F)(F)F)(F)F)F,1.822016677,24.95480207,39.30258285,3.78E-13,1647.761541,1635.950722,3.88E-10,2621970752,3.85E-10,2641944255,0.00014887,4.96E-05,1.05186051,1.763329582,0.028031653,1.308228273,0.111266374,3.72E-08,0.001452404,0.004363959,0.035375465,0.030144283,0.039818066,-0.000105316,0,0.000217513
*Oc1cc(C(C)(C)C)c(Oc2ccc(C(=O)Nc3ccc(C(C)(C)c4ccc(NC(=O)c5ccc(*)cc5)cc4)cc3)cc2)cc1C(C)(C)C,1.043215521,26.23951229,40.04256948,9.30E-13,3207.056189,3122.333641,4.42E-10,2322362671,4.29E-10,2379687539,0.000346629,0.000115543,1.601850662,3.14746651,0.07320198,1.595495994,0.283670086,8.48E-08,0.012447735,-0.008361787,0.062455952,0.10380414,0.074801211,0.037142432,0.000937892,0.000442511
*Oc1cc(C(C)(C)C)c(Oc2ccc(C(=O)Nc3ccc(C(C)(C)c4ccc(NC(=O)c5ccc(*)cc5)c(C)c4)cc3C)cc2)cc1C(C)(C)C,1.022213738,24.39932119,35.01121461,4.93E-13,3153.289327,3096.206032,3.55E-10,2827325284,3.49E-10,2879026860,0.000261028,8.70E-05,1.537873615,3.023615086,0.077426458,1.57661562,0.270258521,8.39E-08,0.013636754,-0.006173974,0.065288991,0.084611816,0.076781239,0.035074433,0.000965041,7.42E-05
*Oc1cc(C(C)(C)C)c(Oc2ccc(C(=O)Nc3c(C)cc(C(C)(C)c4cc(C)c(NC(=O)c5ccc(*)cc5)c(C)c4)cc3C)cc2)cc1C(C)(C)C,1.001547997,24.02170646,36.89601828,2.72E-13,3210.87398,3153.844619,3.64E-10,2769565522,3.57E-10,2820185301,0.000260968,8.70E-05,1.993429881,3.418674103,0.068187387,1.557316458,0.26981997,8.39E-08,0.015912653,-0.008384661,0.06204769,0.092244668,0.071518881,0.035070666,0.001127745,0.000282327
*Oc1cc(C(C)(C)C)c(Oc2ccc(C(=O)Nc3c(C)cc(Cc4cc(C)c(NC(=O)c5ccc(*)cc5)c(C(C)C)c4)cc3C(C)C)cc2)cc1C(C)(C)C,0.980385328,23.42338977,27.59724429,4.66E-13,3222.898444,3167.744553,3.78E-10,2654868586,3.71E-10,2701456261,0.000257298,8.58E-05,1.907016108,3.172225332,0.089477499,1.505052499,0.244338127,7.73E-08,0.011326068,-0.003668352,0.054149974,0.084171759,0.065033101,0.031844378,0.001097027,0.000384172
*Oc1cc(C(C)(C)C)c(Oc2ccc(C(=O)Nc3ccc(C(c4ccc(NC(=O)c5ccc(*)cc5)cc4)(C(F)(F)F)C(F)(F)F)cc3)cc2)cc1C(C)(C)C,1.135045356,25.45512699,28.6862702,6.77E-13,2804.576224,2701.84366,5.23E-10,2044315791,5.00E-10,2107658688,0.000429804,0.000143268,1.484789925,2.875214766,0.07075137,1.546095523,0.215611584,6.77E-08,0.010599898,-0.010428372,0.047186472,0.072464033,0.061258158,0.033568699,0.000624036,0.00033866
*Oc1ccc(Oc2ccc(C(=O)c3ccc(C(=O)c4ccc(*)cc4)c4ccccc34)cc2)cc1,1.172687952,22.43965248,28.00842863,7.49E-13,2774.19416,2683.644225,3.56E-10,2913167441,3.43E-10,3000650617,0.000345852,0.000115284,1.217464866,3.01842416,0.057933459,1.673605077,0.231751558,7.14E-08,0.004813586,0.006007879,0.045104191,0.077371875,0.05111651,0.045306876,0.000350248,0.001680394
*Oc1ccc(S(=O)(=O)c2ccc(Oc3ccc(C(C)(C)c4ccc(*)c(C(O)(C(F)(F)F)C(F)(F)F)c4)cc3C(O)(C(F)(F)F)C(F)(F)F)cc2)cc1,1.345764376,18.73761021,19.81220062,4.32E-13,2269.976529,2234.349764,3.73E-10,2689249077,3.67E-10,2732165746,0.000237404,7.91E-05,1.444845863,2.576196785,0.065632018,1.459912166,0.165410873,5.42E-08,0.003522649,0.001974519,0.036587691,0.054793548,0.041999546,0.025167118,5.85E-05,0.00130734
*Oc1ccc(S(=O)(=O)c2ccc(Oc3ccc(C(C)(C)c4ccc(*)c(C(OC)(C(F)(F)F)C(F)(F)F)c4)cc3C(OC)(C(F)(F)F)C(F)(F)F)cc2)cc1,1.295765969,18.77836882,19.72193821,4.55E-13,2350.246228,2308.852883,4.07E-10,2484895121,4.00E-10,2528323881,0.000268106,8.94E-05,1.254368188,2.354834652,0.058853237,1.449293131,0.13816211,4.54E-08,0.00182888,0.000101107,0.02944146,0.050972523,0.035679739,0.019573931,0.000154582,0.000409888
*Oc1ccc(S(=O)(=O)c2ccc(Oc3c(C)cc(C(C)(C)c4cc(C)c(*)c(C)c4)cc3C)cc2C(O)(C(F)(F)F)C(F)(F)F)c(C(O)(C(F)(F)F)C(F)(F)F)c1,1.262427505,19.45698714,20.60759196,2.61E-13,2363.873372,2325.977055,4.10E-10,2455354139,4.03E-10,2495133943,0.000251487,8.38E-05,1.199793125,2.334902283,0.056200266,1.461199207,0.152623848,5.12E-08,0.007135594,-0.000201815,0.040200113,0.042660482,0.042866654,0.019072231,0.000134983,0.000755606
*Oc1ccc2c(c1)nc1n2C(=O)c2ccc(-c3ccc4c(c3)C(=O)n3c-4nc4ccc(*)cc43)cc2-1,1.266039427,24.56956014,31.05292489,5.76E-13,2503.515637,2471.212124,2.84E-10,3592434898,2.80E-10,3635411315,0.000189742,6.32E-05,1.211421273,3.466014492,0.056389677,1.804047376,0.269836747,8.52E-08,0.002489484,0.001952541,0.038925863,0.099776989,0.064843934,0.060864155,0.000464736,0.000519045
*Oc1ccc2c(c1)nc1c3cc4c(=O)n5c6cc(*)ccc6nc5c4cc3c(=O)n21,1.307297478,28.88686547,53.09141937,3.59E-13,2354.881283,2338.233197,2.93E-10,3447867949,2.91E-10,3472283188,0.00014087,4.70E-05,1.234653256,3.616130918,0.069223457,1.838878626,0.289671931,9.42E-08,0.0053216,-0.000502774,0.036003931,0.106314246,0.066709732,0.073814422,0.000535647,0.001475126
*c1ccc2c(c1)-c1nc3cc(Oc4ccc5nc6n(c5c4)C(=O)c4cc(C(*)(C(F)(F)F)C(F)(F)F)ccc4-6)ccc3n1C2=O,1.331719513,21.31013215,29.0528769,1.73E-13,2228.369809,2210.058222,3.05E-10,3297322839,3.03E-10,3324430010,0.000155979,5.20E-05,1.180564927,2.844873748,0.072593701,1.632269013,0.176963476,5.96E-08,0.002497816,0.001234831,0.030842063,0.062005382,0.045349962,0.033417943,0.000330303,0.001285176
*c1ccc(*)s1,1.283756133,48.18828854,147.8799638,1.03E-12,2010.793459,1984.910166,5.22E-10,2017467421,5.14E-10,2039308655,0.000233136,7.77E-05,1.049037604,2.744653294,0.060671113,1.641784422,0.597038429,2.27E-07,0.007793503,0.010724221,0.040607587,0.221427855,0.143736185,0.173222758,0,-0.000473679
*c1ccc2c(c1)-c1cc(-c3nc4cc(-c5ccc6[nH]c(*)nc6c5)ccc4[nH]3)ccc1S2(=O)=O,1.212814908,22.43049231,26.03703872,2.31E-13,2479.540458,2465.389139,2.96E-10,3427315260,2.95E-10,3447987363,0.000117162,3.91E-05,1.293273222,3.291830914,0.075176519,1.731496517,0.266970833,8.88E-08,0.008307676,0.007642522,0.04213397,0.087610976,0.06936167,0.051879814,0.000575236,-0.000541029
*Cc1ccc2[nH]c(-c3ccc4c(c3)-c3cc(-c5nc6cc(*)ccc6[nH]5)ccc3S4(=O)=O)nc2c1,1.209738995,21.28481954,29.4539201,2.11E-13,2538.47778,2517.581947,3.12E-10,3264982776,3.09E-10,3292854241,0.000157343,5.24E-05,1.295498089,3.3412309,0.064602323,1.745171135,0.233716186,7.62E-08,0.00444514,-0.000257626,0.039602505,0.082757778,0.06753404,0.038663834,0.000424693,0.000545823
*c1ccc2sc3ccc(-c4nc5cc(-c6ccc7[nH]c(*)nc7c6)ccc5[nH]4)cc3c2c1,1.22005735,21.89214272,24.7567815,4.29E-13,2572.535477,2542.941997,3.55E-10,2906301029,3.52E-10,2944899265,0.000152406,5.08E-05,1.255094422,3.51199897,0.064595524,1.804667222,0.263202779,8.40E-08,0.003577064,0.00160237,0.03642944,0.085400795,0.063841145,0.069705417,0.000598457,0.002048092
*Cc1ccc2[nH]c(-c3ccc4sc5ccc(-c6nc7cc(*)ccc7[nH]6)cc5c4c3)nc2c1,1.206598942,21.35650427,26.25010418,2.04E-13,2541.524719,2520.754389,2.99E-10,3375457117,2.97E-10,3402354907,0.00015612,5.20E-05,1.306274731,3.575208395,0.068066849,1.808011778,0.230983773,7.54E-08,0.008203889,-0.001355307,0.039785478,0.071620503,0.062396949,0.050391158,0.000499713,-0.000558609
*c1cc(CCCC)c(*)s1,1.036409942,27.88823824,58.50170306,4.32E-13,3041.097483,2977.802932,4.45E-10,2256378758,4.36E-10,2303914013,0.000306231,0.000102077,1.025915666,2.366607693,0.050286956,1.529926444,0.320117807,1.02E-07,0.012475117,0.003950136,0.050836026,0.119945995,0.097766962,0.03525019,0,-0.000106619
*Oc1ccc(C(C)(c2ccccc2)c2ccc(OC(=O)c3cccc(C(*)=O)c3)cc2)cc1,1.14435786,21.49596891,24.63296074,5.48E-13,2795.568189,2741.740036,3.26E-10,3088226955,3.20E-10,3149012837,0.00025439,8.48E-05,1.326995358,2.934515402,0.070489636,1.614777654,0.225378547,7.05E-08,0.008540143,0.008676791,0.049268769,0.066380988,0.056756231,0.0351217,0.000279094,0.000354832
*Oc1ccc(C(c2ccccc2)(c2ccccc2)c2ccc(OC(=O)c3cccc(C(*)=O)c3)cc2)cc1,1.120952971,20.23418917,22.11552457,3.12E-13,2827.066447,2769.000398,3.63E-10,2869891041,3.55E-10,2926252749,0.000273465,9.12E-05,1.268434525,2.865002407,0.056181386,1.611380329,0.211413189,6.67E-08,0.005596418,0.004452401,0.046196052,0.067589366,0.044020029,0.041768833,0.000402603,0.001387485
*Oc1ccc(C(C)(C)c2ccc(OC(=O)c3ccc(C(=O)c4ccc(C(*)=O)cc4)cc3)cc2)cc1,1.162597364,23.74552096,33.0443516,4.67E-13,2797.043762,2726.089732,2.99E-10,3403208770,2.91E-10,3487212583,0.000280404,9.35E-05,1.376279001,3.057627154,0.054526832,1.637481461,0.257727428,7.93E-08,0.009356458,0.006171671,0.052712407,0.088158698,0.06196836,0.03878847,0.000148975,0.000422389
*CCCCCCCCOC(=O)c1cccc(C(=O)O*)c1,1.094982437,20.71510537,22.72350189,7.50E-13,3345.960232,3209.765974,2.84E-10,3549134868,2.72E-10,3691254642,0.000366941,0.000122314,1.29985694,2.596388887,0.042470445,1.51543097,0.236431842,6.50E-08,0.011629406,0.010716591,0.056899854,0.072581072,0.066506707,0.017499678,0.000164082,0.000434452
*c1cc(Br)c(OC(=O)c2ccc(C(=O)Oc3c(Br)cc(C4(*)OC(=O)c5ccccc54)cc3Br)cc2)c(Br)c1,1.625018685,26.08639805,40.2922115,3.83E-13,1540.589638,1520.483854,4.45E-10,2271575885,4.40E-10,2301211910,0.000202262,6.74E-05,1.308448049,2.852290549,0.050377371,1.594933201,0.155531081,6.22E-08,0.007183869,-0.004637804,0.034503863,0.0567849,0.038042373,0.022050434,0.000143233,0.001460212
*CCCCCCS(=O)(=O)c1ccc(/N=N/c2ccc(N(C)CCCCCC(=O)O*)cc2)cc1,1.129755307,21.73095381,26.45637158,7.32E-13,3236.835154,3089.914759,2.63E-10,3856582542,2.51E-10,4029603135,0.000374704,0.000124901,8.953343394,10.63302635,0.046951656,1.636972832,0.249228862,6.82E-08,0.009463557,0.000414895,0.053717365,0.078362075,0.078975745,0.028155841,0.000189784,-5.04E-05
*CCCS(=O)(=O)c1ccc(/N=N/c2ccc(N(CCCC)CC(=O)O*)cc2)cc1,1.17835506,19.63779085,20.14607443,4.17E-13,2923.286076,2834.266386,2.70E-10,3777632484,2.61E-10,3896529968,0.000305513,0.000101838,1.403821363,3.172773003,0.063275118,1.664013085,0.225556948,6.55E-08,0.013368801,0.002859019,0.069506722,0.052312217,0.058129452,0.0281837,0.000260706,0.000936331
*Oc1ccc(OC(=O)c2cc(OCCCCCCCCCCCC)c(C(*)=O)cc2OCCCCCCCCCCCC)cc1,1.00135856,20.79539922,27.35506868,1.18E-12,3688.803075,3500.070966,3.42E-10,2937271650,3.25E-10,3092684386,0.000461874,0.000153958,1.584027925,2.835738055,0.068601473,1.500569581,0.305736886,8.27E-08,0.016607956,0.006952226,0.067210196,0.084327743,0.105776939,0.024224516,4.79E-05,0.000589446
*Oc1ccc2c(c1)C1(CC2(C)C)CC(C)(C)c2ccc(OC(=O)c3ccc(C(*)=O)cc3)cc21,1.075103554,17.53381227,16.20769512,3.58E-13,2951.452549,2912.463325,3.50E-10,2870494124,3.45E-10,2908668346,0.000219273,7.31E-05,1.250442739,2.678657556,0.046132314,1.558267711,0.202420703,6.38E-08,0.008190702,-0.000561467,0.04381216,0.067405517,0.060364112,0.021952676,0.000308541,0.000948462
*Oc1ccc2c(c1)C1(CC2(C)C)CC(C)(C)c2ccc(OC(=O)c3cccc(C(*)=O)c3)cc21,1.088262536,17.59702069,16.49822912,1.74E-13,2931.612735,2882.29357,3.24E-10,3115171200,3.19E-10,3168681455,0.000239907,8.00E-05,1.269272474,2.713965043,0.064732065,1.563549825,0.197787592,6.20E-08,0.006401539,-0.000311428,0.04100674,0.066763291,0.060668996,0.022317551,0.000260463,0.00068044
*CCOC(=O)NCC1(C)CC(NC(=O)O*)CC(C)(C)C1,1.089306467,19.43742856,23.93294369,4.29E-13,3424.902331,3347.621649,3.16E-10,3313565453,3.08E-10,3380304074,0.000243712,8.12E-05,1.493504876,2.646360119,0.046101209,1.467259008,0.237542815,6.37E-08,0.018400723,-0.042187088,0.076432772,0.068934316,0.101610436,0.011642387,0.001504693,0.001204576
*Oc1ccc(C(C)(C)c2ccc(OC(=O)c3ccccc3/C=C/c3ccc(/C=C/c4ccccc4C(*)=O)cc3)cc2)cc1,1.113129096,16.01699265,15.31128649,5.88E-13,2997.830834,2874.729873,4.39E-10,2597455512,4.14E-10,2677720327,0.000418782,0.000139594,1.328320841,3.199270801,0.063138368,1.694351292,0.217293555,6.54E-08,0.005669274,0.003505889,0.042479345,0.075204823,0.052065949,0.037884412,0.000438899,4.50E-05
*Oc1ccc(C(C)(C)c2ccc(OC(=O)c3ccccc3/C=C/c3ccc(/C=C/c4ccccc4C(*)=O)cc3)c(C)c2)cc1C,1.085604157,16.48092763,12.69269866,4.18E-13,2956.563808,2895.428719,3.36E-10,2997371875,3.29E-10,3058998577,0.000267232,8.91E-05,1.471822594,3.125337292,0.06825904,1.628953568,0.219509175,6.84E-08,0.007802819,0.004475167,0.04028579,0.080509315,0.045003783,0.0412278,0.000458856,-0.000254355
*Oc1ccc(S(=O)(=O)c2ccc(OC(=O)c3ccccc3/C=C/c3ccc(/C=C/c4ccccc4C(*)=O)cc3)cc2)cc1,1.203593144,17.02663549,13.15741146,4.55E-13,2706.513804,2653.274828,2.83E-10,3574198769,2.77E-10,3646121070,0.000240366,8.01E-05,1.430549141,3.324835922,0.066910479,1.701241317,0.201310165,6.18E-08,0.007319044,0.001045077,0.043853255,0.061616324,0.046216682,0.040646672,0.000439767,0.000173345
*c1ccc(OC(=O)c2ccccc2/C=C/c2ccc(/C=C/c3ccccc3C(=O)Oc3ccc(C4(*)OC(=O)c5ccccc54)cc3)cc2)cc1,1.161118025,16.58105847,12.07361119,3.32E-13,2778.691234,2710.818763,3.18E-10,3161404914,3.10E-10,3240035556,0.000287886,9.60E-05,1.445049532,3.326802279,0.073014611,1.697549583,0.217641609,6.75E-08,0.002767376,0.002076615,0.036695931,0.080228712,0.047708457,0.046655664,0.000526819,0.000982036
*Oc1cccc2c(OC(=O)c3ccccc3/C=C/c3ccc(/C=C/c4ccccc4C(*)=O)cc3)cccc12,1.159483638,18.75051939,16.44487148,3.08E-13,2811.861353,2761.293845,3.06E-10,3289844892,3.01E-10,3350350114,0.000243259,8.11E-05,1.281306188,3.339414979,0.073640787,1.748725622,0.220093628,6.75E-08,0.007266422,0.010478342,0.054216189,0.052038918,0.046723452,0.04873913,0.000499571,0.000131605
*Oc1cccc2ccc(OC(=O)c3ccccc3/C=C/c3ccc(/C=C/c4ccccc4C(*)=O)cc3)cc12,1.161362337,18.33427848,16.59765347,5.11E-13,2861.482844,2797.813645,3.34E-10,3040960596,3.27E-10,3108607394,0.000276267,9.21E-05,1.343029025,3.243970603,0.055297757,1.703210393,0.204757868,6.17E-08,0.005523116,0.008544418,0.049815655,0.051872879,0.040706416,0.047787127,0.000486175,2.21E-05
*Oc1ccc2ccc(OC(=O)c3ccccc3/C=C/c3ccc(/C=C/c4ccccc4C(*)=O)cc3)cc2c1,1.174043238,18.32726266,16.5902083,2.52E-13,2786.992532,2716.532612,3.42E-10,3182657863,3.32E-10,3255344891,0.000303897,0.000101299,1.3556099,3.308412961,0.059927795,1.718369727,0.227296374,6.95E-08,0.009467591,0.002274125,0.052271039,0.063101788,0.0537098,0.045591122,0.000437897,0.000443011
*Oc1cccc(OC(=O)c2ccccc2/C=C/c2ccc(/C=C/c3ccccc3C(*)=O)cc2)c1,1.152283822,15.61081314,13.73648393,5.56E-13,2837.526556,2816.65391,3.95E-10,2604122474,3.93E-10,2625450215,0.000161449,5.38E-05,1.324509565,3.309173495,0.052563925,1.727592465,0.198989787,6.09E-08,0.011355735,0.011281558,0.060179074,0.031440509,0.039959527,0.043814551,0.000427197,0.000531635
*Oc1ccccc1OC(=O)c1ccccc1/C=C/c1ccc(/C=C/c2ccccc2C(*)=O)cc1,1.154343518,16.87169596,17.04495684,4.33E-13,2791.965104,2722.597451,3.17E-10,3254247151,3.08E-10,3334747078,0.000290159,9.67E-05,1.32127425,3.31065068,0.056114995,1.728953064,0.222108797,6.89E-08,0.007076267,0.015273801,0.054445478,0.053803888,0.042254443,0.04863484,0.000489697,0.000130384
*Oc1ccc(OC(=O)c2ccccc2/C=C/c2ccc(/C=C/c3ccccc3C(*)=O)cc2)cc1,1.170701737,19.24547603,20.25681347,4.72E-13,2783.526784,2696.703658,2.87E-10,3507872768,2.78E-10,3616651603,0.000307583,0.000102528,1.448046468,3.5615034,0.053659289,1.764497182,0.235313014,7.24E-08,0.009884422,0.005742867,0.048254109,0.060231008,0.05693326,0.052943416,0.000671641,0.000652291
*CCCCCCCCCCCCNC(=O)CCCCCCCCCCCCCCCCCCC(=O)N*,0.913331359,23.84510584,40.59100929,8.11E-13,4119.609128,3987.02098,3.46E-10,2889717981,3.35E-10,2985878717,0.000373908,0.000124636,129.5950827,130.7575103,0.081199513,1.470519497,0.349800281,9.30E-08,0.022388574,0.009363599,0.077123568,0.077505605,0.153251393,0.008497394,0.000347993,0.001322155
*Nc1ccc(NC(=O)c2cc(C(*)=O)c(C(=O)OCC)cc2C(=O)OCC)cc1,1.205426081,21.4786758,24.697668,2.07E-13,2791.160392,2722.405464,2.83E-10,3543827373,2.76E-10,3634135015,0.000268474,8.95E-05,1.732551826,3.252915963,0.063691281,1.587536086,0.301681661,8.97E-08,0.01724167,-0.01323993,0.077933071,0.084454239,0.080150528,0.05053328,0.001629871,0.002978931
*Nc1cccc(C(O)Cc2ccc(NC(=O)c3ccc(C(*)=O)cc3)cc2)c1,1.211930902,24.42922184,34.6832133,3.79E-13,2934.178763,2904.527435,2.08E-10,4879130801,2.06E-10,4931909727,0.000147057,4.90E-05,1.721264782,3.436331819,0.060131323,1.647733347,0.295623458,8.32E-08,0.009199655,-0.009034472,0.070010756,0.082341532,0.081804988,0.053272027,0.002388769,0.005640202
*c1ccc2c(c1)-c1nc3cc(-c4ccc5nc6n(c5c4)C(=O)c4cc(C(*)(C(F)(F)F)C(F)(F)F)ccc4-6)ccc3n1C2=O,1.278237634,24.41433635,27.56890971,3.76E-13,2226.592748,2200.549779,4.73E-10,2230145103,4.67E-10,2251848659,0.000213683,7.12E-05,1.169548136,2.896571056,0.054459287,1.651368419,0.18416099,6.50E-08,0.006189333,0.004554842,0.031945998,0.061992968,0.041179429,0.037128622,0.000345507,0.000824291
*CC(C)CNC(=O)O*,1.12616874,20.04344574,21.09763908,2.85E-13,3184.782898,3130.149995,2.30E-10,4343268036,2.26E-10,4419128188,0.000215804,7.19E-05,1.434645741,2.59205717,0.033324746,1.468811892,0.257436252,7.17E-08,0.012783524,-0.007640787,0.068944965,0.07950542,0.085720868,0.014828029,0.00158516,0.001709074
*c1ccc(Oc2cccc(Oc3ccc(N4C(=O)c5ccc(-c6ccc7c(c6)C(=O)N(*)C7=O)cc5C4=O)cc3)c2)cc1,1.252835014,25.37203303,28.85418487,1.83E-13,2547.527187,2527.445134,2.48E-10,4073673115,2.47E-10,4107183725,0.000140202,4.67E-05,1.231765947,3.179388387,0.07238842,1.716848767,0.282900087,8.86E-08,0.006562499,-0.002169919,0.05728837,0.105340157,0.051023185,0.062582082,0.000498139,0.001775575
*c1cccc(N2C(=O)c3ccc(C(c4ccc5c(c4)C(=O)N(*)C5=O)(C(F)(F)F)C(F)(F)F)cc3C2=O)c1,1.317287284,22.40330556,27.1146975,2.88E-13,2189.756268,2165.2047,3.73E-10,2766192657,3.68E-10,2796077095,0.00019281,6.43E-05,1.211949123,2.557181127,0.057227235,1.531408956,0.17288835,6.00E-08,0.00397573,-0.001031869,0.03682421,0.060815356,0.042004111,0.029275733,0.000246041,0.000779037
*c1ccc2c(c1)C(=O)N(c1cccc(S(=O)(=O)c3cccc(N4C(=O)c5ccc(C(*)(C(F)(F)F)C(F)(F)F)cc5C4=O)c3)c1)C2=O,1.336308485,20.89638432,26.83032574,2.12E-13,2176.650773,2140.280364,3.43E-10,2986598750,3.37E-10,3030855664,0.000221714,7.39E-05,1.273707373,2.619757599,0.056015733,1.531674462,0.150446539,5.18E-08,0.001790684,0.002211315,0.033407307,0.049388104,0.03607256,0.026088887,0.0001564,0.001331281
*c1cc2c(C(=O)N(C2=O)c2ccc(cc2)Oc2ccc(cc2)NC(=O)*)cc1,1.264285557,32.30168599,63.68052049,1.76E-13,2526.779486,2505.548521,2.43E-10,4176331382,2.41E-10,4212935653,0.000137834,4.59E-05,1.42395354,3.238586289,0.06565524,1.677682587,0.329475891,1.02E-07,0.008872958,-0.003554209,0.050376351,0.118653205,0.086335296,0.063881734,0.001545044,0.003365511
*c1ccc(S(=O)(=O)c2ccc(N3C(=O)c4cc5C(=O)N(*)C(=O)c5cc4C3=O)cc2)cc1,1.303952645,26.88592542,38.59799664,3.77E-13,2300.925893,2278.807838,2.96E-10,3529731260,2.93E-10,3557481681,0.000147739,4.92E-05,1.382407846,3.038289474,0.050297085,1.629686237,0.29081044,9.64E-08,0.004188708,0.00283733,0.042281467,0.115132265,0.065446474,0.058062968,0.000343574,0.002517653
*c1cccc(Oc2ccc(N3C(=O)c4cc5C(=O)N(*)C(=O)c5cc4C3=O)cc2)c1,1.284270014,27.7572289,43.26404863,1.93E-13,2414.701069,2387.905638,2.50E-10,4014814813,2.47E-10,4059370582,0.000157747,5.26E-05,1.26414844,3.029515328,0.044869468,1.662912278,0.262134449,8.45E-08,0.007779497,-0.002214829,0.04954919,0.09676413,0.059085499,0.048984867,0.000400071,0.001786023
*c1ccc(-c2ccc(N3C(=O)c4ccc(-c5ccc6c(c5)C(=O)N(*)C6=O)cc4C3=O)cc2C(F)(F)F)c(C(F)(F)F)c1,1.235348797,42.79849318,131.0609074,3.72E-13,2266.211816,2250.238114,4.97E-10,2204368290,4.93E-10,2219875181,0.000177458,5.92E-05,1.249262999,2.651953873,0.072476075,1.550041139,0.281094364,1.00E-07,0.005982552,0.00317354,0.034617287,0.134434951,0.060194969,0.042186338,0.000284359,0.000220368
*C(=O)Oc1ccc(C(C)(C)c2ccc(OC(=O)c3ccc4c(c3)C(=O)N(c3ccc(-c5ccc(N6C(=O)c7ccc(*)cc7C6=O)c(C)c5)cc3C)C4=O)cc2)cc1,1.160979338,27.92556144,40.57154144,3.60E-13,2715.873693,2673.089924,3.40E-10,2960003806,3.35E-10,3007541432,0.000236426,7.88E-05,41.3243261,43.00143355,0.086436305,1.636184478,0.295505091,9.24E-08,0.009636063,-0.00051152,0.051834806,0.105412067,0.07804015,0.049988062,0.000296172,0.000809291
*C(=O)Oc1ccc(C(C)(C)c2ccc(OC(=O)c3ccc4c(c3)C(=O)N(c3ccc(Oc5ccc(N6C(=O)c7ccc(*)cc7C6=O)cc5)cc3)C4=O)cc2)cc1,1.224361443,26.8627259,40.97980484,1.41E-13,2563.631028,2529.312751,2.34E-10,4295733091,2.30E-10,4354641778,0.000178538,5.95E-05,27.44349184,29.20320168,0.063990161,1.661233303,0.279921661,8.92E-08,0.011123137,-0.000112798,0.056870074,0.085599945,0.072328892,0.051671108,0.000467274,0.001974029
*C(=O)Oc1ccc(C(C)(C)c2ccc(OC(=O)c3ccc4c(c3)C(=O)N(c3ccc(-c5ccc(N6C(=O)c7ccc(*)cc7C6=O)cc5)cc3)C4=O)cc2)cc1,1.209449516,29.56407716,59.81442548,2.35E-13,2669.8289,2635.166325,2.44E-10,4106876381,2.40E-10,4160894224,0.00018441,6.15E-05,41.24985525,43.05494416,0.094175414,1.674839967,0.29891003,9.26E-08,0.010232159,0.000853105,0.065712536,0.113246888,0.073102174,0.037011582,0.000432793,-0.001681206
*c1ccc2c(c1)C(=O)N(c1ccc3c(c1)-c1cc(N4C(=O)c5ccc(C(*)(C(F)(F)F)C(F)(F)F)cc5C4=O)ccc1C3)C2=O,1.262253686,20.41355015,23.71698879,3.08E-13,2284.90546,2265.358322,3.96E-10,2603654625,3.92E-10,2625101219,0.000177132,5.90E-05,1.17732955,2.629618628,0.07067058,1.565971539,0.174130825,6.05E-08,0.004663055,0.001565882,0.031494981,0.057982662,0.039894452,0.037581323,0.000360253,0.000588219
*C(=O)Nc1ccc(NC(=O)c2ccc(N3C(=O)c4ccc(*)cc4C3=O)cc2)cc1,1.30038156,45.45353617,139.9942806,2.11E-13,2676.448219,2633.636143,2.30E-10,4354490115,2.26E-10,4425205381,0.000205218,6.84E-05,1.646212047,3.631667161,0.027993751,1.727846959,0.439609719,1.26E-07,0.020547275,-0.025269417,0.064742174,0.148628891,0.103754823,0.118603778,0.005612411,0.002989784
*c1ccc(Oc2ccc(C(c3ccc(Oc4ccc(N5C(=O)c6ccc(Oc7ccc8c(c7)C(=O)N(*)C8=O)cc6C5=O)cc4)cc3)(C(F)(F)F)C(F)(F)F)cc2)cc1,1.295800467,24.10217745,35.17877915,3.15E-13,2384.251555,2356.619312,3.04E-10,3474790723,3.01E-10,3520330591,0.000131303,4.38E-05,14.33428521,15.90590906,0.059449727,1.603626727,0.211511474,6.85E-08,0.004558024,0.001152148,0.040340602,0.072560187,0.049795516,0.041558475,0.000344089,0.001202433
*c1cccc(Oc2cccc(Oc3cccc(-n4c(=O)c5cc6c(=O)n(*)c(=O)c6cc5c4=O)c3)c2)c1,1.295820551,23.18124192,28.73827945,2.74E-13,2461.613152,2421.678247,2.43E-10,4126614701,2.39E-10,4194006389,0.000200681,6.69E-05,1.25556793,2.944369464,0.04839145,1.639753686,0.22483537,7.05E-08,0.006076416,-0.014067708,0.054068231,0.078918004,0.045716901,0.050521003,0.000454938,0.003147585
*c1ccc(Oc2ccc(S(=O)(=O)c3ccc(Oc4ccc(N5C(=O)c6ccc(C(=O)c7ccc8c(c7)C(=O)N(*)C8=O)cc6C5=O)cc4)cc3)cc2)cc1,1.26934889,24.59977939,33.03353112,6.16E-13,2474.671664,2435.54977,2.59E-10,3930576321,2.55E-10,3991316816,0.000187153,6.24E-05,20.65309566,22.46016378,0.064746129,1.675422164,0.244102731,7.77E-08,0.0075981,0.000809355,0.047537087,0.087178577,0.052246374,0.046467575,0.000351428,0.001914235
*c1ccc(Oc2ccc(S(=O)(=O)c3ccc(Oc4ccc(N5C(=O)c6ccc(Oc7ccc8c(c7)C(=O)N(*)C8=O)cc6C5=O)cc4)cc3)cc2)cc1,1.270428801,25.85433842,37.24022224,1.01E-13,2428.686951,2387.204576,2.37E-10,4218863519,2.33E-10,4292232941,0.000203191,6.77E-05,25.64453513,27.41309248,0.062147649,1.663888318,0.250512619,8.00E-08,0.003602544,0.001793451,0.041947576,0.101342956,0.051299662,0.047236533,0.000236711,0.003053185
*c1ccc(Oc2cccc(Oc3ccc(N4C(=O)c5ccc(C(=O)c6ccc7c(c6)C(=O)N(*)C7=O)cc5C4=O)cc3)c2)cc1,1.269371235,23.94177969,30.82032257,2.75E-13,2500.366064,2462.506463,2.42E-10,4136994492,2.38E-10,4200309401,0.000194155,6.47E-05,1.694248216,3.563309005,0.056710119,1.693826802,0.243353052,7.67E-08,0.002571404,0.00175084,0.048059091,0.084790608,0.059771567,0.044276597,0.000431135,0.00170181
*c1ccc(Oc2ccc(S(=O)(=O)c3ccc(Oc4ccc(N5C(=O)c6cc7C(=O)N(*)C(=O)c7cc6C5=O)cc4)cc3)cc2)cc1,1.287501153,25.65776113,39.76232465,2.92E-13,2436.573519,2386.561094,3.23E-10,3539028845,3.14E-10,3598076847,0.000261105,8.70E-05,1.269284091,3.009805193,0.072976626,1.65544302,0.257046515,8.17E-08,0.005623043,0.002473457,0.045789991,0.091508539,0.05919688,0.049805881,0.000343955,0.002304768
*c1ccc(-c2ccc(-n3c(=O)c4cc5c(=O)n(*)c(=O)c5cc4c3=O)cc2C(F)(F)F)c(C(F)(F)F)c1,1.23558415,61.40371465,309.5093965,2.46E-13,2123.856754,2114.049748,4.63E-10,2182243587,4.61E-10,2192367096,0.000134043,4.47E-05,1.266104418,2.493650614,0.071600715,1.492421202,0.382911128,1.42E-07,-0.001001671,-0.002323813,0.036965314,0.201715212,0.088215281,0.05747369,0.000455454,0.001411662
*c1ccc(S(=O)(=O)c2ccc(N3C(=O)c4ccc(-c5ccc6c(c5)C(=O)N(*)C6=O)cc4C3=O)cc2)cc1,1.251668706,27.18683095,41.19964221,3.53E-13,2393.77624,2372.165316,2.99E-10,3366727833,2.96E-10,3396507367,0.000161104,5.37E-05,1.339633632,3.081731175,0.061016456,1.655916132,0.280663141,9.37E-08,0.006350366,0.006543477,0.046584345,0.112585734,0.061933033,0.045635532,0.000347438,0.000683217
*C(=O)c1ccc2c(c1)C(=O)N(c1ccc(C3(c4ccc(N5C(=O)c6ccc(*)cc6C5=O)cc4)c4ccccc4-c4ccccc43)cc1)C2=O,1.135742607,23.42529212,32.82344064,9.28E-14,2564.991522,2549.731643,3.46E-10,2928783654,3.44E-10,2946488830,0.000139112,4.64E-05,1.212137821,2.880971216,0.063668173,1.633649601,0.227667352,7.81E-08,0.00650216,0.003309591,0.037237221,0.084183575,0.046001606,0.049122358,0.00034999,0.00096085
*CCCCCCN1C(=O)c2ccc(C(c3ccc4c(c3)C(=O)N(*)C4=O)(C(F)(F)F)C(F)(F)F)cc2C1=O,1.288680122,21.88584092,26.82274681,4.38E-13,2554.686641,2420.938953,4.10E-10,2699948949,3.84E-10,2806760187,0.000458957,0.000152986,1.220091158,2.48742653,0.063461333,1.505760409,0.16334633,5.00E-08,0.006757391,0.003052516,0.042709953,0.047460655,0.040947663,0.021609287,0.000108991,0.000699874
*c1ccc2c(c1)C(=O)N(c1c(C)cc(Cc3cc(C)c(N4C(=O)c5ccc(C(*)(C(F)(F)F)C(F)(F)F)cc5C4=O)c(C)c3)cc1C)C2=O,1.149323946,21.41163113,25.85618543,2.89E-13,2482.355125,2458.122867,4.66E-10,2324202747,4.61E-10,2346754255,0.000204536,6.82E-05,1.135936786,2.406188487,0.073679157,1.506696564,0.164469188,5.76E-08,0.005675392,-0.008828238,0.037059883,0.057209277,0.042900152,0.029477946,0.000203961,0.000770814
*c1ccc2c(c1)C(=O)N(c1c(CC)cc(Cc3cc(CC)c(N4C(=O)c5ccc(C(*)(C(F)(F)F)C(F)(F)F)cc5C4=O)c(CC)c3)cc1CC)C2=O,1.128172684,21.46625658,22.30692249,3.08E-13,2690.639334,2627.977122,4.91E-10,2098063854,4.79E-10,2145416351,0.000338579,0.00011286,1.124067052,2.376291416,0.072533934,1.500740772,0.1778175,5.86E-08,0.0072346,0.002697536,0.038747188,0.056595005,0.045598096,0.026157951,0.000184161,0.000602962
*c1ccc2c(c1)C(=O)N(c1c(C(C)C)cc(Cc3cc(C(C)C)c(N4C(=O)c5ccc(C(*)(C(F)(F)F)C(F)(F)F)cc5C4=O)c(C(C)C)c3)cc1C(C)C)C2=O,1.054205669,21.01509178,24.10925409,7.05E-14,2796.079426,2758.075322,4.64E-10,2157784363,4.58E-10,2187470375,0.000247001,8.23E-05,1.116638167,2.277447441,0.064202961,1.469965351,0.16484689,5.59E-08,0.006256061,-0.00222636,0.039287072,0.053097928,0.043523532,0.024649477,8.87E-05,0.000170488
*c1ccc2c(c1)C(=O)N(c1cc(N3C(=O)c4ccc(C(*)(C(F)(F)F)C(F)(F)F)cc4C3=O)ccc1C)C2=O,1.24938533,21.20223784,25.04012508,2.32E-13,2232.464166,2221.526646,4.44E-10,2305577285,4.42E-10,2317983968,0.000120143,4.00E-05,1.184458259,2.461848941,0.052741378,1.509035648,0.153779126,5.51E-08,0.003439696,0.002476785,0.032192798,0.052685198,0.03469857,0.027644509,0.000187906,0.000453663
*c1ccc(S(=O)(=O)c2ccc(N3C(=O)c4ccc(C(c5ccc6c(c5)C(=O)N(*)C6=O)(C(F)(F)F)C(F)(F)F)cc4C3=O)cc2)cc1,1.310115561,23.64843842,29.03630347,2.88E-13,2167.513384,2149.536984,4.23E-10,2404672515,4.19E-10,2423627702,0.000172118,5.74E-05,1.268102013,2.666034055,0.055879714,1.548514887,0.166991738,5.89E-08,0.000900706,0.001873176,0.030943955,0.05919614,0.042593476,0.029934188,0.000219306,0.00133079
*c1ccc(S(=O)(=O)c2ccc(N3C(=O)c4ccc(C(=O)c5ccc6c(c5)C(=O)N(*)C6=O)cc4C3=O)cc2)cc1,1.295795426,25.12418092,36.04852537,4.32E-13,2415.14934,2370.579548,3.01E-10,3402196110,2.95E-10,3458141502,0.000199201,6.64E-05,1.358031872,3.121665839,0.052511003,1.662416477,0.255148124,8.16E-08,0.00792172,0.008100421,0.048091275,0.081732814,0.0621586,0.046246419,0.000346134,0.000550741
*c1ccc(-c2ccc(-n3c(=O)c4cc5c(=O)n(*)c(=O)c5cc4c3=O)cc2OC(F)(F)F)c(OC(F)(F)F)c1,1.340617278,62.99034126,357.9312893,1.81E-13,2120.21065,2101.640305,3.56E-10,2871487775,3.52E-10,2896499257,0.000169277,5.64E-05,1.230231468,2.563070514,0.073808898,1.527329893,0.342393297,1.20E-07,0.001866688,0.000533201,0.043360457,0.153602323,0.082138474,0.060607031,0.000335987,-5.09E-05
*C1CCC(N2C(=O)c3ccc(-c4ccc5c(c4)C(=O)N(*)C5=O)cc3C2=O)CC1,1.221232144,29.09881388,47.45273736,2.55E-13,2738.031851,2706.806332,2.31E-10,4384961283,2.28E-10,4433476052,0.000168496,5.62E-05,1.298644653,2.966004322,0.073954634,1.633195502,0.322479304,9.64E-08,0.012391062,0.007446147,0.055852454,0.111475571,0.081906584,0.050899014,0.000281622,0.002226851
*c1cc(C(c2ccc(O)c(-n3c(=O)c4cc5c(=O)n(*)c(=O)c5cc4c3=O)c2)(C(F)(F)F)C(F)(F)F)ccc1O,1.357726456,20.57736407,20.50973173,2.21E-13,2231.658635,2214.515664,3.20E-10,3176881576,3.18E-10,3202458007,0.000152214,5.07E-05,1.592436536,2.904341652,0.053477887,1.520488509,0.188839787,6.25E-08,0.003175439,-0.004527217,0.035634897,0.07008918,0.044797322,0.036191122,0.000109906,0.003369138
*c1ccc2c(c1)C(=O)N(c1ccc(C(c3ccc(C)c(N4C(=O)c5ccc(C(*)(C(F)(F)F)C(F)(F)F)cc5C4=O)c3)(C(F)(F)F)C(F)(F)F)cc1C)C2=O,1.259487717,20.44943566,20.20371746,4.03E-13,2246.901965,2185.045789,6.64E-10,1911559203,6.38E-10,1943935436,0.000399916,0.000133305,1.147513477,2.288968877,0.051259766,1.463351386,0.125282992,4.44E-08,0.004454267,-0.000201402,0.030166,0.042342295,0.029646257,0.018193882,0.000131716,0.000549978
*c1ccc2c(c1)C(=O)N(c1ccc(Oc3ccc(-c4ccc(Oc5ccc(N6C(=O)c7ccc(C(*)(C(F)(F)F)C(F)(F)F)cc7C6=O)cc5)cc4)cc3)cc1)C2=O,1.257027996,26.10310133,49.86473007,1.04E-13,2331.162815,2314.571925,2.82E-10,3552026290,2.80E-10,3577475069,0.000139802,4.66E-05,44.30360124,45.91266965,0.070803843,1.615261096,0.192517661,6.57E-08,0.004886638,0.003854672,0.037724551,0.071072373,0.044216356,0.029766835,-1.21E-05,0.001008346
*c1ccc(Oc2ccc(S(=O)(=O)c3ccc(Oc4ccc(N5C(=O)c6ccc(C(c7ccc8c(c7)C(=O)N(*)C8=O)(C(F)(F)F)C(F)(F)F)cc6C5=O)cc4)cc3)cc2)cc1,1.306828793,22.86724416,32.67641519,1.40E-13,2288.016806,2264.623518,2.78E-10,3603581352,2.75E-10,3640828518,0.000167934,5.60E-05,7.104224428,8.657641935,0.067397201,1.597941647,0.207221278,6.93E-08,0.014766846,-0.00043048,0.048162425,0.066701453,0.037533182,0.038262984,0.000237221,0.001987648
*c1ccc2c(c1)C(=O)N(c1cccc(Oc3ccc(S(=O)(=O)c4ccc(Oc5cccc(N6C(=O)c7ccc(C(*)(C(F)(F)F)C(F)(F)F)cc7C6=O)c5)cc4)cc3)c1)C2=O,1.317245118,21.75683334,25.31431999,6.13E-13,2389.139432,2345.438779,3.36E-10,2982723987,3.30E-10,3037804077,0.000231561,7.72E-05,13.78444858,15.32931322,0.077306577,1.595253433,0.163208541,5.19E-08,0.006964787,-0.007286104,0.043352806,0.05037875,0.035761883,0.032967943,0.000244663,0.000823814
*c1ccc(C(C)(C)c2ccc(N3C(=O)c4ccc(Oc5ccc6c(c5)C(=O)N(*)C6=O)cc4C3=O)cc2)cc1,1.188319624,24.31651904,33.90965019,2.21E-13,2655.62505,2628.411389,2.76E-10,3694900865,2.73E-10,3733192253,0.000171143,5.70E-05,1.214826662,2.918997089,0.056880969,1.644429312,0.27785637,8.81E-08,0.00917477,-0.000961835,0.055037069,0.100966125,0.062534044,0.049394608,0.000389633,0.001321956
*c1cccc(N2C(=O)c3ccc(Oc4ccc5c(c4)C4(CC(C)(C)c6ccc(Oc7ccc8c(c7)C(=O)N(*)C8=O)cc64)CC5(C)C)cc3C2=O)c1,1.139268236,18.88852269,19.12122433,4.71E-13,2841.411572,2756.310485,5.10E-10,2620147067,4.86E-10,2668341004,0.000394006,0.000131335,1.18245723,2.671675231,0.064099015,1.577714272,0.195425517,6.04E-08,0.005344674,-0.00426425,0.037089434,0.072469347,0.05034462,0.03262163,0.000287032,0.001533032
*c1ccc(S(=O)(=O)c2ccc(N3C(=O)c4ccc(Oc5ccc6c(c5)C(=O)N(*)C6=O)cc4C3=O)cc2)cc1,1.283240207,24.28355102,30.23101655,1.75E-13,2320.225507,2302.209986,2.59E-10,3904459765,2.57E-10,3935855622,0.000135014,4.50E-05,1.333365756,3.019424796,0.081438307,1.638907142,0.249871544,8.40E-08,0.006192329,0.00157488,0.045930207,0.08581795,0.058430348,0.048235385,0.000450446,0.003239999
*c1ccc2c(c1)C(=O)N(c1ccc(Oc3ccc(N4C(=O)c5ccc(C(C)(C)CCCCCCCCC(*)(C)C)cc5C4=O)cc3)cc1)C2=O,1.09921516,23.43880382,29.24456183,3.07E-13,3026.773895,2982.298836,2.58E-10,3873697432,2.55E-10,3931275924,0.000203666,6.79E-05,15.32380214,16.89892631,0.06058479,1.604717852,0.254763626,7.66E-08,0.011745628,0.002527955,0.055297535,0.085545509,0.070814491,0.027919423,0.000249946,0.000663139
*C(=O)Nc1cccc(NC(=O)c2ccc(N3C(=O)c4ccc(*)cc4C3=O)cc2)c1,1.288525485,29.40900588,50.51285239,4.81E-13,2800.338216,2730.739002,3.07E-10,3875427401,2.97E-10,3940095394,-3.31E-05,-1.10E-05,1.626583188,3.550123182,0.057816004,1.70982335,0.316497691,8.95E-08,0.011090638,-0.042379392,0.07190526,0.116054636,0.0973304,0.057007071,0.002475916,0.003013162
*C(=O)c1ccc2c(c1)C(=O)N(c1ccc(C(=O)Nc3ccc(N4C(=O)c5ccc(*)cc5C4=O)cc3)cc1)C2=O,1.278260146,31.49922765,60.43948223,2.96E-13,2508.255166,2479.339431,2.46E-10,4160548738,2.43E-10,4208373718,0.000168541,5.62E-05,1.47264534,3.403719867,0.072396993,1.712034571,0.331274593,1.03E-07,0.005148006,-0.005632101,0.053611898,0.121234824,0.081751028,0.072160143,0.001320071,0.001680725
*c1cccc(Oc2ccc(N3C(=O)c4ccc(C(=O)c5ccc6c(c5)C(=O)N(*)C6=O)cc4C3=O)cc2)c1,1.267108398,24.91382509,30.99707992,1.73E-13,2434.141261,2405.337628,2.68E-10,3755748141,2.64E-10,3800648953,0.000180019,6.00E-05,1.300891797,3.132077919,0.050077237,1.682591648,0.264017299,8.56E-08,0.003541474,0.00226061,0.050869592,0.088573514,0.057032798,0.060152456,0.000398324,0.00118853
*c1ccc(-c2sc(-c3ccc(-n4c(=O)c5cc6c(=O)n(*)c(=O)c6cc5c4=O)cc3)c(-c3ccccc3)c2-c2ccccc2)cc1,1.124308327,47.52713915,161.9493551,2.19E-13,2567.370293,2536.423104,4.29E-10,2338929408,4.24E-10,2366368424,0.000214117,7.14E-05,1.15726798,2.843429716,0.079131592,1.63891798,0.352891485,1.28E-07,0.010877443,0.008698873,0.040975884,0.145105317,0.070779715,0.074963159,0.000550251,0.000940843
*c1ccc(C(c2ccc(N3C(=O)c4cc5c(cc4C3=O)C(C(F)(F)F)(C(F)(F)F)c3cc4c(cc3O5)C(=O)N(*)C4=O)cc2)(C(F)(F)F)C(F)(F)F)cc1,1.308883696,28.7514194,47.33261267,1.12E-13,2080.703726,2062.329464,4.56E-10,2285537696,4.52E-10,2305190403,0.000188364,6.28E-05,1.172220603,2.396280245,0.060082499,1.491311176,0.206835687,7.60E-08,0.002951362,-0.002833812,0.035061812,0.085722068,0.053485653,0.031462842,0.000236722,0.00074904
*c1ccc2c(c1)C(=O)N(c1cc(C(c3ccc(O)c(N4C(=O)c5ccc(C(*)(C(F)(F)F)C(F)(F)F)cc5C4=O)c3)(C(F)(F)F)C(F)(F)F)ccc1O)C2=O,1.333438371,16.54940795,16.66351943,8.94E-15,2023.677446,2014.579632,3.41E-10,2928985050,3.40E-10,2942218085,0.000117377,3.91E-05,1.306509495,2.455203335,0.058602854,1.465842365,0.132113785,4.90E-08,0.003411509,-0.003437886,0.03404703,0.047498491,0.029196428,0.020415968,0.000241532,0.000740712
*c1ccc(Oc2c(C)cc(Cc3cc(C)c(Oc4ccc(-n5c(=O)c6cc7c(=O)n(*)c(=O)c7cc6c5=O)cc4)c(C)c3)cc2C)cc1,1.126951227,21.38140875,14.29205453,9.62E-13,2872.563581,2740.795997,4.66E-10,2153707098,4.44E-10,2256542737,0.000479675,0.000159892,3.200204344,4.728460436,0.086785367,1.590049085,0.252482603,7.80E-08,0.015950296,0.006901661,0.056005322,0.08258539,0.051192578,0.037918262,0.000363859,0.001565235
*c1ccc(Oc2c(C)cc(Cc3cc(C)c(Oc4ccc(N5C(=O)c6ccc(-c7ccc8c(c7)C(=O)N(*)C8=O)cc6C5=O)cc4)c(C)c3)cc2C)cc1,1.132492938,24.87502238,36.13284723,2.61E-13,2755.686385,2728.416179,3.25E-10,3144673563,3.22E-10,3178384906,0.000168672,5.62E-05,24.77702362,26.41169874,0.077628356,1.623164999,0.256003141,8.21E-08,0.006698034,0.002360421,0.042203012,0.105683355,0.058522463,0.039217141,0.000350259,0.000968456
*C(=O)c1ccc2c(c1)C(=O)N(c1ccc(Oc3c(C)cc(Cc4cc(C)c(Oc5ccc(N6C(=O)c7ccc(*)cc7C6=O)cc5)c(C)c4)cc3C)cc1)C2=O,1.149765843,25.43571851,35.38391063,1.86E-13,2688.390572,2642.888676,2.98E-10,3418941754,2.93E-10,3477662227,0.000227062,7.57E-05,12.93156273,14.57215666,0.07847471,1.624987789,0.236433639,7.64E-08,0.006376164,0.003304847,0.038427183,0.083675888,0.059318157,0.043981981,0.000255774,0.001093645
*c1ccc2c(c1)C(=O)N(c1ccc(Oc3c(C)cc(Cc4cc(C)c(Oc5ccc(N6C(=O)c7ccc(C(*)(C(F)(F)F)C(F)(F)F)cc7C6=O)cc5)c(C)c4)cc3C)cc1)C2=O,1.188244381,25.30910809,38.74923339,5.30E-13,2548.97132,2523.529799,3.73E-10,2690987696,3.69E-10,2718433990,0.000178366,5.95E-05,34.37260119,35.81353571,0.072371062,1.562346756,0.187678976,6.20E-08,0.009423358,-0.002525812,0.041434656,0.061257328,0.045652116,0.031511967,0.000209854,0.000715508
*c1c(C)cc(C(c2cc(C)c(N3C(=O)c4ccc(-c5ccc6c(c5)C(=O)N(*)C6=O)cc4C3=O)c(C)c2)c2cccc3ccccc23)cc1C,1.048715077,27.01357652,47.70868421,1.73E-13,2771.673685,2742.307077,4.32E-10,2347412558,4.27E-10,2372871293,0.000207695,6.92E-05,1.143121633,2.676343546,0.07163035,1.591597315,0.236427007,8.13E-08,0.00905855,0.001667855,0.044901991,0.086403911,0.053729559,0.03911513,0.000265054,0.001284957
*C(=O)c1ccc2c(c1)C(=O)N(c1c(C)cc(C(c3cc(C)c(N4C(=O)c5ccc(*)cc5C4=O)c(C)c3)c3cccc4ccccc34)cc1C)C2=O,1.052850236,21.79246309,24.3410707,3.61E-13,2751.331225,2721.529279,4.81E-10,2097132127,4.76E-10,2120326227,0.000217644,7.25E-05,1.190076106,2.662427618,0.077966035,1.572349919,0.210939398,7.28E-08,0.006744649,0.001685755,0.038881608,0.074511796,0.051975046,0.037066522,0.000212794,-0.000138771
*c1ccc2c(c1)C(=O)N(c1c(C)cc(C(c3cc(C)c(N4C(=O)c5ccc(C(*)(C(F)(F)F)C(F)(F)F)cc5C4=O)c(C)c3)c3cccc4ccccc34)cc1C)C2=O,1.104934419,21.84652965,31.57436534,2.05E-14,2586.561375,2554.505457,4.57E-10,2223713310,4.52E-10,2253608501,0.000219747,7.32E-05,1.115176877,2.425581753,0.07840768,1.519965485,0.161522154,5.65E-08,0.00861064,-0.002787717,0.039447146,0.052132971,0.035040357,0.028195602,0.000159337,0.000723818
*c1ccc(Oc2c(C)cc(C(c3cc(C)c(Oc4ccc(-n5c(=O)c6cc7c(=O)n(*)c(=O)c7cc6c5=O)cc4)c(C)c3)c3cccc4ccccc34)cc2C)cc1,1.0879766,25.42827706,34.22625059,6.59E-13,2791.506245,2751.991916,4.29E-10,2390553867,4.23E-10,2424061698,0.000244347,8.14E-05,1.135705567,2.680902096,0.063566493,1.595356354,0.245595378,8.10E-08,0.009357978,0.004098299,0.041128348,0.090609837,0.055493656,0.044453482,0.000311662,0.000142116
*c1ccc(Oc2c(C)cc(C(c3cc(C)c(Oc4ccc(N5C(=O)c6ccc(-c7ccc8c(c7)C(=O)N(*)C8=O)cc6C5=O)cc4)c(C)c3)c3cccc4ccccc34)cc2C)cc1,1.105842199,25.51139993,37.64277767,4.79E-13,2766.854666,2717.027716,3.77E-10,2659999168,3.70E-10,2707964561,0.000261052,8.70E-05,28.30439315,29.96522265,0.067013493,1.631203954,0.261279179,8.54E-08,0.014861448,0.008451512,0.046712137,0.078920947,0.057808416,0.054098966,0.000327066,9.87E-05
*c1ccc2c(c1)C(=O)N(c1ccc(Oc3c(C)cc(C(c4cc(C)c(Oc5ccc(N6C(=O)c7ccc(C(*)(C(F)(F)F)C(F)(F)F)cc7C6=O)cc5)c(C)c4)c4cccc5ccccc45)cc3C)cc1)C2=O,1.147237154,22.30079166,29.05477441,4.76E-13,2606.411123,2558.706621,4.30E-10,2342295996,4.23E-10,2385612039,0.000272661,9.09E-05,25.5199158,26.97913405,0.072698936,1.568149611,0.184969637,6.18E-08,0.005745139,0.0032551,0.034039016,0.067210966,0.04527705,0.029305846,0.0002165,-8.00E-05
*/C=C/C1CC(*)C2C(=O)N(CCCCC)C(=O)C12,1.050823811,15.45947293,14.14140669,7.85E-13,3506.257601,3324.062586,3.85E-10,2663701726,3.65E-10,2794764229,0.000470607,0.000156869,1.225412931,2.434684557,0.05614672,1.486357544,0.236932175,6.46E-08,0.011792446,0.009664661,0.057599718,0.063356189,0.082601229,0.01112991,0,0.000788022
*/C=C/C1CC(*)C2C(=O)N(CCCCCC)C(=O)C12,1.035217626,14.67240732,10.23833951,1.10E-12,3662.101498,3471.990062,3.85E-10,2632811504,3.65E-10,2771355316,0.000491998,0.000163999,1.188232209,2.38720014,0.049758973,1.482891496,0.232246101,6.13E-08,0.012588518,0.010739433,0.06091111,0.062953798,0.074368078,0.011170615,0,-0.000485451
*c1cccc(P(=O)(c2cccc(-n3c(=O)c4cc5c(=O)n(*)c(=O)c5cc4c3=O)c2)c2cc(C(F)(F)F)cc(C(F)(F)F)c2)c1,1.318625494,17.81122882,17.40372492,4.29E-13,2223.74772,2127.183232,5.64E-10,2263702464,5.25E-10,2323734171,0.000464354,0.000154785,1.228000592,2.640614078,0.06875496,1.553239727,0.163382142,5.61E-08,0.002720984,0.003296197,0.034024983,0.050104552,0.041659558,0.030451782,0.000231716,0.000892371
*c1cccc(P(=O)(c2ccc(C(F)(F)F)cc2)c2cccc(-n3c(=O)c4cc5c(=O)n(*)c(=O)c5cc4c3=O)c2)c1,1.274278888,20.62761227,23.11270844,2.27E-13,2268.467626,2247.399582,3.37E-10,2980928532,3.34E-10,3009227589,0.000171113,5.70E-05,1.241557221,2.76193441,0.055147314,1.587558918,0.18075284,6.26E-08,0.003327266,0.004885925,0.033148564,0.056718706,0.042907091,0.038637111,0.000195918,0.00093226
*c1cccc(P(=O)(c2ccccc2)c2cccc(-n3c(=O)c4cc5c(=O)n(*)c(=O)c5cc4c3=O)c2)c1,1.23347752,20.87955805,25.71939588,3.71E-13,2405.130475,2389.006677,3.30E-10,3097979758,3.28E-10,3118868108,0.000145131,4.84E-05,1.299267622,2.959909837,0.056156124,1.631142132,0.201453995,6.79E-08,0.006427586,0.005621414,0.040885116,0.062286163,0.04478614,0.040034623,0.000256948,0.001156006
*Oc1c(C)cc(C(C)(C)c2cc(C)c(ON3C(=O)c4ccc(Oc5ccc(C6(c7ccc(Oc8ccc9c(c8)C(=O)N(*)C9=O)cc7)CCC(C(C)(C)C)CC6)cc5)cc4C3=O)c(C)c2)cc1C,1.08647954,19.95338783,21.41622936,9.23E-13,3009.113376,2917.512478,3.61E-10,2822222995,3.49E-10,2905496480,0.000340641,0.000113547,39.10480337,40.56420789,0.083902319,1.568245492,0.22463605,6.87E-08,0.006427022,-0.000951244,0.05603074,0.069756594,0.0582695,0.034985972,0.000224322,-0.000106856
*c1ccc(Oc2ccc(C(c3ccc(Oc4ccc(N5C(=O)c6ccc(Oc7ccc(C8(c9ccc(Oc%10ccc%11c(c%10)C(=O)N(*)C%11=O)cc9)CCC(C(C)(C)C)CC8)cc7)cc6C5=O)cc4)cc3)(C(F)(F)F)C(F)(F)F)cc2)cc1,1.183874742,22.25375575,29.47743179,3.24E-13,2672.747253,2633.454001,3.31E-10,3030544185,3.26E-10,3075726281,0.000225741,7.52E-05,72.14725113,73.65042823,0.083190584,1.58214127,0.210880706,6.66E-08,0.010098466,-8.83E-05,0.049736241,0.064828433,0.050407994,0.035363127,0.00027626,0.000258498
*c1ccc(Oc2ccc(Oc3ccc(N4C(=O)c5ccc(Oc6ccc(C7(c8ccc(Oc9ccc%10c(c9)C(=O)N(*)C%10=O)cc8)CCC(C(C)(C)C)CC7)cc6)cc5C4=O)cc3)c(C(C)(C)C)c2)cc1,1.108698074,22.90343784,31.45894234,3.06E-13,2940.634238,2908.864062,2.91E-10,3459779359,2.88E-10,3498347055,0.000182761,6.09E-05,70.60641703,72.15062499,0.074468639,1.595054526,0.275312596,8.45E-08,0.010183626,-0.001151493,0.053768681,0.090603518,0.076617405,0.044185388,0.00041554,0.000689931
*c1ccc(Oc2ccc(C3(c4ccc(Oc5ccc(N6C(=O)c7ccc(Oc8ccc(C9(c%10ccc(Oc%11ccc%12c(c%11)C(=O)N(*)C%12=O)cc%10)CCC(C(C)(C)C)CC9)cc8)cc7C6=O)cc5)cc4)CC4CC3C3CCCC43)cc2)cc1,1.105510641,21.50005245,23.14107558,3.61E-13,2946.480245,2912.103211,2.80E-10,3581030581,2.76E-10,3623029359,0.000187598,6.25E-05,68.51346692,70.05484519,0.06408566,1.594165657,0.235289626,7.24E-08,0.003203598,0.007164594,0.043741921,0.082357598,0.068378884,0.029362513,0.000253831,0.000826688
*C(=O)Nc1cccc(C#Cc2cccc(N3C(=O)c4ccc(*)cc4C3=O)c2)c1,1.207196695,24.93378627,32.87044204,3.98E-13,2638.605545,2590.642381,3.44E-10,3427223859,3.35E-10,3470481589,-2.50E-05,-8.32E-06,1.415141193,3.415731935,0.07261009,1.73221681,0.254775725,8.03E-08,0.00542332,-0.002482871,0.048789585,0.087981545,0.069242227,0.044058452,0.001265665,0.000497802
*c1ccc(Oc2ccc(NC(=O)CN3C(=O)c4ccc(C(c5ccc6c(c5)C(=O)N(CC(=O)Nc5ccc(Oc7ccc(-c8nnc(*)o8)cc7)cc5)C6=O)(C(F)(F)F)C(F)(F)F)cc4C3=O)cc2)cc1,1.321558491,23.08710688,30.75281497,5.80E-13,2463.108961,2431.243512,3.12E-10,3447219103,3.08E-10,3499596834,0.000105562,3.52E-05,27.4854572,29.08849205,0.069474777,1.613387651,0.215864818,6.64E-08,0.004601332,-0.008430345,0.046850154,0.068533192,0.06185981,0.039355704,0.00059997,0.002495002
*c1ccc(Oc2c(C)cc(C(C)(C)c3cc(C)c(Oc4ccc(N5C(=O)c6ccc(Oc7ccc(C8(c9ccc(Oc%10ccc%11c(c%10)C(=O)N(*)C%11=O)cc9)CCC(c9ccccc9)CC8)cc7)cc6C5=O)cc4)c(C)c3)cc2C)cc1,1.099576141,21.55258827,26.25068215,2.94E-13,2928.875859,2879.935855,3.52E-10,2949893383,3.46E-10,2996538431,0.000245343,8.18E-05,84.42748762,86.00460038,0.069669513,1.605311013,0.242419906,7.53E-08,0.010621557,0.004331244,0.049666806,0.078282141,0.058792395,0.039995599,0.000387225,0.00034294
*c1ccc(Oc2ccc(Oc3ccc(N4C(=O)c5ccc(Oc6ccc(C7(c8ccc(Oc9ccc%10c(c9)C(=O)N(*)C%10=O)cc8)CCC(c8ccccc8)CC7)cc6)cc5C4=O)cc3)c(C(C)(C)C)c2)cc1,1.137986282,22.8835921,29.38945224,2.96E-13,2846.581904,2814.263031,2.97E-10,3463799346,2.94E-10,3503586368,0.000185159,6.17E-05,55.90082839,57.57076789,0.068041206,1.633989886,0.258275143,7.98E-08,0.009721225,-0.001045445,0.054427949,0.090942806,0.059734246,0.043924785,0.000281665,0.000287912
*c1ccc(Oc2ccc(-c3ccc(Oc4ccc(N5C(=O)c6ccc(Oc7ccc(C8(c9ccc(Oc%10ccc%11c(c%10)C(=O)N(*)C%11=O)cc9)CCC(c9ccccc9)CC8)cc7)cc6C5=O)cc4)cc3C)c(C)c2)cc1,1.145147381,24.65260466,33.14624267,4.22E-13,2838.699408,2780.384049,3.31E-10,3064394947,3.24E-10,3125648015,0.000245467,8.18E-05,106.2209996,107.9472635,0.074747872,1.651137936,0.262426433,8.08E-08,0.011964876,-0.003491464,0.046622054,0.088525935,0.066207749,0.050773862,0.000380847,0.001442574
*c1ccc(Oc2ccc(N3C(=O)c4ccc(Oc5ccc(C6(c7ccc(Oc8ccc9c(c8)C(=O)N(*)C9=O)cc7)CCC(c7ccccc7)CC6)cc5)cc4C3=O)cc2)cc1,1.165731568,21.18749891,23.59455294,4.17E-13,2784.94161,2742.936344,2.73E-10,3702611930,2.68E-10,3757615100,0.000208961,6.97E-05,15.40189575,17.10361996,0.063230153,1.643660767,0.234347519,7.22E-08,0.007997218,0.005401759,0.049737855,0.079007433,0.048038477,0.043355127,0.00034476,0.00046489
*c1ccc(Oc2ccccc2Oc2ccc(-n3c(=O)c4cc5c(=O)n(*)c(=O)c5cc4c3=O)cc2)cc1,1.279833729,24.34829106,32.33073715,2.39E-13,2487.472144,2461.285749,2.85E-10,3619789167,2.82E-10,3658557985,0.000173198,5.77E-05,1.25908642,2.979124104,0.062925226,1.649220757,0.27636764,8.69E-08,0.01074845,0.004922564,0.050472366,0.092080651,0.058516978,0.058236884,0.000306247,0.0010835
*c1ccc(Oc2ccc(Oc3ccc(-n4c(=O)c5cc6c(=O)n(*)c(=O)c6cc5c4=O)cc3)cc2C(C)(C)C)cc1,1.155735832,27.24003799,36.46636621,2.60E-13,2661.287595,2639.429285,2.91E-10,3470022768,2.89E-10,3498996737,0.000154838,5.16E-05,1.183247739,2.765599352,0.042350113,1.60692786,0.299962523,9.65E-08,0.018044036,-0.007306334,0.050499827,0.10822679,0.069842718,0.060084949,0.000385123,0.000185413
*c1ccc(Oc2ccc(Oc3ccc(-n4c(=O)c5cc6c(=O)n(*)c(=O)c6cc5c4=O)cc3)cc2-c2ccccc2)cc1,1.228190525,29.29857473,45.08942641,3.21E-13,2610.189192,2554.208335,3.34E-10,3163193507,3.26E-10,3226185780,0.000273331,9.11E-05,1.187507736,2.905812215,0.069039125,1.648725089,0.30983122,9.62E-08,0.008413118,0.003990715,0.05362259,0.110108861,0.064642969,0.066361611,0.000454197,0.002237159
*c1ccc(Oc2cc(C(C)(C)C)ccc2Oc2ccc(-n3c(=O)c4cc5c(=O)n(*)c(=O)c5cc4c3=O)cc2)cc1,1.192553559,21.54485112,23.95136217,4.36E-13,2661.314414,2627.843148,3.12E-10,3280025296,3.08E-10,3321832731,0.000201171,6.71E-05,1.212983941,2.81905731,0.072522417,1.614324588,0.278141719,8.77E-08,0.009078042,0.002501386,0.056504651,0.097693952,0.061682774,0.049968524,0.000263917,0.000448474
*c1ccc(Oc2ccc(Oc3ccc(N4C(=O)c5ccc(-c6ccc7c(c6)C(=O)N(*)C7=O)cc5C4=O)cc3)cc2)cc1,1.238883713,30.58267026,57.2955938,5.15E-13,2600.882778,2583.233898,2.99E-10,3387407838,2.97E-10,3412294966,0.000131735,4.39E-05,1.226668723,3.102582967,0.069389835,1.695846952,0.295398373,9.24E-08,0.006095028,0.003537618,0.044165799,0.111356856,0.071147662,0.058204919,0.000291973,0.000598517
*c1ccc(Oc2ccccc2Oc2ccc(N3C(=O)c4ccc(-c5ccc6c(c5)C(=O)N(*)C6=O)cc4C3=O)cc2)cc1,1.252823634,26.10125056,37.62056753,3.89E-13,2548.72475,2517.796008,2.66E-10,3790504633,2.63E-10,3837440195,0.000183043,6.10E-05,1.248908629,3.077537703,0.059581017,1.681845994,0.29151673,9.09E-08,0.011180988,0.005282807,0.046352254,0.094832592,0.067031182,0.065676563,0.00032481,0.000835533
*c1ccc(Oc2ccc(Oc3ccc(N4C(=O)c5ccc(-c6ccc7c(c6)C(=O)N(*)C7=O)cc5C4=O)cc3)c(C(C)(C)C)c2)cc1,1.153474075,28.42466879,28.36191362,5.72E-13,2672.575868,2629.174617,2.94E-10,3396707316,2.90E-10,3452773921,0.000221537,7.38E-05,1.183663835,2.877145287,0.055626134,1.641182943,0.30392846,9.86E-08,0.009731534,-0.006776872,0.032722063,0.106779471,0.088664181,0.071646636,0.000474335,0.000687113
*c1ccc(Oc2ccc(Oc3ccc(N4C(=O)c5ccc(-c6ccc7c(c6)C(=O)N(*)C7=O)cc5C4=O)cc3)c(-c3ccccc3)c2)cc1,1.202889399,29.48458657,63.28579628,2.34E-13,2611.661583,2584.167369,2.96E-10,3410676762,2.93E-10,3446533085,0.000179456,5.98E-05,1.184571168,2.955970878,0.062529514,1.664742839,0.316411554,1.01E-07,0.006763795,0.006131163,0.043014537,0.11943804,0.075643777,0.063322534,0.000438355,0.001659353
*c1ccc(Oc2cc(C(C)(C)C)ccc2Oc2ccc(N3C(=O)c4ccc(-c5ccc6c(c5)C(=O)N(*)C6=O)cc4C3=O)cc2)cc1,1.171705288,23.28850588,25.70934607,2.67E-13,2671.319956,2626.730949,3.43E-10,2993471481,3.37E-10,3041412209,0.000233038,7.77E-05,1.2104298,2.900396417,0.05875554,1.640106968,0.288457547,9.22E-08,0.011596818,1.66E-05,0.054527676,0.106285063,0.063247301,0.052466487,0.000268932,4.86E-05
*c1ccc(Oc2ccc(-c3ccc(Oc4ccc(N5C(=O)c6ccc(Oc7cccc(Oc8ccc9c(c8)C(=O)N(*)C9=O)c7)cc6C5=O)cc4)cc3)cc2)cc1,1.246201454,25.92347148,37.03632285,4.65E-13,2619.551254,2560.363871,2.65E-10,3830137979,2.58E-10,3911070831,0.000244451,8.15E-05,83.8540795,85.67347746,0.071038033,1.679105459,0.28734094,8.83E-08,0.007116767,-0.001574841,0.051280703,0.106732897,0.067308755,0.053643311,0.000423134,0.002410214
*c1ccc(Oc2ccc(C3(c4ccc(Oc5ccc(N6C(=O)c7ccc(Oc8ccc(C9(c%10ccc(Oc%11ccc%12c(c%11)C(=O)N(*)C%12=O)cc%10)CCC(c%10ccccc%10)CC9)cc8)cc7C6=O)cc5)cc4)CC4CC3C3CCCC43)cc2)cc1,1.128591153,22.13342552,22.77371335,2.21E-13,2836.34446,2787.874553,3.09E-10,3264565911,3.04E-10,3321434874,0.000231902,7.73E-05,70.67580857,72.33171539,0.066460261,1.629678061,0.22907507,7.16E-08,0.005175234,0.004942822,0.041569888,0.074373377,0.05814082,0.044365033,0.000307761,0.000200136
*C(=O)c1ccc2c(c1)C(=O)N(c1cc(C(c3ccc(O)c(N4C(=O)c5ccc(*)cc5C4=O)c3)(C(F)(F)F)C(F)(F)F)ccc1O)C2=O,1.335670182,22.17545031,26.01366104,3.07E-13,2266.243072,2241.986782,3.28E-10,3095790444,3.24E-10,3128210023,0.000174226,5.81E-05,1.496860465,2.859860777,0.055362993,1.537198092,0.189395669,6.26E-08,0.002414575,-0.000598829,0.039925808,0.070047868,0.042545887,0.033735389,0.000170215,0.001154758
*c1ccc(Oc2ccc(-c3ccc(Oc4ccc(N5C(=O)c6ccc(Oc7ccc(C8(c9ccc(Oc%10ccc%11c(c%10)C(=O)N(*)C%11=O)cc9)CCCCCCCCCCC8)cc7)cc6C5=O)cc4)cc3C)c(C)c2)cc1,1.09791089,25.91346709,31.50572616,1.91E-13,2928.554915,2900.168148,3.19E-10,3141913918,3.16E-10,3172889764,0.000179127,5.97E-05,111.0002338,112.5792928,0.055226442,1.605943452,0.271126559,8.43E-08,0.005997338,0.003601372,0.050398736,0.106102693,0.057027705,0.045303812,0.000252961,0.002441942
*c1ccc(Cc2ccc(N3C(=O)c4ccc(Oc5ccc(C6(c7ccc(Oc8ccc9c(c8)C(=O)N(*)C9=O)cc7)CCCCCCCCCCC6)cc5)cc4C3=O)cc2)cc1,1.105899582,19.80865113,18.43953707,1.91E-13,3081.083693,3041.197372,2.56E-10,3912583682,2.52E-10,3963890028,0.000193293,6.44E-05,24.23399688,25.77741002,0.07991723,1.594807145,0.234616466,7.32E-08,0.005776445,0.001734203,0.044891735,0.080471765,0.061670414,0.038961529,0.000214992,0.000895382
*c1ccc(Oc2ccc(Oc3ccc(N4C(=O)c5ccc(Oc6ccc(C7(c8ccc(Oc9ccc%10c(c9)C(=O)N(*)C%10=O)cc8)CCCCCCCCCCC7)cc6)cc5C4=O)cc3)c(C(C)(C)C)c2)cc1,1.080878734,21.10464722,20.46772954,3.15E-13,2990.884287,2942.887804,3.45E-10,2908357396,3.40E-10,2955095843,0.000242131,8.07E-05,44.89653225,46.42228249,0.054219698,1.589257058,0.253157391,7.84E-08,0.010343482,0.003253045,0.061746603,0.08126267,0.059457639,0.036614094,0.000353783,0.000126076
*c1ccc(Oc2ccc(C3(c4ccc(Oc5ccc(N6C(=O)c7ccc(Oc8ccc(C9(c%10ccc(Oc%11ccc%12c(c%11)C(=O)N(*)C%12=O)cc%10)CCCCCCCCCCC9)cc8)cc7C6=O)cc5)cc4)CCC(C(C)(C)C)CC3)cc2)cc1,1.073893097,21.40172477,25.37847638,3.18E-13,3033.981148,2982.789582,3.26E-10,3066771785,3.21E-10,3119484010,0.000243363,8.11E-05,79.58929468,81.12782398,0.097921339,1.593276086,0.254842041,7.82E-08,0.010920414,-0.000572151,0.042741154,0.092113881,0.06637464,0.042833154,0.000287315,0.000143634
*c1ccc(Oc2ccc(C3(c4ccc(Oc5ccc(N6C(=O)c7ccc(Oc8ccc(C9(c%10ccc(Oc%11ccc%12c(c%11)C(=O)N(*)C%12=O)cc%10)CCCCCCCCCCC9)cc8)cc7C6=O)cc5)cc4)C4CC5CC(C4)CC3C5)cc2)cc1,1.101806479,22.08529982,27.84565943,4.94E-13,3067.058116,2974.138923,3.44E-10,3055081794,3.32E-10,3137936473,0.000331708,0.000110569,36.49034456,38.04488594,0.071098403,1.598292828,0.2382015,7.06E-08,0.009133311,-0.013372785,0.051664949,0.086954254,0.068156531,0.034963841,0.000310785,0.000390615
*c1ccc2c(c1)C(=O)N(c1ccc(Oc3ccc4ccc(Oc5ccc(N6C(=O)c7ccc(C(*)(C(F)(F)F)C(F)(F)F)cc7C6=O)cc5)cc4c3)cc1)C2=O,1.283568007,23.55917576,33.48072599,2.50E-13,2372.49599,2347.215145,3.22E-10,3111273960,3.18E-10,3144692819,0.000184909,6.16E-05,24.12900535,25.79811201,0.069102234,1.633734471,0.182668971,5.97E-08,0.004477901,0.00085896,0.039753862,0.060062378,0.042779099,0.033996384,0.000269756,0.00047063
*c1ccc(Oc2ccc3ccc(Oc4ccc(-n5c(=O)c6cc7c(=O)n(*)c(=O)c7cc6c5=O)cc4)cc3c2)cc1,1.273386357,27.22299666,43.83214984,3.59E-13,2544.556787,2489.765766,2.86E-10,3704630531,2.79E-10,3772448771,0.000250193,8.34E-05,1.218903018,3.132747188,0.050435593,1.70698746,0.289863471,8.78E-08,0.003656552,0.000466355,0.050098991,0.107264907,0.07763886,0.04929183,0.000462217,0.000983758
*c1cccc(P(=O)(c2cccc(-n3c(=O)c4c(-c5cc(C(F)(F)F)cc(C(F)(F)F)c5)c5c(=O)n(*)c(=O)c5c(-c5cc(C(F)(F)F)cc(C(F)(F)F)c5)c4c3=O)c2)c2cc(C(F)(F)F)cc(C(F)(F)F)c2)c1,1.312247717,20.61103805,23.42261021,8.28E-13,2139.942326,2093.106469,6.30E-10,1809424333,6.13E-10,1843055732,0.000346768,0.000115589,1.169418321,2.329893615,0.059532926,1.469822461,0.122779381,4.38E-08,0.001674783,0.001329545,0.024573776,0.043687622,0.03055287,0.02001945,0.000107598,0.000833737
*c1cccc(P(=O)(c2ccc(C(F)(F)F)cc2)c2cccc(-n3c(=O)c4c(-c5cc(C(F)(F)F)cc(C(F)(F)F)c5)c5c(=O)n(*)c(=O)c5c(-c5cc(C(F)(F)F)cc(C(F)(F)F)c5)c4c3=O)c2)c1,1.290758894,20.03886686,20.72411748,9.89E-13,2333.079949,2153.649162,7.57E-10,1369918272,7.01E-10,1464742698,0.000696061,0.00023202,1.171238271,2.385920731,0.064647369,1.488177353,0.130279594,4.41E-08,0.001838181,0.002228307,0.025070218,0.046843784,0.032863983,0.020687765,0.00012452,0.000622836
*c1cccc(P(=O)(c2ccccc2)c2cccc(-n3c(=O)c4c(-c5cc(C(F)(F)F)cc(C(F)(F)F)c5)c5c(=O)n(*)c(=O)c5c(-c5cc(C(F)(F)F)cc(C(F)(F)F)c5)c4c3=O)c2)c1,1.256448494,18.99893367,17.76773444,4.33E-13,2139.029044,2095.500907,6.82E-10,1738385505,6.65E-10,1767257705,0.000350245,0.000116748,1.183433229,2.442371797,0.071227497,1.502961183,0.131716821,4.90E-08,0.002058059,0.000515823,0.025814553,0.049091876,0.032214197,0.021383036,0.000132373,0.000506903
*c1cccc(P(=O)(c2cccc(-n3c(=O)c4c(-c5ccc(C(F)(F)F)cc5)c5c(=O)n(*)c(=O)c5c(-c5ccc(C(F)(F)F)cc5)c4c3=O)c2)c2cc(C(F)(F)F)cc(C(F)(F)F)c2)c1,1.275974405,19.76254407,20.5204732,2.75E-13,2166.541319,2141.817452,4.83E-10,2101367028,4.77E-10,2126267890,0.000220276,7.34E-05,1.193614318,2.462254651,0.079048002,1.506190663,0.141923307,5.13E-08,0.00161179,0.001579052,0.027948683,0.049481246,0.037210631,0.023744705,0.000107998,0.000239201
*c1cccc(P(=O)(c2ccc(C(F)(F)F)cc2)c2cccc(-n3c(=O)c4c(-c5ccc(C(F)(F)F)cc5)c5c(=O)n(*)c(=O)c5c(-c5ccc(C(F)(F)F)cc5)c4c3=O)c2)c1,1.240680333,20.57425608,21.73954748,4.32E-13,2242.749545,2203.446296,4.89E-10,2088569870,4.80E-10,2124272597,0.000277203,9.24E-05,1.184719034,2.526225766,0.073108107,1.530174552,0.149548685,5.38E-08,0.003414183,0.003930138,0.02959279,0.046688142,0.034190903,0.031285879,0.000221991,0.000224659
*c1cccc(P(=O)(c2ccccc2)c2cccc(-n3c(=O)c4c(-c5ccc(C(F)(F)F)cc5)c5c(=O)n(*)c(=O)c5c(-c5ccc(C(F)(F)F)cc5)c4c3=O)c2)c1,1.211199174,19.22980421,18.13429835,4.44E-13,2358.335162,2307.506898,5.63E-10,1803184797,5.50E-10,1840813973,0.000331997,0.000110666,1.210166772,2.631267992,0.072649084,1.555963382,0.150823834,5.28E-08,0.002927327,0.00310953,0.030123422,0.051183673,0.033844947,0.0286749,0.000183375,0.000776661
*c1cccc(P(=O)(c2cccc(-n3c(=O)c4c(-c5ccccc5)c5c(=O)n(*)c(=O)c5c(-c5ccccc5)c4c3=O)c2)c2cc(C(F)(F)F)cc(C(F)(F)F)c2)c1,1.217051099,19.45942913,15.91763004,7.32E-13,2468.141181,2341.93478,7.46E-10,1581057092,7.02E-10,1645559751,0.000583339,0.000194446,1.184212618,2.577271113,0.068132496,1.546950394,0.14675416,4.91E-08,0.002636472,0.002303186,0.02714014,0.054868043,0.034394923,0.02528634,0.000173144,-4.81E-05
*c1cccc(P(=O)(c2ccc(C(F)(F)F)cc2)c2cccc(-n3c(=O)c4c(-c5ccccc5)c5c(=O)n(*)c(=O)c5c(-c5ccccc5)c4c3=O)c2)c1,1.191105752,19.74034251,21.34044724,4.67E-14,2442.247058,2411.339027,4.10E-10,2471674548,4.05E-10,2503080949,0.000223629,7.45E-05,1.177815695,2.702672336,0.053746374,1.588965774,0.168077953,5.78E-08,0.007476798,0.005165886,0.036836919,0.053677008,0.034173896,0.030453612,0.000140583,0.00015325
*c1cccc(P(=O)(c2ccccc2)c2cccc(-n3c(=O)c4c(-c5ccccc5)c5c(=O)n(*)c(=O)c5c(-c5ccccc5)c4c3=O)c2)c1,1.146744103,19.78178482,20.353866,4.25E-13,2570.263343,2536.245731,4.85E-10,2117925652,4.79E-10,2147816850,0.000224542,7.48E-05,1.226815413,2.835148128,0.070826323,1.615012361,0.177458779,6.02E-08,0.000904816,0.00350651,0.031515688,0.06857713,0.037430648,0.035423235,0.000274544,-0.000173792
*c1ccc(Oc2ccc(N3C(=O)c4cccc(Oc5cccc6c5C(=O)N(*)C6=O)c4C3=O)cc2)cc1,1.284526309,21.13399487,21.42317282,1.40E-13,2431.495534,2403.115796,2.45E-10,4082679676,2.42E-10,4130953267,0.00017001,5.67E-05,1.318487688,3.015331255,0.049754796,1.642205829,0.222053496,7.11E-08,0.008761101,0.002226361,0.046014031,0.064951719,0.052768711,0.04634273,0.000263136,0.000725707
*c1ccc(Oc2ccc(N3C(=O)c4ccc(Oc5cccc6c5C(=O)N(*)C6=O)cc4C3=O)cc2)cc1,1.273119351,25.99963325,41.49427991,4.12E-13,2463.548049,2440.361787,3.11E-10,3363007983,3.08E-10,3395201270,0.00015979,5.33E-05,1.305810543,3.098361306,0.03956196,1.67109046,0.249143763,7.95E-08,0.00509997,0.001263962,0.049750097,0.081814592,0.059929105,0.048880478,0.000366876,0.002038683
*c1ccc(Oc2ccc(Oc3ccc(N4C(=O)c5cccc(Oc6cccc7c6C(=O)N(*)C7=O)c5C4=O)cc3)cc2)cc1,1.265742575,22.30349945,28.30984358,1.42E-13,2484.998677,2453.787577,2.43E-10,4128233694,2.40E-10,4180240163,0.000178216,5.94E-05,1.245470486,2.973581688,0.057780547,1.651695724,0.228924168,7.29E-08,0.005108925,0.000880934,0.04596252,0.077910948,0.053216663,0.043474656,0.000271805,0.002097718
*c1ccc(Oc2ccc(Oc3ccc(N4C(=O)c5ccc(Oc6cccc7c6C(=O)N(*)C7=O)cc5C4=O)cc3)cc2)cc1,1.258077327,24.61808327,34.08889826,2.46E-13,2531.162904,2494.184109,2.74E-10,3703537783,2.70E-10,3756406204,0.000201633,6.72E-05,2.640491131,4.442006429,0.072852735,1.673771123,0.255200829,7.98E-08,0.006587952,0.00345576,0.049751128,0.08951393,0.055964818,0.048404462,0.000283673,0.001239106
*c1ccc(Oc2ccc(N3C(=O)C4CCC5C(=O)N(*)C(=O)C5C4C3=O)cc2)cc1,1.224206455,28.17532553,49.88551763,1.30E-13,2640.384775,2613.662189,2.36E-10,4327080353,2.34E-10,4372891749,0.000153353,5.11E-05,1.294978746,2.752208022,0.057938627,1.567547593,0.263432532,8.15E-08,0.001971688,0.002250969,0.045884386,0.094311228,0.088953717,0.028962224,0.000202736,0.000895583
*c1ccc(Cc2ccc(N3C(=O)C4CCC5C(=O)N(*)C(=O)C5C4C3=O)c(C)c2)cc1C,1.113927188,24.39262553,33.17820405,1.32E-13,2794.599042,2756.952766,2.93E-10,3435628955,2.89E-10,3483422453,0.000199944,6.66E-05,1.240429789,2.563415792,0.066184473,1.524126315,0.238258763,7.66E-08,0.010468583,-0.00464055,0.050427955,0.083943536,0.070278346,0.02589373,9.25E-05,0.001794662
*c1ccc(Oc2ccc(Oc3ccc(N4C(=O)C5CCC6C(=O)N(*)C(=O)C6C5C4=O)cc3)cc2)cc1,1.213193563,28.01179501,48.16157196,1.79E-13,2628.376972,2608.62676,2.46E-10,4098820244,2.44E-10,4130425443,0.000135608,4.52E-05,1.24643777,2.751004196,0.069005841,1.582577861,0.274145489,8.59E-08,0.009710708,-0.00061971,0.047155944,0.102237818,0.082470753,0.031786912,0.000231328,0.001171736
*c1ccc(Oc2ccc(C(C)(C)c3ccc(Oc4ccc(N5C(=O)C6CCC7C(=O)N(*)C(=O)C7C6C5=O)cc4)cc3)cc2)cc1,1.163593926,23.42766248,34.83534833,3.32E-13,2799.643418,2774.857196,2.57E-10,3916250080,2.55E-10,3951822978,0.000155098,5.17E-05,1.218375263,2.740222114,0.077175352,1.588031268,0.252650625,7.75E-08,0.009908678,0.000293906,0.051761035,0.082814149,0.071655777,0.034588609,0.000403653,0.001224818
*C(=O)c1ccc2c(c1)C(=O)N(c1c(C)cc(Cc3cc(C)c(N4C(=O)c5ccc(*)cc5C4=O)c(C)c3)cc1C)C2=O,1.094593488,25.41774128,37.88709817,2.57E-13,2751.901939,2714.541162,3.56E-10,2854266360,3.51E-10,2891718433,0.000217766,7.26E-05,1.222452852,2.69871304,0.063557975,1.573605022,0.220094916,7.31E-08,0.009893048,-0.004292082,0.045342723,0.078908982,0.049168119,0.04023457,0.000244332,0.000595223
*C(=O)c1ccc2c(c1)C(=O)N(c1c(CC)cc(Cc3cc(CC)c(N4C(=O)c5ccc(*)cc5C4=O)c(CC)c3)cc1CC)C2=O,1.063182588,23.80459701,29.66254041,2.69E-13,2963.374514,2899.015012,4.16E-10,2449912881,4.07E-10,2504443612,0.00029944,9.98E-05,1.198507387,2.609863079,0.081127729,1.552844591,0.222803856,7.08E-08,0.007285369,0.003554103,0.040198574,0.082350231,0.054312637,0.034167169,0.000185588,0.000750185
*C(=O)c1ccc2c(c1)C(=O)N(c1c(C(C)C)cc(Cc3cc(C(C)C)c(N4C(=O)c5ccc(*)cc5C4=O)c(C(C)C)c3)cc1C(C)C)C2=O,1.001467547,22.08942475,26.29135789,1.43E-13,2979.446156,2934.233159,4.20E-10,2409312474,4.13E-10,2446916434,0.000249072,8.30E-05,1.190975201,2.493035064,0.068043582,1.517245614,0.204282612,6.85E-08,0.010021842,-0.001763051,0.044429944,0.071241999,0.053058022,0.026114209,0.000140802,0.001038844
*c1ccc(Oc2ccc(Oc3ccc(N4C(=O)c5ccc(Oc6ccccc6Oc6ccc7c(c6)C(=O)N(*)C7=O)cc5C4=O)cc3C(F)(F)F)cc2)c(C(F)(F)F)c1,1.333812448,23.36798061,31.02992549,4.54E-13,2421.79835,2363.75117,3.44E-10,2983771659,3.35E-10,3048779522,0.000279962,9.33E-05,3.92913633,5.443940274,0.063577285,1.5858111,0.203445263,6.32E-08,0.003840276,0.004343096,0.038298575,0.070216937,0.048257562,0.037738608,0.000258732,0.000491476
*c1ccc(Oc2ccccc2Oc2ccc(N3C(=O)c4ccc(Oc5ccccc5Oc5ccc6c(c5)C(=O)N(*)C6=O)cc4C3=O)cc2C(F)(F)F)c(C(F)(F)F)c1,1.319418273,19.66167795,20.87166699,3.87E-13,2366.36414,2323.815846,3.17E-10,3204198354,3.11E-10,3258762290,0.000237516,7.92E-05,1.873321222,3.342622504,0.056424013,1.571383916,0.175622309,5.63E-08,0.006088209,0.003710736,0.042917992,0.05281205,0.038141663,0.03067748,0.000246307,0.001027873
*c1ccc(Oc2c(C)cc(-c3cc(C)c(Oc4ccc(N5C(=O)c6ccc(Oc7ccccc7Oc7ccc8c(c7)C(=O)N(*)C8=O)cc6C5=O)cc4C(F)(F)F)c(C)c3)cc2C)c(C(F)(F)F)c1,1.230109509,24.05085365,27.88853749,1.54E-13,2498.262224,2461.916626,3.39E-10,2954433157,3.34E-10,2998064750,0.000221401,7.38E-05,26.03840862,27.51467038,0.085003217,1.573605514,0.215085171,7.00E-08,0.006042029,-7.98E-06,0.038659585,0.078290286,0.050797983,0.039919649,0.00022595,0.001157669
*c1ccc(Oc2ccc(C(c3ccc(Oc4ccc(N5C(=O)c6ccc(Oc7ccccc7Oc7ccc8c(c7)C(=O)N(*)C8=O)cc6C5=O)cc4C(F)(F)F)cc3)(C(F)(F)F)C(F)(F)F)cc2)c(C(F)(F)F)c1,1.347929123,21.61668503,24.27507271,7.99E-14,2232.718375,2196.662772,3.10E-10,3267062746,3.05E-10,3319439208,0.000223015,7.43E-05,22.21846769,23.63338535,0.056923472,1.553987575,0.172393313,5.73E-08,0.003823196,-0.001437186,0.032887142,0.065765927,0.038742104,0.031732675,0.000244906,0.000634549
*c1ccc(Oc2ccc(C3(c4ccc(Oc5ccc(N6C(=O)c7ccc(Oc8ccccc8Oc8ccc9c(c8)C(=O)N(*)C9=O)cc7C6=O)cc5C(F)(F)F)cc4)c4ccccc4-c4ccccc43)cc2)c(C(F)(F)F)c1,1.25213482,21.69502851,26.39268286,3.31E-13,2515.649732,2474.871672,3.88E-10,2600310576,3.81E-10,2641911950,0.000252364,8.41E-05,18.83884579,20.39163591,0.070977096,1.597740548,0.188157219,5.98E-08,0.006950109,0.00253145,0.036793745,0.05935186,0.04362504,0.03810119,0.000268385,0.000535441
*c1ccc(N2C(=O)c3ccc(Oc4ccc(C(C)(C)c5cccc(Oc6ccc7c(c6)C(=O)N(*)C7=O)c5)cc4)cc3C2=O)cc1,1.211368453,23.8110985,34.13533041,4.42E-13,2701.671245,2656.853239,2.57E-10,3939099842,2.53E-10,4005399237,0.000212502,7.08E-05,2.291257893,3.927924204,0.069409839,1.623778843,0.254037201,7.76E-08,0.010619242,-0.000136627,0.053012873,0.080445224,0.058535706,0.049307611,0.000408343,0.001844829
*CCCCCCCCCCN1C(=O)C2C3C=CC(C4C(=O)N(*)C(=O)C34)C2C1=O,1.115283233,20.44394649,26.38688141,5.82E-13,3270.697238,3194.685759,2.51E-10,4004408771,2.45E-10,4100079653,0.00026519,8.84E-05,1.306333066,2.522587085,0.058718804,1.488706923,0.255867446,7.02E-08,0.009891758,0.007869177,0.058219532,0.08503709,0.08506936,0.009115102,0,0.000665426
*C1CCC(CC2CCC(N3C(=O)C4C5C=CC(C6C(=O)N(*)C(=O)C56)C4C3=O)CC2)CC1,1.096899673,22.94222947,33.26750556,2.95E-13,3143.716938,3093.212468,2.53E-10,3973236260,2.49E-10,4037321223,0.000212174,7.07E-05,1.286099456,2.485743459,0.05502003,1.483116482,0.232731371,6.75E-08,0.009189252,0.005396416,0.060802863,0.070690162,0.079367477,0.006480555,0,0.000804647
*C1CCC(CC2CCC(N3C(=O)C4C5C=CC(C6C(=O)N(*)C(=O)C56)C4C3=O)C(C)C2)CC1C,1.058498105,25.21563438,41.51017084,9.85E-14,3200.725819,3161.242002,2.84E-10,3547981862,2.80E-10,3592405103,0.000196488,6.55E-05,1.228125678,2.38068316,0.058052474,1.467147913,0.2249129,6.64E-08,0.008473521,0.00032662,0.055279941,0.072204831,0.082879542,0.004884081,0,0.000864364
*c1cc(C(c2ccc(O)c(N3C(=O)c4ccc(Oc5ccc6c(c5)C(=O)N(*)C6=O)cc4C3=O)c2)(C(F)(F)F)C(F)(F)F)ccc1O,1.344261415,20.84487443,21.20588941,1.40E-13,2239.643136,2219.374989,2.95E-10,3442364161,2.92E-10,3472526351,0.000161762,5.39E-05,1.496524778,2.913631764,0.056507759,1.554693124,0.190410767,6.33E-08,0.004514318,-0.00193723,0.042239571,0.065553569,0.044495457,0.03363064,0.000185084,0.00172936
*c1ccc(C(C)(C)c2ccc(C(C)(C)c3ccc(N4C(=O)c5ccc(Oc6ccc7c(c6)C(=O)N(*)C7=O)cc5C4=O)cc3)cc2)cc1,1.117686372,21.40479616,23.07435155,2.73E-13,2799.617028,2766.806044,3.04E-10,3343017521,3.01E-10,3382371802,0.000189675,6.32E-05,2.899305073,4.490990372,0.065932875,1.60985945,0.25056238,8.01E-08,0.012142278,0.002626454,0.046949994,0.077110487,0.066848821,0.044585323,0.000387266,-8.82E-05
*c1ccc(Sc2ccc(Sc3ccc(Sc4ccc(-n5c(=O)c6cc7c(=O)n(*)c(=O)c7cc6c5=O)cc4)cc3)cc2)cc1,1.289064116,24.56371182,34.70168553,2.84E-13,2263.381624,2241.961988,2.48E-10,4032551616,2.46E-10,4071184937,0.000148758,4.96E-05,1.247353023,3.271740602,0.075759895,1.739074935,0.209987039,7.20E-08,0.009036206,9.13E-05,0.046028643,0.062237215,0.049944995,0.042029247,0.000126663,0.000492754
*c1ccc(Sc2ccc3c(c2)Sc2ccc(Sc4ccc(-n5c(=O)c6cc7c(=O)n(*)c(=O)c7cc6c5=O)cc4)cc2S3)cc1,1.305780731,25.46175106,37.54810646,9.76E-14,2170.330363,2149.750242,2.41E-10,4164416099,2.38E-10,4204301955,0.000144698,4.82E-05,1.175251452,3.188905002,0.056099997,1.735982656,0.199953659,7.05E-08,0.006423289,0.001820971,0.038062644,0.066202854,0.045470697,0.040566461,0.000295311,0.001111432
*C(=O)Oc1ccc(OC(=O)c2ccc3c(c2)C(=O)N(C2CCC(N4C(=O)c5ccc(*)cc5C4=O)CC2)C3=O)cc1,1.262452899,33.45927186,66.13122434,1.88E-13,2570.132543,2521.038549,2.64E-10,3856528350,2.58E-10,3927596285,0.000219627,7.32E-05,1.370807319,2.96123373,0.07757853,1.609475759,0.321091285,9.90E-08,0.009423682,0.001793096,0.058881255,0.12675633,0.082271439,0.040586403,0.000275707,0.001103373
*C(=O)Oc1ccc(OC(=O)c2ccc3c(c2)C(=O)N(c2ccc(-c4ccc(N5C(=O)c6ccc(*)cc6C5=O)cc4C(F)(F)F)c(C(F)(F)F)c2)C3=O)cc1,1.335659721,36.16788839,79.8442708,1.49E-13,2263.762921,2231.428008,3.15E-10,3242954426,3.11E-10,3288542307,0.000212658,7.09E-05,4.505287382,6.081604363,0.092462512,1.605084458,0.282111699,9.33E-08,0.003264618,0.001067452,0.039303785,0.122654465,0.068472245,0.04663008,0.000377951,0.000341102
*c1ccc(C(=O)Oc2ccc(-n3c(=O)c4cc5c(=O)n(*)c(=O)c5cc4c3=O)cc2)cc1,1.318962202,48.78662684,194.4594007,7.55E-14,2320.367619,2291.193039,1.94E-10,5141644344,1.92E-10,5207097551,0.000157768,5.26E-05,1.411677959,3.20720113,0.072514669,1.671981809,0.402981581,1.32E-07,0.002337338,0.006611965,0.045053649,0.179046856,0.103699574,0.061515525,0.00043062,0.004286054
*c1ccc(C(=O)Oc2ccc(N3C(=O)c4ccc(-c5ccc6c(c5)C(=O)N(*)C6=O)cc4C3=O)cc2)cc1,1.281208701,38.57425491,97.74439298,2.05E-13,2493.22138,2467.424264,2.41E-10,4156120937,2.38E-10,4199647221,0.00016142,5.38E-05,1.347557896,3.254212449,0.079373269,1.704879796,0.370940579,1.17E-07,0.010634069,0.007735363,0.063781751,0.139279674,0.079049973,0.069289772,0.000537598,0.000632379
*C(=O)Oc1ccc(OC(=O)c2ccc3c(c2)C(=O)N(c2ccc(C(=O)Oc4ccc(N5C(=O)c6ccc(*)cc6C5=O)cc4)cc2)C3=O)cc1,1.303485145,33.73793364,70.65400768,3.74E-13,2382.682048,2369.004476,2.73E-10,3701781804,2.72E-10,3723641127,0.000126063,4.20E-05,9.306702555,11.14809982,0.099093686,1.685644467,0.322281096,1.04E-07,0.005197679,0.006343858,0.057100657,0.139897225,0.061226087,0.052580976,0.000222367,-0.000287753
*c1ccc(C(=O)Nc2ccc(-n3c(=O)c4cc5c(=O)n(*)c(=O)c5cc4c3=O)cc2)cc1,1.312416633,63.577527,352.8792986,1.76E-13,2401.774218,2382.750492,2.10E-10,4803161358,2.08E-10,4840607536,0.000129295,4.31E-05,1.50936565,3.407329525,0.064867627,1.70232354,0.501051728,1.59E-07,0.00895981,-9.38E-05,0.075864016,0.201376108,0.122110183,0.087362588,0.001895106,0.003577738
*C(=O)Oc1ccc(OC(=O)c2ccc3c(c2)C(=O)N(c2ccc(C(=O)Nc4ccc(N5C(=O)c6ccc(*)cc6C5=O)cc4)cc2)C3=O)cc1,1.306231148,36.489016,80.4831129,5.34E-13,2490.339732,2439.452676,2.45E-10,4096662014,2.40E-10,4181470542,0.000232549,7.75E-05,20.94194222,22.8676006,0.070875158,1.710452966,0.32622674,1.00E-07,0.015397009,-0.011846697,0.062763783,0.097334554,0.099859744,0.059847229,0.001023662,0.001847456
*c1cc(C(c2ccc(O)c(N3C(=O)c4ccc(-c5ccc6c(c5)C(=O)N(*)C6=O)cc4C3=O)c2)(C(F)(F)F)C(F)(F)F)ccc1O,1.2976353,23.1492373,29.01986514,2.02E-13,2240.546804,2218.747146,3.34E-10,3024695095,3.31E-10,3054669088,0.000175134,5.84E-05,1.39353206,2.807060607,0.05081966,1.553545491,0.203289189,7.00E-08,0.006889344,-0.001641579,0.042799544,0.063834367,0.049758918,0.040205031,0.000274515,0.001169049
*c1ccc2c(c1)C(=O)N(c1ccc(-c3ccc(Oc4ccc5c(c4)C(C)(c4ccc(Oc6ccc(-c7ccc(N8C(=O)c9ccc(C(*)(C(F)(F)F)C(F)(F)F)cc9C8=O)cc7)cc6C(F)(F)F)cc4)CC5(C)C)c(C(F)(F)F)c3)cc1)C2=O,1.229265414,22.79048612,29.58679196,1.93E-13,2406.587466,2378.042066,3.68E-10,2741832122,3.64E-10,2775355632,0.000204254,6.81E-05,49.1047547,50.63723246,0.076016661,1.591363698,0.18898492,6.37E-08,0.007746252,-0.002014767,0.038543611,0.062663099,0.0504881,0.031346136,0.000291203,-7.87E-05
*c1ccc(-c2ccc(Oc3ccc(C4(C)CC(C)(C)c5ccc(Oc6ccc(-c7ccc(N8C(=O)c9ccc(Oc%10ccc%11c(c%10)C(=O)N(*)C%11=O)cc9C8=O)cc7)cc6C(F)(F)F)cc54)cc3)c(C(F)(F)F)c2)cc1,1.205587594,24.75478676,34.29693228,2.13E-13,2577.764715,2541.72031,3.41E-10,2982305645,3.37E-10,3024796405,0.000219709,7.32E-05,40.8924849,42.46612369,0.070636383,1.604242377,0.236371549,7.61E-08,0.005908457,-0.002353107,0.039817589,0.080721743,0.063512729,0.047088866,0.00033147,0.001343802
*c1cccc(N2C(=O)c3ccc(-c4cccc5c4C(=O)N(*)C5=O)cc3C2=O)c1,1.240217083,20.91558197,23.64275976,8.01E-14,2427.91753,2407.283336,2.79E-10,3590743044,2.77E-10,3621804757,0.000150897,5.03E-05,1.296746495,3.043588111,0.059243225,1.657355959,0.220725294,7.33E-08,0.004540509,0.002002699,0.042487587,0.073794491,0.047054718,0.048365685,0.000320251,0.002159354
*c1ccc(-c2ccc(N3C(=O)c4ccc(-c5cccc6c5C(=O)N(*)C6=O)cc4C3=O)c(C)c2)cc1C,1.114037498,23.85335488,30.34356657,4.80E-13,2709.712851,2677.991266,4.03E-10,2522368095,3.98E-10,2552842354,0.000211711,7.06E-05,1.216367874,2.847212007,0.060352391,1.621975649,0.252551567,8.37E-08,0.004371142,0.001290588,0.039283609,0.095132082,0.058191848,0.053127612,0.000291472,0.000863214
*c1ccc(-c2ccc(N3C(=O)c4ccc(-c5cccc6c5C(=O)N(*)C6=O)cc4C3=O)cc2C)c(C)c1,1.114377047,24.03607779,33.56104204,3.78E-13,2702.849266,2667.761917,4.18E-10,2461232300,4.13E-10,2494528548,0.000219589,7.32E-05,1.221962211,2.818651824,0.044437864,1.611415779,0.246966336,8.22E-08,0.007193609,-0.002135652,0.0453126,0.094385584,0.053084532,0.048041347,0.000320136,0.000764181
*c1ccc(-c2ccc(N3C(=O)c4ccc(-c5cccc6c5C(=O)N(*)C6=O)cc4C3=O)cc2C(F)(F)F)c(C(F)(F)F)c1,1.241363139,23.78853521,31.19363586,3.24E-13,2240.010638,2213.488445,4.71E-10,2169034808,4.65E-10,2194950277,0.000212196,7.07E-05,1.28435134,2.671083625,0.050674557,1.544879425,0.181127226,6.51E-08,0.00375902,0.001676956,0.032589372,0.068178717,0.041159425,0.03267413,0.000277997,0.000811608
*c1ccc(Oc2cccc(N3C(=O)c4ccc(-c5cccc6c5C(=O)N(*)C6=O)cc4C3=O)c2)cc1,1.238208298,21.83562994,28.70357213,2.64E-13,2503.270178,2468.282148,3.08E-10,3369772087,3.04E-10,3415608791,0.000209091,6.97E-05,1.274478388,3.025147319,0.068953708,1.658498912,0.21550438,6.95E-08,0.006317503,-0.001054405,0.042042184,0.067337969,0.048651272,0.049918611,0.00027562,0.002015626
*c1ccc(Oc2ccc(Oc3ccc(N4C(=O)c5ccc(-c6cccc7c6C(=O)N(*)C7=O)cc5C4=O)cc3)cc2)cc1,1.224657804,24.2410336,31.18640183,3.33E-13,2537.144232,2508.15157,2.74E-10,3649787294,2.71E-10,3692219521,0.000177863,5.93E-05,1.223177028,3.034668356,0.051545646,1.67674141,0.253562737,8.16E-08,0.007573813,0.002846935,0.049042608,0.083637277,0.055408048,0.052899763,0.000382993,0.0017713
*c1ccc(Oc2cccc(Oc3ccc(N4C(=O)c5ccc(-c6cccc7c6C(=O)N(*)C7=O)cc5C4=O)cc3)c2)cc1,1.238084525,22.13429822,28.13610855,1.17E-13,2496.393318,2465.610691,2.58E-10,3929587190,2.55E-10,3977829613,0.000180266,6.01E-05,1.243741384,3.082056889,0.057732116,1.684719723,0.215328534,6.96E-08,0.008347216,-0.0032043,0.043058535,0.0719895,0.050949752,0.042414299,0.000344741,0.00142879
*c1cccc(Oc2cccc(Oc3cccc(N4C(=O)c5ccc(-c6cccc7c6C(=O)N(*)C7=O)cc5C4=O)c3)c2)c1,1.245112428,20.36775118,22.81393545,7.48E-13,2717.881925,2564.730468,3.90E-10,2906095338,3.59E-10,3011729557,0.000447056,0.000149019,1.263086093,3.043263916,0.050078966,1.667374957,0.194879024,5.80E-08,0.006621735,-0.001607807,0.045980207,0.057767772,0.04484457,0.04037752,0.000393205,0.000501824
*c1ccc(-c2ccc(N3C(=O)c4cc5c(cc4C3=O)C(C(F)(F)F)(C(F)(F)F)c3cc4c(cc3O5)C(=O)N(*)C4=O)cc2C(F)(F)F)c(C(F)(F)F)c1,1.258323544,61.41552649,317.0680446,3.45E-13,2027.118073,2015.706766,5.07E-10,2041672289,5.04E-10,2054115501,0.000147124,4.90E-05,1.196413862,2.354602699,0.080495302,1.468938993,0.334859311,1.31E-07,0.00354536,0.000195379,0.035849254,0.165352964,0.079748082,0.049107242,0.000309154,0.000751875
*c1ccc(-c2ccc(N3C(=O)c4cc5c(cc4C3=O)C(C(F)(F)F)(C(F)(F)F)c3cc4c(cc3O5)C(=O)N(*)C4=O)cc2OC(F)(F)F)c(OC(F)(F)F)c1,1.308167258,59.05774233,306.4910008,2.63E-13,2042.259218,2030.505111,5.02E-10,2031415448,5.00E-10,2043983538,0.000142101,4.74E-05,1.189759648,2.386687637,0.069587443,1.482142766,0.314708286,1.18E-07,0.007823564,-0.005681894,0.040580201,0.141703343,0.079495182,0.049416879,0.000386708,0.000984304
*C(=O)Nc1ccc(C2(c3ccc(NC(=O)c4ccc5c(c4)C(=O)N(c4ccc(Sc6ccc(Oc7ccc(Sc8ccc(N9C(=O)c%10ccc(*)cc%10C9=O)cc8)cc7)cc6)cc4)C5=O)cc3)c3ccccc3-c3ccccc32)cc1,1.211912125,23.76085133,28.87351936,3.58E-13,2574.39182,2547.307801,2.86E-10,3520056960,2.83E-10,3556658616,0.000173616,5.79E-05,48.06831737,49.99758104,0.069324334,1.711504088,0.233545227,7.48E-08,0.008648319,-0.003586211,0.045071832,0.074536743,0.060198472,0.04654981,0.00085504,0.001271222
*c1ccc(Sc2ccc(Oc3ccc(Sc4ccc(N5C(=O)c6ccc(Oc7ccc(C(C)(C)c8ccc(Oc9ccc%10c(c9)C(=O)N(*)C%10=O)cc8)cc7)cc6C5=O)cc4)cc3)cc2)cc1,1.217456722,24.1848397,36.01249722,2.76E-13,2578.50348,2536.982834,2.68E-10,3745708675,2.64E-10,3807184308,0.000211132,7.04E-05,76.89904033,78.75012309,0.065058033,1.688510642,0.219421614,6.99E-08,0.009866169,6.36E-05,0.049973454,0.06626249,0.050891914,0.040225909,0.000199464,0.001938636
*c1ccc2c(c1)C(=O)N(c1ccc(Sc3ccc(Oc4ccc(Sc5ccc(N6C(=O)c7ccc(C(*)(C(F)(F)F)C(F)(F)F)cc7C6=O)cc5)cc4)cc3)cc1)C2=O,1.295180711,22.78928372,28.80812611,4.50E-13,2284.910883,2269.623854,3.51E-10,2862287819,3.49E-10,2881798198,0.000150745,5.02E-05,22.86129893,24.55455948,0.052120954,1.641109755,0.17007229,5.75E-08,0.006334617,-0.001189875,0.040355481,0.047960322,0.042451988,0.032685889,0.000342847,0.001131022
*OC(C)COC(*)=O,1.202638184,19.74496917,18.53001107,3.44E-13,2845.422276,2764.191724,2.82E-10,3566112628,2.74E-10,3669643507,0.000302168,0.000100723,1.296255129,2.403188141,0.034776674,1.451527588,0.216197061,6.32E-08,0.014228051,-0.012354694,0.067215711,0.068209433,0.064837565,0.012773568,0,0.001287427
*Oc1ccc2c(c1)C1(CC2(C)C)CC(C)(C)c2ccc(OC(*)=O)cc21,1.054952503,16.11285678,11.98434229,3.82E-13,3121.585664,3072.504039,4.18E-10,2501806380,4.11E-10,2541153248,0.000263193,8.77E-05,1.279358578,2.597724744,0.05769127,1.522609206,0.198892107,6.04E-08,0.00641157,-0.001743598,0.046633993,0.068728312,0.05796163,0.019695743,0.00021365,0.000990807
*Oc1ccc(C(C)(C)c2ccc(OC(*)=O)c(CC)c2)cc1CC,1.042006546,19.14999144,20.50602666,3.57E-13,3183.044905,3102.726994,3.60E-10,2799379350,3.51E-10,2872780843,0.0003133,0.000104433,1.191679465,2.492589629,0.041923391,1.516873344,0.235507852,7.11E-08,0.011055405,-0.00097516,0.056540713,0.081421363,0.060684576,0.025466293,0.000203462,0.001111198
*Oc1ccc(C(C)(CCC#N)c2ccc(OC(*)=O)cc2)cc1,1.128123384,20.80839425,23.13053389,2.93E-13,2858.344814,2815.199286,2.71E-10,3704332399,2.67E-10,3760414840,0.000206261,6.88E-05,1.632520265,3.045718614,0.039043369,1.553442611,0.239792442,7.46E-08,0.010065894,-0.002204002,0.058990618,0.078313762,0.060316126,0.03325307,0.000402117,0.000654857
*Oc1ccc(C(C)(CCC#N)c2ccc(OC(*)=O)c(C)c2)cc1C,1.073618602,20.46291604,28.96120245,2.85E-13,3046.975242,2931.863788,3.43E-10,3053646510,3.29E-10,3159033043,0.000369022,0.000123007,1.657741485,2.986414987,0.039493516,1.525995109,0.219626724,6.73E-08,0.007827904,0.003529058,0.054403063,0.071066104,0.054069078,0.028166046,0.000182363,0.000383108
*Oc1ccc(C(CCC)(CCC)c2ccc(OC(*)=O)c(C)c2)cc1C,0.972761341,18.28808431,18.81987072,3.59E-13,3262.846074,3201.04092,5.09E-10,2048543384,4.99E-10,2086540178,0.000307114,0.000102371,1.18208089,2.391570294,0.044852135,1.48643052,0.239908747,7.56E-08,0.01191548,0.007113608,0.058679061,0.067820731,0.064154084,0.029706351,0.00018855,0.000330882
*Oc1ccc(C(CCCC)(CCCC)c2ccc(OC(*)=O)cc2)cc1,1.002496135,15.9518712,1.543868408,2.47E-13,3258.730657,3190.265402,4.32E-10,2317644352,4.23E-10,2367374806,0.000314053,0.000104684,1.249222554,2.518485666,0.034597773,1.506407353,0.236778552,7.25E-08,0.015516767,-0.007066152,0.046588717,0.074532284,0.072001229,0.03463393,0.000241873,0.000329905
*CCCCCCCCCSC(=O)S*,1.067551023,22.92610472,28.94949073,1.35E-12,3185.195941,3038.224771,3.02E-10,3325178159,2.88E-10,3486957061,0.00039557,0.000131857,1.156445007,2.494707968,0.062100504,1.529137782,0.228700961,6.75E-08,0.005004691,0.002025052,0.055449514,0.079693347,0.073784756,0.012580139,0,0.000163461
*CCCCCCCCCCCCSC(=O)S*,1.024034539,23.45939303,30.97768219,1.73E-12,3390.583522,3247.680601,3.14E-10,3200787954,3.01E-10,3341452079,0.000388605,0.000129535,1.12927104,2.431896137,0.052893573,1.517439133,0.246707796,7.10E-08,0.012372207,0.006150769,0.062334376,0.067160161,0.087666916,0.011054162,0,-3.08E-05
*Sc1ccc(Cc2ccc(SC(*)=O)cc2)cc1,1.226614486,21.95448265,25.16846024,3.88E-13,2377.34492,2322.150037,2.93E-10,3434482026,2.86E-10,3516188218,0.00025517,8.51E-05,1.14934086,2.960920322,0.045961381,1.676774799,0.180050455,6.18E-08,0.009455669,0.000188397,0.045760713,0.052038703,0.041420759,0.029934148,0.000210291,0.001041774
*Oc1ccc(C(C)(C)c2ccc(OC(=O)SCCCSC(*)=O)cc2)cc1,1.187060668,20.5297515,22.5165991,6.81E-13,2780.958106,2660.261981,3.31E-10,3299320531,3.13E-10,3413404658,0.000381997,0.000127332,1.202530595,2.654467658,0.05670408,1.565865557,0.187002547,5.67E-08,0.008286116,0.009200271,0.061726493,0.036566686,0.046482904,0.023681591,0.000210388,0.000848098
*Oc1ccc(C(C)(C)c2ccc(OC(=O)SCCCCCCSC(*)=O)cc2)cc1,1.147142464,20.98397099,22.13175812,8.08E-13,2980.101723,2865.550385,2.84E-10,3526937471,2.73E-10,3667900461,0.000344997,0.000114999,1.222978125,2.636854735,0.057509638,1.553665524,0.197531069,5.80E-08,0.00751893,0.004025507,0.048278187,0.049754091,0.057457153,0.029862055,0.000153576,0.00048157
*Oc1ccc(C(C)(C)c2ccc(OC(=O)Sc3ccc(C(C)(C)c4ccc(SC(*)=O)cc4)cc3)cc2)cc1,1.146463028,19.72629422,21.69816234,6.30E-13,2787.577275,2759.02513,3.39E-10,3129293810,3.36E-10,3166079868,0.0001633,5.44E-05,1.159167482,2.631318951,0.061746182,1.572302166,0.182529356,5.72E-08,0.007241599,0.005826565,0.048204652,0.049094179,0.043011946,0.028464608,0.000132854,0.000552953
*C1NC(CC1)*,1.038245022,22.03289852,28.51666649,5.69E-13,4109.086469,3984.119623,3.03E-10,3341886253,2.93E-10,3440307881,0.000342366,0.000114122,1.401348347,2.728558771,0.033391982,1.525518549,0.263630423,6.18E-08,0.01259206,0.016933172,0.04944367,0.073353815,0.106197009,0.003878279,0,0.001232418
*Nc1ccc(cc1)*,1.203537777,22.46729766,32.28451402,5.60E-13,3018.047895,2944.156593,2.66E-10,4321105817,2.59E-10,4416429417,0.000240387,8.01E-05,1.222240259,3.127628252,0.023339003,1.704517399,0.383186404,1.05E-07,0.018855466,-0.003675383,0.075787617,0.140163592,0.096047908,0.05263141,0.000212193,0.0031636
*c1ccc(Cc2ccc(N(*)Cc3ccccc3)cc2)cc1,1.08968454,19.15504256,20.98930027,8.32E-13,3163.771145,3087.252027,2.92E-10,3437968182,2.85E-10,3521632674,0.000280963,9.37E-05,1.070181062,2.754331873,0.040917014,1.638335265,0.238998014,6.93E-08,0.009908268,0.005815127,0.046775375,0.065638246,0.066330067,0.04327227,0.000224536,0.001034125
*Cc1cc(C(C)(C)c2ccc3c(c2)CN(C)CO3)cc(CN(*)C)c1O,1.087875668,15.89152372,12.8484753,6.39E-13,3406.346897,3333.744561,2.97E-10,3424675138,2.91E-10,3496653107,0.000273186,9.11E-05,1.269593309,2.71464417,0.038985195,1.563663252,0.206550984,5.58E-08,0.008706972,0.007826675,0.049539061,0.060518781,0.058270421,0.021085212,0.000114952,0.000488909
*c1ccc(C(c2ccc(-c3nc4cc(-c5ccc6nc(*)[nH]c6c5)ccc4[nH]3)cc2)(C(F)(F)F)C(F)(F)F)cc1,1.234290717,27.58738569,38.73939459,5.67E-14,2375.608629,2357.07956,3.24E-10,3109585376,3.21E-10,3134059479,0.000152654,5.09E-05,1.189984914,2.779099847,0.04929699,1.609067475,0.239875739,8.19E-08,0.007297589,-0.000639598,0.039751522,0.083514788,0.06573591,0.043273521,0.000451555,0.000490452
*c1ccc(C(c2ccc(-c3nc4ccc(-c5ccc6nc(*)[nH]c6c5)cc4[nH]3)cc2)(C(F)(F)F)C(F)(F)F)cc1,1.236638312,27.37230347,30.70379251,1.58E-13,2414.31999,2392.514751,3.78E-10,2673692227,3.75E-10,2697922623,0.000179822,5.99E-05,1.168068908,2.781586666,0.055883973,1.616613796,0.248861231,8.33E-08,0.01156896,-0.007487387,0.042150245,0.079123052,0.064836804,0.056041148,0.000738845,0.001889564
*c1cccc(S(=O)(=O)NCCCCCCNS(*)(=O)=O)c1,1.285079964,19.72799097,20.23174919,3.35E-13,2817.796411,2739.226388,1.94E-10,5228158145,1.89E-10,5361344154,0.000239995,8.00E-05,1.457859175,2.832809784,0.038936919,1.541085964,0.20809775,5.75E-08,0.009514483,-0.01589587,0.055545162,0.060577512,0.081689323,0.013980757,0.000103488,0.002582894
*c1ccc(S(*)(=O)=O)cc1,1.355113919,22.15433268,28.59877482,7.08E-13,2213.922852,2148.758956,2.91E-10,3483621018,2.82E-10,3585821361,0.000280446,9.35E-05,1.21207473,2.748267751,0.022082351,1.592541372,0.199092642,6.64E-08,0.003941361,0.004706594,0.035313627,0.069813172,0.052415036,0.031421503,0.000145934,0.001335415
*Cc1cc(*)c(O)cc1C,1.098554283,17.14107103,15.10867803,4.68E-13,3110.285757,3055.137917,3.02E-10,3339679684,2.97E-10,3398704022,0.000243408,8.11E-05,1.534098737,3.047790958,0.03870596,1.585459588,0.226688307,6.64E-08,0.008956681,-0.000795031,0.058219169,0.066820004,0.057784384,0.033549748,0.00039962,0.001753732
