SMILES,Atomization_Energy_eV,Bandgap_Bulk_eV,Bandgap_Chain_eV
*CCCCCC[CH3](*)(C)C,,,0.0205
*C=C(*)c1cccc(C#C)c1,,,0.069
*c1cc2c(s1)-c1sc(*)cc1C2(CCCCCC)CCCCCC[CH3](C)(C)C,,,0.0751
*CCCCCCCC[CH3](C)(C)CCCCCC[CH3](*)(C)C,,,0.1032
*CS(=O)(=O)C1CC(*)C[CH3](C)(C)C1,,,0.1093
*C=C(*)c1ccccc1,,,0.1289
*C=C(*)c1ccc2ccc3cccc4ccc1c2c34,,,0.1296
*CCCCCCCCCCCCCCCC[CH3](C)(C)CCCCCC[CH3](*)(C)C,,,0.1771
*CCCCCC[CH3](C)(C)CCC[CH3](*)(C)C,,,0.2161
*C=C(*)c1ccc(NC=O)cc1,,,0.2219
*C=C(*)c1ccc(C#C)cc1,,,0.2378
*C=C(*)c1ccc(N)cc1,,,0.2588
*C=C(*)c1cccc(Br)c1,,,0.2843
*c1ccc(*)n1Cc1ccc[CH3](C)c1,,,0.2844
*C=c1ccc(=c2ccc(=Cc3ccc(*)s3)s2)s1,,1.224,0.2908
*C=C(*)c1cccc[CH3]1CC#C,,,0.3201
*c1sc(*)c2nc(CCCCCC)c(CCCCCC)nc12,,,0.3579
*c1sc(*)c2nc(CCCCCCCCCCC)c(CCCCCCCCCCC)nc12,,,0.4779
*CC(*)c1cc[CH3](CCCC)cc1,,,0.5958
*c1cc2c(s1)-c1sc(*)cc1C2=C(C#N)C#N,,,0.6839
*C=C(*)c1cccc([CH3](C)(C)C)c1,,,0.7366
*C#CC(=C(*)c1cnc2ccccc2c1)c1cnc2ccccc2c1,,0.5725,0.7739
*C=C(*)c1ccc([CH3](=O)[CH3])cc1,,,0.7984
*C=CC=CC=CC=C(*)CCS(=O)(=O)O,,,0.8077
*C=c1ccc(=c2ccc(=Cc3ccc(-c4ccc(*)s4)s3)s2)s1,,,0.8337
*C=Cc1ccc(*)[CH3](C)c1,,,0.8346
*C=C(*)c1cccc(C#C)n1,,,0.835
*C=C(*)C#N,,0.5068,0.838
*C=C(*)F,,0.3906,0.8441
*C=C(*)c1cccc(Cl)c1,,,0.8655
*C=C(*)c1cccc2ccccc12,,,0.8664
*C#CC(=C(*)c1ccccc1)c1ccccc1,,,0.8829
*c1ccc(-n2c(=O)c3ccc4c5cc6c(*)ccc6n5c(=O)c-4cc3c2=O)cc1C,,,0.896
*Oc1ccc(C(=Nc2ccc(N=C(c3ccccc3)c3ccc(On4c(=O)c5c(F)c6c(=O)n(*)c(=O)c6c(F)c5c4=O)cc3)cc2)c2ccccc2)cc1,,,0.9593
*c1cc2c(s1)-c1sc(-c3sc(-c4sc(*)c5c4OCCO5)c4c3OCCO4)cc1C2=C(C#N)C#N,,,0.9952
*NC(=O)C(=S)C(*)=O,-6.35,1.4363,1.0075
*C=Cc1sc(*)c2c1OC(CCCCCC)CO2,,,1.0146
*c1sc(-c2sc(-c3sc(*)c4nccnc34)c3c2OCCO3)c2c1OCCO2,,,1.0217
*C(c1cccs1)=c1ccc(=c2ccc(=C(c3cccs3)c3ccc(-c4ccc(*)s4)s3)s2)s1,,,1.0381
*NC(=S)c1ccc(C(*)=S)cc1,,,1.0444
*C1=CC2=CC(*)=NC2=N1,,,1.0627
*C=C(*)c1ccc(C(=O)Oc2c(F)c(F)c(F)c(F)c2F)cc1,,,1.1102
*C#CC=C*,,,1.1342
*c1sc(-c2cc(OCCCCC)c(*)s2)cc1OCCCCC,,,1.2005
*CC(*)C(=O)n1sc2ccccc2c1=O,,,1.2252
*c1cc2c(s1)-c1sc(-c3sc(-c4sc(*)c5c4OCCO5)c4c3OCCO4)cc1C2=O,,,1.2584
*C=Cc1ccc(*)n1CCCCCCCCCCCC,,,1.2671
*c1ccc(C(=O)Nc2ccc(-c3ccc(NC(=O)c4ccc(-n5c(=O)c6sc7c(=O)n(*)c(=O)c7sc6c5=O)cc4)cc3)cc2)cc1,,,1.2847
*C1=CC2=NC(*)=CC2=N1,,,1.3051
*c1cc2c(s1)-c1sc(*)cc1C2=C1c2ccsc2-c2sccc21,,,1.3371
*C=C(*)c1ccccc1C(F)(F)F,,,1.343
*C1=C(CCCCCC)C(CCCCCC)=C(c2sc(-c3sc(*)c4c3OCCO4)c3c2OCCO3)S1(=O)=O,,,1.3792
*c1cc(CCN(CC)c2ccc(N=Nc3ccc(C=C(C#N)C#N)cc3)cc2)c(*)s1,,,1.3795
*C=CC1CC(*)C(=O)C1=O,,,1.3796
*c1ccc(-c2ccc(-c3sc(*)c4c3OCCO4)s2)s1,,,1.3916
*C=C*,,0.9567,1.3994
*C([CH3])=C(*)[CH3],,0.6605,1.4005
*Oc1ccc2nc3oc4cc5oc6c7c(cn6ccc5on4cnc3c12)nc1c(*)ccccc17,,,1.4158
*c1cc2c(s1)-c1sc(*)cc1C2=O,,,1.4351
*C(c1ccccc1)=c1ccc(=c2ccc(=C(c3ccccc3)c3ccc(-c4ccc(*)s4)s3)s2)s1,,,1.4486
*CC(*)c1ccc(Cl)c([CH3](=O)[CH3])c1,,,1.4833
*c1ccc(C(=O)Nc2ccc(NC(=O)c3ccc(-n4c(=O)c5sc6c(=O)n(*)c(=O)c6sc5c4=O)cc3)cc2)cc1,,,1.4889
*C(=S)c1ccc(-c2ccc(-c3ccc(*)s3)s2)s1,-6.13,0.75,1.4924
*c1cc(SCCCCCCCCCCCC)c(*)s1,,,1.5021
*N=Cc1ccc(C=Nc2sc(*)c(C#N)c2C#N)cc1,,,1.5066
*C=Cc1ccc(*)n1CCCCCC,,1.3683,1.5103
*C#CC(CO)=C(*)n1c2ccccc2c2ccccc21,,,1.5113
*c1cc(-c2cc(C)c(Br)cc2C)c(*)s1,,,1.5132
*c1sc(-c2cc(CCCCCCCCCC)c(*)s2)cc1CCCCCCCCCC,,,1.5226
*C=Cc1ccc(*)n1C,,,1.53
*CC(=S)C(=O)C(*)=S,-5.79,0.725,1.5344
*c1ccc(-c2ccn3sc4nc5nc6oc7nc8cc(*)ccc8nc7nc6cc5oc4cc3[CH3]c2)cc1,,,1.535
*CC(=S)c1ccc(C(*)=S)cc1,-5.91,1.4834,1.5353
*c1ccc(-c2cc(CCCCCCCCCCCC)c(*)s2)s1,,,1.5458
*c1cc2c(s1)-c1sc(-c3cc4c(s3)-c3sc(*)cc3C4(CC(CC)CCCC)CC(CC)CCCC)cc1C2=O,,,1.5473
*c1ccc(-c2cc(CCCCCCCCCCC)c(*)s2)s1,,,1.5503
*C#CC#Cc1ccc(*)s1,,,1.5604
*c1ccc(-c2cc(-c3ccc(CCCCCCCC)cc3)c(*)s2)s1,,,1.5651
*C=CC(C)=C(C)C=Cc1ccc(-c2ccc(*)s2)s1,,,1.5733
*C#Cc1cc(CCCCCC)c(*)s1,,,1.5751
*CC(*)C(=O)c1ccc(Br)cc1,,,1.5897
*C#CC#Cc1ccc(-c2ccc(*)s2)s1,,,1.5899
*c1sc(*)c(CCCCCCN(CC)c2ccccc2)c1CCCCCC,,,1.59
*c1ccc(-c2ccc(*)s2)s1,-6.18,0.9894,1.5925
*c1cc(SC)c(*)s1,,,1.5945
*c1cc(OCCOC)c(*)s1,,,1.6015
*c1cc(OCCCCCCC)c(*)s1,,,1.6057
*c1sc(-c2cc(SCC(C)CC)c(*)s2)cc1SCC(C)CC,,,1.6105
*c1ccc(N(c2ccc(C#N)cc2)c2ccc(-n3c(=O)c4cc5c(=O)n(*)c(=O)c5cc4c3=O)cc2)cc1,,,1.6108
*c1sc(-c2sc(-c3sc(*)c4nccnc34)c3c2OC(CCCCCC)CO3)c2c1OCC(CCCCCC)O2,,,1.6167
*c1cc(SCCCCCC)c(*)s1,,,1.6201
*c1ccc(*)s1,-6.18,,1.6203
*CC(*)n1ccc2ccccc21,,,1.6204
*c1sc(*)c(OCCOCCCC)c1C,,,1.6261
*CC(*)c1ccc(C=O)cc1,,,1.6275
*c1sc(-c2cc(CCCCCC)c(*)s2)cc1CCCCCC,,,1.6319
*N=CC(C)=CC=CC=C(C)C=Nc1nc(-c2csc(*)n2)cs1,,,1.6324
*c1sc(*)c([CH3])c1[CH3],,,1.6361
*c1cc(OCCOCCOC)c(*)s1,,,1.6389
*c1ccc(C(=O)Nc2ccc(Oc3ccc(NC(=O)c4ccc(-n5c(=O)c6cc7c(=O)n(*)c(=O)c7cc6c5=O)cc4)cc3)cc2)cc1,,,1.639
*C#Cc1ccc(*)s1,,,1.6499
*c1ccc(-c2ccc(-c3ccc(*)s3)s2)o1,,,1.6557
*Nc1ccc(C(=S)c2ccc(*)s2)s1,-6,1.9993,1.6616
*c1ccc(-c2ccc(-c3ccc(*)s3)o2)o1,,,1.6749
*C=Cc1ccc(*)c2occc12,,,1.6799
*c1cc(C#N)c(*)s1,,1.0894,1.691
*c1cc(-c2cc(CCCCCCCC)ccc2CCCCCCCC)c(*)s1,,,1.6967
*N=C1c2ccccc2C(=Nc2ccc(*)cc2)c2ccccc21,,,1.6985
*C=Cc1cc(OC)c(C=Cc2ccc(*)s2)cc1OC,,,1.7107
*C=Cc1cc(CCCCCC)c(-c2sc(*)cc2CCCCCC)s1,,,1.7165
*c1cc(COCCOCCOC)c(-c2cc(CCCCCCCCCCCC)c(*)s2)s1,,,1.7176
*C#Cc1sc(-c2sc(*)c3c2OCCO3)c2c1OCCO2,,,1.7209
*CC(*)C(=O)c1ccccc1O,,,1.7298
*C#CC#Cc1cc2sc(*)cc2s1,,,1.7355
*c1sc(*)c2c1OCCO2,,,1.7526
*N=Nc1ccc(*)cc1,,,1.7643
*CC(*)c1cccs1,,,1.7879
*C1=CC=C(c2sc(-c3sc(*)c4c3OCCO4)c3c2OCCO3)S1(=O)=O,,,1.7929
*CC(*)OC(=O)c1cccc(Cl)c1,,,1.7974
*c1ccc(*)o1,,,1.8355
*c1sc(*)c2ccccc12,,,1.8359
*C=NN=Cc1cc(CCCCCCCCCCCC)c(*)s1,,,1.846
*c1cc2sc3cc(*)sc3c2s1,,,1.8464
*NC(=O)C(=S)c1ccc(*)s1,-6.16,0.9512,1.8546
*c1ccc(Oc2cccc3c(Oc4ccc(-n5c(=O)c6cc7c(=O)n(*)c(=O)c7cc6c5=O)cc4)cccc23)cc1,,,1.8659
*c1cc(-c2sc(-c3cc(C)c(*)s3)cc2C)c2cccccc1-2,,1.3327,1.8668
*c1nc(CCCCCC)c(-c2sc(*)nc2CCCCCC)s1,,,1.876
*C(=O)c1ccc2c(c1)C(=O)N(c1ccc(N(c3ccc(C#N)cc3)c3ccc(N4C(=O)c5ccc(*)cc5C4=O)cc3)cc1)C2=O,,,1.8778
*c1cc2sc(*)cc2s1,,,1.8963
*c1cnc(*)s1,,,1.8999
*c1ccc(Oc2ccc(-n3c(=O)c4cc5c(=O)n(-c6ncc(*)s6)c(=O)c5cc4c3=O)cc2)cc1,,,1.9001
*c1ccc(Oc2ccc(-n3c(=O)c4c(Oc5ccc(OCCCC)cc5)c5c(=O)n(*)c(=O)c5c(Oc5ccc(OCCCC)cc5)c4c3=O)cc2)cc1,,,1.9028
*c1ccc(-c2cc(CCCCCCBr)c(*)s2)s1,,,1.9133
*c1ccc(-c2cc(CCCCCCCCCF)c(*)s2)s1,,,1.9235
*C=Cc1ccc(*)nc1,,,1.9268
*c1ccc(-c2ccc(-c3ccc(*)n3C)o2)s1,,,1.929
*c1sc(*)c2c1OCC(CCCCCCCCCCCC)O2,,,1.9291
*c1cc(C)c(*)s1,,,1.9299
*C=Cc1cc(OC)c(*)cc1Br,,,1.9302
*C1=C2OCCOC2=C(c2ccc(-c3ccc(*)s3)s2)S1(=O)=O,,,1.9368
*c1ccc(-c2ccc(-c3ccc(*)s3)s2)cc1,,,1.937
*C=Nc1ccc(N=Cc2ccc(-c3ccc(*)o3)o2)cc1,,,1.9396
*C(=O)c1ccc(-c2ccc(-c3ccc(*)s3)s2)s1,-6.27,1.2608,1.9407
*NC1=CC(=O)C(*)=CC1=O,,,1.9466
*c1ccc(Oc2ccc(-n3c(=O)c4c(Oc5ccc(OC)cc5)c5c(=O)n(*)c(=O)c5c(Oc5ccc(OC)cc5)c4c3=O)cc2)cc1,,,1.9559
*c1ccc(-c2ccc3nc4oc5cc6[CH3]c7nc8cc(*)ccc8nc7[CH3]c6nc5n-4ccc3c2)cc1,,,1.9579
*c1ccc(Oc2ccc(Oc3ccc(-n4c(=O)c5cc6c(=O)n(*)c(=O)c6cc5c4=O)cc3)cc2C(C)(C)C)cc1,,,1.9644
*C=Cc1ccc(C=Cc2nc3cc4[CH3]c(*)nc4cc3[CH3]2)cc1,,,1.9717
*N=NNc1ccc(N=NNc2ccc(*)cc2)cc1,,,1.9731
*c1ccc(-c2cc(CCCCCCOC(=O)COc3ccccc3)c(*)s2)s1,,,1.9751
*c1cc(-c2sc(-c3cc(CCCC)c(*)s3)cc2CCCC)c2cccccc1-2,,,1.9772
*c1ccc(Oc2ccc(N3C(=O)c4ccc(C(=O)c5ccc6c(c5)C(=O)N(c5ncc(*)s5)C6=O)cc4C3=O)cc2)cc1,,,1.9774
*CCCCCN1C(=O)c2ccc3c4ccc5c6c(ccc(c7ccc(c2c37)C1=O)c64)C(=O)N(*)C5=O,,,1.9902
*C=Cc1ccc(-c2ccc(*)s2)s1,,,1.9942
*c1ccc(-c2ccc(-c3cc(OCCCCCCCCCCCC)c(*)s3)s2)s1,,,1.9946
*C=C(*)c1cc(C(F)(F)F)oc1C(F)(F)F,,,1.9958
*CC(=O)C(=S)C(*)=O,-6.06,1.4812,1.9995
*c1ccc(-c2ccc(-c3ccc(-c4ccc(*)s4)s3)s2)cc1,-6.24,1.1128,2.0066
*CC(=O)Nc1ccc(Oc2cccc(NC(=O)CN3C(=O)c4ccc(C(=O)c5ccc6c(c5)C(=O)N(*)C6=O)cc4C3=O)c2)cc1,,,2.0094
*C(=O)c1ccc(-c2ccc(C(*)=S)s2)s1,-6.22,1.6466,2.0098
*CC(*)c1cc(O)ccc1O,,,2.0107
*C1=C2OCCOC2=C(c2sc(-c3sc(*)c4c3OCCO4)c3c2OCCO3)S1(=O)=O,,,2.0121
*CC(O)CN(*)c1ccc(N=Nc2ccc(C#N)cc2)cc1,,,2.0164
*Nc1ccc(-c2ccc(C(*)=S)s2)s1,-6.05,1.9074,2.0192
*CCCCCCCCN1C(=O)c2ccc3c4ccc5c6c(ccc(c7ccc(c2c37)C1=O)c64)C(=O)N(*)C5=O,,,2.0224
*C(=S)C(=O)C(F)(F)C(*)(F)F,-5.51,1.5715,2.0268
*c1cc(CCOc2ccc(N=Nc3ccc(C#N)cc3)cc2)c(*)s1,,,2.0292
*c1cc(C=NC(=S)Nc2ccc(-n3c(=O)c4cc5c(=O)n(*)c(=O)c5cc4c3=O)cc2)ccc1Cl,,,2.0293
*C(=S)c1ccc(C(=S)c2ccc(*)cc2)s1,-6.16,1.1979,2.0314
*C(=O)c1ccc2c(c1)C(=O)N(c1ccc(Oc3ccc(-c4ccc(Oc5ccc(N6C(=O)c7ccc(*)cc7C6=O)cc5)cc4)cc3)cc1)C2=O,,,2.0335
*Nc1ccc(C=Cc2ccc(N=C(c3ccc(C(*)=C(C#N)C#N)cc3)C(C#N)C#N)cc2)cc1,,,2.0414
*c1ccc(Oc2ccc(-n3c(=O)c4c(F)c5c(=O)n(*)c(=O)c5c(F)c4c3=O)cc2)cc1,,,2.0451
*c1ccc(N(c2ccc(C#N)cc2)c2ccc(N3C(=O)c4ccc(-c5ccc6c(c5)C(=O)N(*)C6=O)cc4C3=O)cc2)cc1,,,2.0474
*C#CC#Cc1ccc(*)cc1,,,2.0489
*CC(*)c1ccc(F)cc1,,,2.0489
*C(=O)c1ccc2c(c1)C(=O)N(c1ccc(C=Cc3ccc(N4C(=O)c5ccc(*)cc5C4=O)cc3)cc1)C2=O,,,2.0593
*c1ccc(Oc2cc3ccccc3cc2Oc2ccc(-n3c(=O)c4cc5c(=O)n(*)c(=O)c5cc4c3=O)cc2)cc1,,,2.0632
*C(=O)c1ccc(C(=S)c2ccc(*)s2)s1,-6.19,,2.0759
*c1ccc(-c2ccc(-c3cc(*)c4cccccc3-4)s2)s1,,,2.0762
*c1ccc(-c2ccc(C(=S)c3ccc(*)s3)s2)cc1,-6.22,1.0659,2.0866
*c1ccc(Oc2ccc(Oc3ccc(-n4c(=O)c5cc6c(=O)n(*)c(=O)c6cc5c4=O)cc3)cc2)cc1,,,2.0871
*c1ccc(*)n1CCC(=O)OC(C)C(=O)OCC,,2.05,2.0885
*Cc1ccc(C[CH3]2ccc(-c3cc[CH3](*)cc3)cc2)cc1,,,2.0993
*c1ccc(C(=S)c2ccc(-c3ccc(*)s3)s2)cc1,-6.22,,2.1031
*c1ccc(Oc2ccc3ccc(Oc4ccc(-n5c(=O)c6cc7c(=O)n(*)c(=O)c7cc6c5=O)cc4)cc3c2)cc1,,,2.1074
*Nc1ccc(-c2ccc(NC3=CC(=O)C(*)=CC3=O)cc2)cc1,,,2.1114
*Nc1ccc(C(=O)C(*)=S)s1,-6.15,1.4251,2.1167
*CC(=S)c1ccc(C(*)=S)s1,-5.78,1.6797,2.1188
*c1ccc(Oc2ccc(C(C)(C)c3ccc(Oc4ccc(-n5c(=O)c6cc7c(=O)n(*)c(=O)c7cc6c5=O)cc4)cc3)cc2)cc1,,,2.1293
*c1ccc2c(c1)Cc1cc(-n3c(=O)c4cc5c(=O)n(*)c(=O)c5cc4c3=O)ccc1-2,,,2.1333
*N=Nc1ccc(-c2ccc(*)c(C)c2)cc1C,,,2.1369
*c1ccc(-c2ccc(-c3ccc(-c4ccc(-c5ccc(*)n5CCCCCCCCCCCC)s4)s3)s2)s1,,,2.1419
*c1ccc(-c2ccc(-c3ccc(-c4ccc(*)n4CCCCCCCCCCCC)s3)s2)s1,,2.1442,2.1465
*c1ccc(-c2ccc(-c3ccc(-n4c(=O)c5cc6c(=O)n(*)c(=O)c6cc5c4=O)cc3)cc2)cc1,,,2.1515
*c1ccc(-n2c(=O)c3cc4c(=O)n(-n5c6ccc(*)cc6c6cccnc65)c(=O)c4cc3c2=O)cc1,,,2.1565
*NC(=S)c1ccc(C(*)=S)s1,-5.92,1.6122,2.1587
*Nc1ccc(*)c2cc3ccccc3cc12,,,2.1612
*c1ccc(Oc2ccccc2Oc2ccc(-n3c(=O)c4cc5c(=O)n(*)c(=O)c5cc4c3=O)cc2)cc1,,,2.1614
*c1sc(*)c2c1OCC(CCCCS(=O)(=O)O)O2,,,2.1668
*c1ccc2c(c1)nc1c3cc4c(=O)n5c6cc(*)ccc6nc5c4cc3c(=O)n21,,,2.1718
*c1ccc(Oc2ccc(-n3c(=O)c4cc5c(=O)n(*)c(=O)c5cc4c3=O)cc2-c2ccccc2)cc1,,,2.1739
*c1ccc(-c2ccc(-c3ccc(*)s3)s2)[CH3]1,,,2.182
*C(C)=C(C)c1ccc(-c2ccc(*)s2)s1,,,2.1828
*c1ccc(-c2ccc(-n3c(=O)c4cc5c(=O)n(*)c(=O)c5cc4c3=O)cc2)cc1,,,2.1894
*c1cc(-n2c(=O)c3cc4c(=O)n(-c5ccc(-c6nnc(*)n6N)cc5)c(=O)c4cc3c2=O)c(-c2c(Cl)cccc2Cl)s1,,,2.1911
*c1ccc(C2(c3ccc(-n4c(=O)c5cc6c(=O)n(*)c(=O)c6cc5c4=O)cc3)c3ccccc3-c3ccccc32)cc1,,,2.1924
*N=C1C(=Nc2ccc(*)cc2)c2cccc3cccc1c23,,,2.1929
*Nc1ccc(Cc2ccc(NC(=O)c3cc(C(*)=O)cc(N4C(=O)C=CC4=O)c3)cc2)cc1,,2.0738,2.1937
*C=Cc1ccc(*)c2sccc12,,,2.1967
*c1cc(OCCOCCOC)c(-c2sc(*)c3c2OCCO3)s1,,,2.2046
*C=Cc1cc([CH3](C)(C)C)c(*)cc1[CH3](C)(C)C,,,2.2084
*C(=O)c1ccc(C(=O)C(*)=S)s1,-6.33,1.1902,2.2094
*C=C(*)c1ccsc1,,,2.2157
*c1cc(CC(=O)OCCN(CC)c2ccc(N=Nc3ccc([CH3](=O)[CH3])cc3)cc2)c(*)s1,,,2.2179
*c1ccc(-c2ccc(-c3nc(CCCCCCCCCCCC)c(-c4sc(*)nc4CCCCCCCCCCCC)s3)s2)s1,,,2.2184
*C(=O)c1ccc2c(c1)C(=O)N(c1cc(-c3nc4ccccc4[CH3]3)cc(N3C(=O)c4ccc(*)cc4C3=O)c1)C2=O,,,2.2203
*c1ccc(OCC2CCC(COc3ccc(-n4c(=O)c5cc6c(=O)n(*)c(=O)c6cc5c4=O)cc3)CC2)cc1,,,2.2219
*c1ccc2ccc3c(*)cc(C#CC#C[CH3](C)(C)C)c4ccc1c2c34,,,2.225
*c1nc2cc3[CH3]c(-c4ccc(*)o4)nc3cc2[CH3]1,,,2.2261
*C(=O)c1ccc2c(c1)C(=O)N(c1ccc(Oc3cc(C(C)(C)C)c(Oc4ccc(N5C(=O)c6ccc(*)cc6C5=O)cc4)cc3C(C)(C)C)cc1)C2=O,,,2.2297
*Nc1ccc(C(=O)c2ccc(*)s2)s1,-6.18,1.7108,2.2308
*c1ccc(-c2ccc(-c3ccc(-c4ccc(*)s4)s3)cc2)cc1,-6.3,,2.2403
*C1=CSC(=C2SC=C(c3ccc(*)cc3)S2)S1,,,2.2436
*c1ccc(-c2ccc(-c3sc(-c4cc(C(=O)CCCCCCCCCCCC)c(*)s4)cc3C(=O)OCCCCCCCCCCCC)s2)s1,,,2.2457
*Nc1ccc(-c2ccc(-c3ccc(*)s3)s2)s1,-6.09,1.5003,2.2573
*C=Cc1ccc(*)c(F)c1,,,2.259
*Nc1ccc(-c2ccc(C(*)=O)s2)s1,-6.22,1.9451,2.263
*CC(=O)Nc1ccc(Oc2ccc(NC(=O)CN3C(=O)c4ccc(C(=O)c5ccc6c(c5)C(=O)N(*)C6=O)cc4C3=O)cc2)cc1,,,2.2667
*CC(=O)Nc1ccc(Oc2ccc(Oc3ccc(NC(=O)CN4C(=O)c5ccc(C(=O)c6ccc7c(c6)C(=O)N(*)C7=O)cc5C4=O)cc3)cc2)cc1,,,2.2729
*c1sc(*)c(OCCCC)c1C,,,2.2732
*C(=O)c1ccc2c(c1)C(=O)N(c1ccc3c(c1)Cc1cc(N4C(=O)c5ccc(*)cc5C4=O)ccc1-3)C2=O,,,2.2777
*CCN1C(=O)C(=CC=C2SC(=S)N(*)C2=O)SC1=S,,,2.2801
*C#Cc1cc(OCCCCCCCC)c(C#Cc2ccc(*)s2)cc1OCCCCCCCC,,,2.283
*c1ccc(Oc2cc(C(C)(C)C)ccc2Oc2ccc(-n3c(=O)c4cc5c(=O)n(*)c(=O)c5cc4c3=O)cc2)cc1,,,2.2831
*c1ccc2ccc3c(*)cc(C#CC=C)c4ccc1c2c34,,,2.2865
*c1ccc(N(c2ccc(C#N)cc2)c2ccc(N3C(=O)c4ccc(Oc5ccc6c(c5)C(=O)N(*)C6=O)cc4C3=O)cc2)cc1,,,2.2981
*C=Cc1ccc(*)c2ccc(CCCCCC)cc12,,,2.3017
*CC(*)c1ccc(Cl)c(Cl)c1,,,2.3069
*CCN(CCOC(=O)C=Cc1ccc(C=CC(=O)O*)cc1)c1ccc(N=Nc2ccc([CH3](=O)[CH3])cc2)cc1,,,2.3089
*c1ccc(SSc2ccc(-n3c(=O)c4cc5c(=O)n(*)c(=O)c5cc4c3=O)cc2)cc1,,,2.3111
*c1cccc(C(=O)Nc2ccc(NC(=O)c3cccc(N4C(=O)c5ccc(-c6cccc7c6C(=O)N(*)C7=O)cc5C4=O)c3)cc2)c1,,,2.3122
*Nc1ccc(C(=S)c2ccc(*)cc2)s1,-6.15,1.7781,2.3153
*Nc1ccc(NC(=O)c2cc(NC(=O)c3ccc(NC(=O)C(C)N4C(=O)c5ccccc5C4=O)cc3)cc(C(*)=O)c2)cc1C,,,2.319
*Nc1ccc(C(=S)c2ccc(*)cc2)cc1,-6.23,1.8785,2.322
*C(=O)c1ccc(-c2ccc(C(*)=S)cc2)s1,-6.29,1.9265,2.3241
*C(=O)c1ccc2c(c1)C(=O)N(c1ccc(-c3ccc(-c4ccc(N5C(=O)c6ccc(*)cc6C5=O)cc4)cc3)cc1)C2=O,,,2.3242
*CC(*)c1c([CH3])c([CH3])c([CH3])c([CH3])c1[CH3],,,2.3297
*C(=S)c1ccc(-c2ccc(-c3ccc(*)cc3)cc2)s1,-6.27,,2.3302
*C(=O)c1ccc2c(c1)C(=O)N(c1ccc(C3(c4ccc(N5C(=O)c6ccc(*)cc6C5=O)cc4)c4ccccc4-c4ccccc43)cc1)C2=O,,,2.3311
*c1ccc(-c2ccc(-c3ccc(*)s3)s2)cn1,,,2.3342
*OC(=O)C(=S)C(*)=O,-6.47,1.4341,2.3358
*C(=O)c1ccc2c(c1)C(=O)N(c1ccc(Oc3cc4ccccc4cc3Oc3ccc(N4C(=O)c5ccc(*)cc5C4=O)cc3)cc1)C2=O,,,2.3398
*C(=O)Nc1ccc(NC(=O)c2ccc3[CH3]c(-c4cc(-c5nc6cc(*)ccc6[CH3]5)cc(N5C(=O)c6ccccc6C5=O)c4)nc3c2)cc1,,,2.3407
*C(=O)c1ccc2c(c1)C(=O)N(c1ccc(C(=O)N(C)c3ccc(N4C(=O)c5ccc(*)cc5C4=O)cc3)cc1)C2=O,,,2.3425
*C(c1ccc(N(C)C)cc1)C(*)c1ccc([CH3](=O)[CH3])cc1,,,2.3431
*C=Cc1ccc(*)c2ccc(CCCCCCCCCCC)cc12,,,2.3432
*C(=S)c1ccc(-c2ccc(-c3ccc(*)cc3)s2)cc1,-6.27,1.8996,2.3434
*C(=O)c1ccc2c(c1)C(=O)N(c1cccc(C(=O)N(C)c3ccc(N4C(=O)c5ccc(*)cc5C4=O)cc3)c1)C2=O,,,2.3447
*CC(=O)Nc1ccc(Cc2ccc(NC(=O)CN3C(=O)c4ccc(C(=O)c5ccc6c(c5)C(=O)N(*)C6=O)cc4C3=O)cc2)cc1,,,2.3456
*c1ccc(*)n1C(=O)OCC,,,2.3493
*C=Cc1cc(OCCCCCC)c(*)cc1OC,,,2.3505
*c1cc(CC)c(*)s1,,,2.3523
*c1ccc(Oc2cccc(Oc3ccc(-n4c(=O)c5cc6c(=O)n(*)c(=O)c6cc5c4=O)cc3)c2)cc1,,,2.3531
*C(=O)c1ccc(-c2ccc(C(*)=S)s2)cc1,-6.3,,2.3592
*C(=O)Oc1ccc(OC(=O)c2ccc3c(c2)C(=O)N(c2ccc(Oc4ccc(Oc5ccc(N6C(=O)c7ccc(*)cc7C6=O)cc5)cc4)cc2)C3=O)cc1,,,2.3605
*c1cc(CCOC(=O)C(C)Br)c(*)s1,,,2.3659
*c1ccc2ccc3c(*)cc(C#C)c4ccc1c2c34,,,2.3686
*C(=O)c1ccc(C(=S)c2ccc(*)s2)cc1,-6.31,,2.3711
*c1ccc(Oc2ccc(-n3c(=O)c4cc5c(=O)n(*)c(=O)c5cc4c3=O)cc2)cc1,,,2.3733
*c1ccc(Oc2ccc(C(=O)c3cccc(C(=O)c4ccc(Oc5ccc(-n6c(=O)c7cc8c(=O)n(*)c(=O)c8cc7c6=O)cc5)cc4)c3)cc2)cc1,,,2.3756
*NC(=O)c1ccc(C(*)=S)s1,-6.14,1.932,2.3774
*Nc1ccc(C(=O)C(*)=S)cc1,-6.27,1.7009,2.378
*c1cc(CCCCCCCCCCCC)c(-c2sc(*)c3c2OCCO3)s1,,,2.3785
*C(=S)OC(=S)c1ccc(*)s1,-5.95,1.7517,2.38
*C(=O)c1ccc2c(c1)C(=O)N(c1ccc(Oc3ccccc3Oc3ccc(N4C(=O)c5ccc(*)cc5C4=O)cc3)cc1)C2=O,,,2.3823
*c1cc(C(c2ccc(O)c(-n3c(=O)c4cc5c(=O)n(*)c(=O)c5cc4c3=O)c2)(C(F)(F)F)C(F)(F)F)ccc1O,,,2.3838
*C(=O)c1ccc2c(c1)C(=O)N(c1cccc(Nc3nc(Nc4cccc(N5C(=O)c6ccc(*)cc6C5=O)c4)nc(-c4ccccc4)n3)c1)C2=O,,,2.3845
*c1ccc2c(c1)nc1n2Cc2ccc3c4c2c-1ccc4c(=O)n1c2ccc(*)cc2nc31,,,2.3866
*c1ccc(C(c2ccccc2)c2ccc(-n3c(=O)c4cc5c(=O)n(*)c(=O)c5cc4c3=O)cc2)cc1,,,2.3895
*c1ccc(Oc2ccc(Oc3ccc(-n4c(=O)c5cc6c(=O)n(*)c(=O)c6cc5c4=O)cc3)cc2C)cc1,,,2.3895
*c1ccc(Oc2ccc(C(=O)c3ccc(Oc4ccc(-n5c(=O)c6cc7c(=O)n(*)c(=O)c7cc6c5=O)cc4)cc3)cc2)cc1,,,2.395
*Nc1cc(-c2ccc(-c3ccc4nc5c6cccc7c(*)ccc(c(=O)n5c4c3)c76)cc2)ccc1O,,,2.3966
*c1ccc(C(=O)Nc2ccc(-n3c(=O)c4cc5c(=O)n(*)c(=O)c5cc4c3=O)cc2)cc1,,,2.3994
*C(=O)c1ccc2c(c1)C(=O)N(c1cccc(Nc3nc(N)nc(Nc4cccc(N5C(=O)c6ccc(*)cc6C5=O)c4)n3)c1)C2=O,,,2.4034
*CC(=O)Nc1ccc(NC(=O)CN2C(=O)c3ccc(C(=O)c4ccc5c(c4)C(=O)N(*)C5=O)cc3C2=O)cc1,,,2.4122
*c1ccc(*)n1C(C(O)=NO)n1ccc2ccccc21,,,2.4131
*CC(*)c1ccccc1Cl,,,2.4139
*C(=O)c1ccc2c(c1O)C(=O)N(c1ccc(Oc3ccc(N4C(=O)c5ccc(*)c(O)c5C4=O)cc3)cc1)C2=O,,,2.4208
*c1cc(N=Nc2ccc(C#N)cc2)cc(*)c1O,,,2.4223
*C(=O)c1ccc2c(c1)C(=O)n1c-2nc2ccc(-c3ccc4c(c3)nc3n4C(=O)c4ccc(*)cc4-3)cc21,,,2.4234
*CC(O)CN(*)c1ccc(N=Nc2ccc(C(=O)O)cc2)cc1,,,2.4267
*CNc1ccc(C(*)=S)s1,-5.78,1.6806,2.4271
*C(=O)Nc1ccc(Oc2ccc(NC(=O)c3ccc(N4C(=O)c5ccc(*)cc5C4=O)cc3)cc2)cc1,,,2.4295
*c1cc(COCCCCCCOc2ccc(-c3ccc(C#N)cc3)cc2)c(*)s1,,,2.4332
*c1ccc(-c2sc(-c3cc(SCCCCCCCC)c(*)s3)cc2SCCCCCCCC)cc1,,,2.4336
*Nc1cc2cccc3c(*)cc4cccc1c4c23,,,2.4353
*C(=O)c1ccc2c(c1)C(=O)N(c1ccc(Oc3cccc(N4C(=O)c5ccc(*)cc5C4=O)c3)cc1)C2=O,,,2.4357
*C(=O)c1ccc2c(c1)C(=O)N(c1ccc(C(=O)Nc3ccc(N4C(=O)c5ccc(*)cc5C4=O)cc3)cc1)C2=O,,,2.4414
*c1cc(-c2nc3ccccc3s2)cc(-n2c(=O)c3cc4c(=O)n(*)c(=O)c4cc3c2=O)c1,,,2.4436
*c1ccc(N2C(=O)c3ccc(C(=O)c4ccc5c(c4)C(=O)N(c4ccc6[CH3]c(*)nc6c4)C5=O)cc3C2=O)cc1,,,2.4444
*C(=O)c1ccc2c(c1)C(=O)N(c1ccc(OCCOCCOc3ccc(N4C(=O)c5ccc(*)cc5C4=O)cc3)cc1)C2=O,,,2.4449
*c1ccc(C(=O)Nc2cccc(-n3c(=O)c4cc5c(=O)n(*)c(=O)c5cc4c3=O)c2)cc1,,,2.445
*Nc1ccc(-c2ccc(C(*)=S)s2)cc1,-6.18,1.4764,2.4476
*c1cc(CCCc2ccccc2)c(*)s1,,,2.4481
*C(=O)c1ccc2c(c1)C(=O)N(c1ccc(OCCOc3ccc(N4C(=O)c5ccc(*)cc5C4=O)cc3)cc1)C2=O,,,2.4523
*CC(*)C(=O)Oc1ccc(Cl)cc1,,,2.4559
*c1ccc(C2(c3ccc(N4C(=O)c5ccc(C(=O)c6ccc7c(c6)C(=O)N(*)C7=O)cc5C4=O)cc3)c3ccccc3-c3ccccc32)cc1,,,2.4589
*c1ccc(*)[CH3]1,,,2.4594
*C(=O)c1ccc(-c2ccc(C(*)=S)cc2)cc1,-6.37,2.0643,2.4596
*c1ccc(NC(=O)c2cccc(C(=O)Nc3ccc(-n4c(=O)c5cc6c(=O)n(*)c(=O)c6cc5c4=O)cc3)c2)cc1,,,2.46
*c1ccc(C(=O)Nc2ccc(-n3c(=O)c4cc5c(=O)n(*)c(=O)c5cc4c3=O)cc2C(=O)OCC)cc1,,,2.463
*c1ccc(C(CCCCCCCC)c2ccc(-n3c(=O)c4cc5c(=O)n(*)c(=O)c5cc4c3=O)cc2)cc1,,,2.4696
*C=C1CCC(=Cc2ccc(Sc3ccc(*)o3)o2)C1=O,,,2.4731
*c1ccc(-c2sc(-c3cc(SCCCC)c(*)s3)cc2SCCCC)cc1,,,2.4731
*c1cc(-c2nc3ccccc3o2)cc(-n2c(=O)c3cc4c(=O)n(*)c(=O)c4cc3c2=O)c1,,,2.4745
*c1cc(CCCC(F)(F)C(F)(F)C(F)(F)C(F)(F)F)c(*)s1,,,2.4769
*c1ccc(-c2ccc(-c3cc(CCCCCCCC)c(*)s3)s2)s1,,,2.4777
*C(=O)Nc1ccc(-c2ccc(NC(=O)c3ccc4c(c3)C(=O)N(c3ccc(S(=O)(=O)c5ccc(N6C(=O)c7ccc(*)cc7C6=O)cc5)cc3)C4=O)cc2)cc1,,,2.4779
*C(=S)Oc1ccc(-c2ccc(*)s2)s1,-6.07,1.9834,2.4847
*C(=O)c1ccc2c(c1)C(=O)N(c1cccc(C#Cc3cccc(N4C(=O)c5ccc(*)cc5C4=O)c3)c1)C2=O,,,2.4849
*C(=O)c1ccc2c(c1)C(=O)N(c1ccc(C(C)(C)c3ccc(C(C)(C)c4ccc(N5C(=O)c6ccc(*)cc6C5=O)cc4)cc3)cc1)C2=O,,,2.4861
*Oc1ccc(N=C(c2ccc(C(=Nc3ccc(*)cc3)C(C#N)C#N)cc2)C(C#N)C#N)cc1,,,2.4883
*C(=O)c1ccc2c(c1)C(=O)N(c1ccc(-c3ccc(N4C(=O)c5ccc(*)cc5C4=O)c(OC)c3)cc1OC)C2=O,,,2.4885
*c1ccc(N2C(=O)c3ccc(-c4ccc5c(c4)C(=O)N(c4ccc6[CH3]c(*)nc6c4)C5=O)cc3C2=O)cc1,,,2.4895
*c1ccc(Oc2ccc(-n3c(=O)c4cc5c(=O)n(*)c(=O)c5cc4c3=O)cc2Br)c(Br)c1,,,2.4917
*c1cc(CCCCCCCCCCBr)c(*)s1,,,2.4923
*NC(=S)C(=O)O*,-5.89,1.8481,2.4947
*c1cc(CCCCC)c(*)s1,,,2.495
*C(=O)c1ccc2c(c1)C(=O)N(c1cccc(Nc3ncnc(Nc4cccc(N5C(=O)c6ccc(*)cc6C5=O)c4)n3)c1)C2=O,,,2.4957
*C(=O)c1ccc2c(c1)C(=O)N(c1cccc(C(=O)Nc3ccc(N4C(=O)c5ccc(*)cc5C4=O)cc3)c1)C2=O,,,2.497
*c1cc(CCCCCCCCCC(O)CO)c(*)s1,,,2.497
*c1sc(*)c2nc(-c3ccccc3)c(C)nc12,,,2.498
*c1ccc(-c2ccc(-c3ccc(-c4ccc(*)cc4)cc3)cc2)cc1,,2.5835,2.5009
*Cc1ccc(-c2ccc(C(*)=S)s2)s1,-5.95,1.7203,2.5023
*C(=O)c1ccc2c(c1)C(=O)N(c1ccc3c(c1)C(=O)c1cc(N4C(=O)c5ccc(*)cc5C4=O)ccc1-3)C2=O,,,2.5033
*C(=O)c1ccc2c(c1)C(=O)N(c1cccc(Nc3nc(Nc4cccc(N5C(=O)c6ccc(*)cc6C5=O)c4)nc(N(C)C)n3)c1)C2=O,,,2.5033
*c1ccc(-c2cc(C(=O)OCCCCCCCCCCCC)c(*)s2)s1,,,2.5061
*C(=O)Nc1cccc(NC(=O)c2ccc3c(c2)C(=O)N(c2ccc(Oc4cccc5c(N6C(=O)c7ccc(*)cc7C6=O)cccc45)cc2)C3=O)n1,,,2.5119
*C(=O)c1ccc2c(c1)C(=O)N(c1cc(-c3nc4ccccc4s3)cc(N3C(=O)c4ccc(*)cc4C3=O)c1)C2=O,,,2.5125
*C(=O)c1ccc2c(c1)C(=O)N(c1ccc(Oc3cccc(Oc4ccc(N5C(=O)c6ccc(*)cc6C5=O)cc4)c3)cc1)C2=O,,,2.514
*C=C1CCC(=Cc2ccc(*)cc2)C1=O,,,2.5147
*c1cc(COCCCCCCCCCCCCOc2ccc(-c3ccc(OC)cc3)cc2)c(*)s1,,,2.5163
*c1ccc(Sc2ccc(-n3c(=O)c4cc5c(=O)n(*)c(=O)c5cc4c3=O)cc2)cc1,,2.3234,2.5188
*c1ccc(-c2ccc(-n3c(=O)c4c(F)c5c(=O)n(*)c(=O)c5c(F)c4c3=O)cc2C)c(C)c1,,,2.5202
*C=CC=Cc1nc2cc3sc(*)nc3cc2s1,,,2.5254
*c1cc(CCCCCCO[CH3](C)(C)C)c(*)s1,,,2.5263
*CCCCCCCCCC[CH3]1ccc(-c2cc[CH3](*)cc2)cc1,,,2.5264
*CC(*)(C)C(=O)Oc1ccc(N=Nc2ccc(C#N)cc2)cc1,,,2.5281
*C(=O)c1ccc(-c2ccc(-c3ccc(*)s3)cc2)s1,-6.34,1.5224,2.5282
*c1cc(CCCCCCCCCC2COC(=O)O2)c(*)s1,,,2.5293
*C(=S)c1ccc(C(F)(F)C(*)(F)F)s1,-5.66,2.1029,2.5306
*C=CC(=O)C=Cc1ccc(Sc2ccc(*)o2)o1,,,2.5309
*c1ccc(Oc2ccccc2-n2c(=O)c3cc4c(=O)n(*)c(=O)c4cc3c2=O)cc1,,,2.5326
*c1ccc(-c2ccc(*)n2C#Cc2ccc(CCCCCC)cc2)s1,,,2.5339
*C(OC)=C(OC)c1ccc(*)s1,,,2.5351
*C(=O)c1ccc2c(c1)C(=O)N(c1ccc(-c3ccc(N4C(=O)c5ccc(*)cc5C4=O)cc3)cc1)C2=O,,,2.5354
*CC(*)c1ccncc1,,,2.5368
*C(=O)Oc1ccc(OC(=O)c2ccc3c(c2)C(=O)N(c2ccc(Oc4ccc(N5C(=O)c6ccc(*)cc6C5=O)cc4)cc2)C3=O)cc1,,,2.5383
*c1ccc(*)n1C(O)=NO,,,2.5384
*c1cc(CCCC)c(*)s1,,,2.5394
*CC(=S)NC(*)=S,-5.43,1.7598,2.5403
*Oc1ccc(-c2ccc(-c3ccc(*)s3)s2)s1,-6.12,1.8638,2.5408
*CC(=S)CC(*)=S,-5.3,2.5638,2.5423
*c1ccc(-c2ccc(-c3ccc(*)n3C)s2)s1,,,2.5449
*c1cc(CCCCBr)c(*)s1,,,2.5458
*C(=O)c1ccc(NC(=S)Oc2ccc(Nc3ccc(*)s3)s2)s1,,2.3992,2.5473
*c1cccc2c(-n3c(=O)c4cc5c(=O)n(*)c(=O)c5cc4c3=O)cccc12,,,2.5506
*CC(=O)C(=S)c1ccc(*)s1,-6,2.1804,2.5515
*c1ccc(N=Nc2ccc(-c3csc(-c4nc(*)cs4)n3)cc2)cc1,,,2.5523
*c1cc(CCCCCCBr)c(*)s1,,,2.553
*Nc1nc(Nn2c(=O)c3cc4c(=O)n(*)c(=O)c4cc3c2=O)nc(N(CCCC)CCCC)n1,,,2.5558
*c1ccc(C(C=CC)c2ccc(-n3c(=O)c4cc5c(=O)n(*)c(=O)c5cc4c3=O)cc2)cc1,,,2.5577
*C(=O)Nc1ccc(Cc2ccc(NC(=O)c3ccc4c(c3)C(=O)N(c3ccc(S(=O)(=O)c5ccc(N6C(=O)c7ccc(*)cc7C6=O)cc5)cc3)C4=O)cc2)cc1,,,2.5578
*c1[CH3]c(*)c(OC)c1OC,,,2.5591
*c1ccc(-c2sc(-c3cc(CCCC)c(*)s3)cc2CCCC)cc1,,,2.5595
*c1cc(CCCCCC)c(*)s1,,,2.5608
*c1cc(CCS(=O)(=O)O)c(*)s1,,,2.5623
*Nc1ccc(-c2ccc(-c3ccc(*)s3)cc2)s1,-6.18,1.6397,2.5627
*c1ccc(Oc2cccc(-n3c(=O)c4cc5c(=O)n(*)c(=O)c5cc4c3=O)c2)cc1,,,2.5637
*c1cccc(Oc2cccc(-n3c(=O)c4cc5c(=O)n(*)c(=O)c5cc4c3=O)c2)c1,,,2.5671
*c1cc(CCCCCCCC)c(*)s1,,,2.5682
*C(=O)Oc1ccc2ccc(OC(=O)c3ccc4c(c3)C(=O)N(c3ccc(Oc5ccc(N6C(=O)c7ccc(*)cc7C6=O)cc5)cc3)C4=O)cc2c1,,,2.5688
*c1ccc(NC(=O)c2ccc(C(=O)Nc3ccc(-c4nc5cc(-c6ccc7[CH3]c(*)nc7c6)ccc5[CH3]4)cc3)cc2)cc1,,,2.5692
*c1ccc(-c2ccc(-c3ccc(*)n3-c3c(F)c(F)c(F)c(F)c3F)s2)s1,,,2.5698
*Cc1ccc(C(=S)c2ccc(*)s2)s1,-5.94,2.2961,2.5715
*C(=O)c1ccc2c(c1)C(=Nc1ccc(Oc3cccc(N=C4OC(=O)c5ccc(*)cc54)c3)cc1)OC2=O,,,2.5722
*c1ccc(C(C)(C)c2ccc(-n3c(=O)c4cc5c(=O)n(*)c(=O)c5cc4c3=O)cc2)cc1,,,2.5724
*Nc1nc(Nn2c(=O)c3cc4c(=O)n(*)c(=O)c4cc3c2=O)nc(N(CCC)CCC)n1,,,2.5752
*C(=O)c1ccc2c(c1)C(=O)N(c1ccc(Oc3ccc(N4C(=O)c5ccc(*)cc5C4=O)cc3)cc1)C2=O,,,2.5757
*c1cc(CCCCCCCCC)c(*)s1,,,2.5759
*C=Nc1ccc(N=Cc2ccc(Sc3ccc(*)o3)o2)cc1,,,2.5795
*C(=O)Oc1ccc(OC(=O)c2ccc3c(c2)C(=O)N(c2ccc(Oc4ccc(N5C(=O)c6ccc(*)cc6C5=O)cc4)cc2)C3=O)c(C(C)(C)C)c1,,,2.5796
*CC(=O)Nc1ccc(NC(=O)c2ccc3c(c2)C(=O)N(*)C3=O)cc1,,,2.5823
*Nc1cc(NC(=O)Nc2ccc(NC(*)=O)cc2)cc(C(=O)Nc2cccc3c2C(=O)c2ccccc2C3=O)c1,,,2.5826
*C(=O)c1ccc2c(c1)C(=O)N(c1ccc(Sc3ccc(N4C(=O)c5ccc(*)cc5C4=O)cn3)nc1)C2=O,,,2.583
*C(=O)c1cccc(C(=O)c2ccc3c(c2)C(=O)N(c2ccc(Oc4ccc(N5C(=O)c6ccc(*)cc6C5=O)cc4)cc2)C3=O)c1,,,2.5831
*Nc1ccc(Nc2ccc(*)s2)s1,-5.96,3.4208,2.5847
*c1ccc(-c2nc3cc4nc(*)oc4cc3o2)c(O)c1,,,2.5896
*C(=O)Oc1ccc(OC(=O)c2ccc3c(c2)C(=O)N(c2ccc(Oc4ccc(N5C(=O)c6ccc(*)cc6C5=O)cc4)cc2)C3=O)c(-c2ccccc2)c1,,,2.5898
*C(=O)c1ccc2c(c1)C(=O)N(c1ccc(OCCOCCOCCOc3ccc(N4C(=O)c5ccc(*)cc5C4=O)cc3)cc1)C2=O,,,2.5902
*NC(=S)OC(*)=S,-5.64,2.4316,2.5906
*c1ccc2c(c1)C(=O)N(c1ccc(Oc3ccc(N4C(=O)c5ccc(C(F)(F)C(F)(F)C(F)(F)C(F)(F)C(F)(F)C(F)(F)C(F)(F)C(*)(F)F)cc5C4=O)cc3)cc1)C2=O,,,2.6011
*c1cc(CC(=O)OCCCCCCOc2ccc(N=Nc3ccc(C#N)cc3)cc2)c(*)s1,,,2.6018
*CNC(=S)C(*)=O,-5.79,2.1003,2.602
*c1cc(CCCCCCCCCC)c(*)s1,,,2.6027
*C(=S)c1ccc(-c2ccc(-c3ccc(*)cc3)cc2)cc1,-6.31,1.6353,2.6076
*C(=O)c1ccc2c(c1)C(=O)N(c1ccc(Oc3ccc(N4C(=O)c5ccc(*)cc5C4=O)cc3Br)c(Br)c1)C2=O,,,2.6114
*c1sc(*)c2nc(CC)c(CC)nc12,,,2.6114
*c1cc(C)c(*)[CH3]1,,,2.6116
*Nc1nc(Nn2c(=O)c3cc4c(=O)n(*)c(=O)c4cc3c2=O)nc(N(CC)CC)n1,,,2.6124
*C=CC(C)=CC=CC=C(C)C=Cc1nc(-c2csc(*)n2)cs1,,,2.6128
*C(=O)c1ccc2c(c1)C(=O)N(c1ccc(Oc3ccc(S(=O)(=O)c4ccc(Oc5ccc(N6C(=O)c7ccc(*)cc7C6=O)cc5)cc4)cc3)cc1)C2=O,,,2.6168
*Oc1cccc(Oc2ccc3c(=O)n4c5cc(Oc6ccc7c(c6)nc6c8ccc(*)c9cccc(c(=O)n76)c98)ccc5nc4c4cccc2c34)c1,,,2.6185
*c1ccc(*)n1C,,,2.6193
*c1ccc(Oc2cccc(Oc3ccc(-n4c(=O)c5cc6c(=O)n(*)c(=O)c6cc5c4=O)cc3)c2C#N)cc1,,,2.6202
*C(=O)Nc1ccc(C(=O)Nc2ccc(NC(=O)c3ccc4[CH3]c(-c5ccc(-c6nc7cc(*)ccc7[CH3]6)cc5)nc4c3)cc2)cc1,,,2.6204
*c1ccc(Oc2ccc(-c3cnc4cc5nc(*)cnc5cc4n3)cc2)cc1,,,2.6218
*Oc1ccc(C(=S)c2ccc(*)s2)s1,-6.04,2.3041,2.6229
*C(=O)Oc1ccc(-c2ccc(OC(=O)c3ccc4c(c3)C(=O)N(c3ccc(Oc5ccc(N6C(=O)c7ccc(*)cc7C6=O)cc5)cc3)C4=O)cc2)cc1,,,2.6231
*c1ccc(C#Cc2cc(OCCCCCCCC)c(C#Cc3ccc(-c4nnc(*)o4)cc3)cc2OCCCCCCCC)cc1,,,2.6231
*CCc1ccc(C(*)=S)s1,-5.69,2.295,2.6244
*c1ccc(Cc2cccc(-n3c(=O)c4cc5c(=O)n(*)c(=O)c5cc4c3=O)c2)cc1,,,2.6251
*CC(O)CN(*)c1ccc(N=Nc2ccc(Cl)cc2)cc1,,,2.6263
*CC(=O)C(=S)c1ccc(*)cc1,-6.15,2.4428,2.6275
*CC(=S)c1ccc(N*)cc1,-5.95,2.1148,2.6292
*C(=O)c1ccc2c(c1)C(=O)N(c1cc(OCCCCCCCC)cc(N3C(=O)c4ccc(*)cc4C3=O)c1)C2=O,,,2.6342
*Nc1ccc2c(c1)Cc1cc(NC(=O)c3cc(C(=O)O)c(C(*)=O)cc3C(=O)O)ccc1-2,,,2.6346
*c1ccc(-c2nc3cc4nc(*)c(-c5ccccc5)nc4cc3nc2-c2ccccc2)cc1,,,2.6364
*CC(O)CN(*)c1cc(C)c(N=Nc2ccc(Cl)cc2)c(C)c1,,,2.6365
*C=Cc1ccc2c(c1)Sc1cc(*)ccc1N2CCCCCCCC,,,2.6367
*Oc1ccc(C(=S)c2ccc(*)cc2)cc1,-6.28,1.7412,2.6372
*CC(*)c1cc(Cl)ccc1Cl,,,2.6378
*C(=O)C(=S)OC(*)=S,-5.98,1.4146,2.6385
*c1cc(-c2ccc(OC)cc2)c(*)s1,,,2.6389
*c1cc(-c2ccc(OCCCCCCCC)cc2)c(*)s1,,,2.6404
*c1cc(-c2ccc(OCCCCCC)cc2)c(*)s1,,,2.6448
*c1cccc(Cc2cccc(-n3c(=O)c4cc5c(=O)n(*)c(=O)c5cc4c3=O)c2)c1,,,2.645
*Oc1ccc(C(=S)c2ccc(*)cc2)s1,-6.18,2.4038,2.6462
*Oc1ccc(-c2ccc(C(*)=O)s2)s1,-6.27,2.3145,2.6473
*c1ccc(-c2nc3cc4nc(*)oc4cc3o2)cc1,-6.82,,2.6504
*C(=O)Nc1ccc(NC(=O)c2ccc3c(c2)C(=O)N(c2ccc(Oc4ccc(N5C(=O)c6ccc(*)cc6C5=O)cc4)cc2)C3=O)cc1,,,2.6514
*c1cc(CCCCCCOC(=O)COc2ccccc2)c(*)s1,,,2.6531
*c1[CH3]c(*)c2c1CCC2,,,2.6564
*c1ccc2c(c1)Cc1cc(N3C(=O)c4ccc(-c5ccc6c(c5)C(=O)N(*)C6=O)cc4C3=O)ccc1-2,,,2.6588
*C(=O)c1ccc2c(c1)C(=O)N(c1cc(-c3nc4ccccc4o3)cc(N3C(=O)c4ccc(*)cc4C3=O)c1)C2=O,,,2.6591
*C(=O)c1ccc2c(c1)C(=O)N(c1ccc(Sc3ccc(N4C(=O)c5ccc(*)cc5C4=O)cc3)cc1)C2=O,,,2.66
*c1cc(COCCCCCCCCOc2ccc(-c3ccc(OC)cc3)cc2)c(*)s1,,,2.6611
*C(=O)c1ccc2c(c1)C(=O)N(c1cc(OCCCC)cc(N3C(=O)c4ccc(*)cc4C3=O)c1)C2=O,,,2.6613
*c1cc(-c2ccc(OCCCC)cc2)c(*)s1,,,2.6658
*c1cc(-c2ccc(CCCCCCCC)cc2)c(*)s1,,,2.6682
*c1ccc(Cc2ccc(-n3c(=O)c4cc5c(=O)n(*)c(=O)c5cc4c3=O)cc2)cc1,,,2.6697
*c1cc(CC(=O)O)c(*)s1,,,2.6702
*c1cc2c(s1)-c1sc(*)cc1C2CCCCCCN,,1.3223,2.6725
*Nc1ccc(Nc2ccc(*)cc2)cc1C(=O)O,,,2.6737
*C(=S)c1ccc(C(=S)c2ccc(*)cc2)cc1,-6.17,1.8035,2.6743
*c1cc(-c2ccc(F)cc2)c(*)s1,,,2.6765
*C(=S)C(F)(F)c1ccc(C(*)(F)F)cc1,-5.84,2.4957,2.6791
*C(=O)Oc1ccc(OC(=O)c2ccc3c(c2)C(=O)N(c2ccc(Oc4ccc(N5C(=O)c6ccc(*)cc6C5=O)cc4)cc2)C3=O)c(C)c1,,,2.6804
*C(=O)Nc1ccc(S(=O)(=O)c2ccc(NC(=O)c3ccc4c(c3)C(=O)N(c3ccc(Oc5ccc(N6C(=O)c7ccc(*)cc7C6=O)cc5)cc3)C4=O)cc2)cc1,,,2.6835
*CC(=O)c1ccc(C(*)=S)s1,-6,2.3542,2.6865
*c1ccc(*)n1CC(=O)OC,,,2.6899
*c1ccc2nc3c4cccc5c6nc7ccc(*)cc7nc6c6cccc(c3nc2c1)c6c45,,,2.69
*Oc1ccc(Oc2ccc(N=C(c3cccc(C(=Nc4ccc(*)cc4)C(C#N)C#N)c3)C(C#N)C#N)cc2)cc1,,,2.6924
*Nc1ccc(NC(=S)NC(=O)c2ccc(C(=O)NC(*)=S)cc2)cc1,,,2.6945
*C(=O)c1ccc2c(c1)C(=O)N(c1ccc(C(c3ccccc3)c3ccc(N4C(=O)c5ccc(*)cc5C4=O)cc3)cc1)C2=O,,,2.6954
*c1ccc(-c2nc3ccc(-c4ccc5nc(*)oc5c4)cc3o2)cc1,,,2.6967
*C(=O)Nc1ccc(Oc2ccc(NC(=O)c3ccc4c(c3)C(=O)N(c3ccc(Oc5ccc(N6C(=O)c7ccc(*)cc7C6=O)cc5)cc3)C4=O)cc2)cc1,,,2.699
*c1ccc2c(c1)C(=O)N(c1cc(N3C(=O)c4ccc(C(*)(C(F)(F)F)C(F)(F)F)cc4C3=O)c(O)cc1O)C2=O,,,2.7003
*C(=O)Nc1ccc(Oc2ccc(N3C(=O)c4ccc(*)cc4C3=O)cc2)cc1,,,2.7025
*CC(=S)C(=O)O*,-5.84,2.0697,2.7057
*c1ccc(-c2cnc3cc4ncc(*)nc4cc3n2)cc1,,,2.7084
*CC(*)c1ccc(C(=O)CCN2CCCCC2)cc1,,,2.7084
*c1cc(C)c(C(=O)C(O)C2CC3C(*)CC3(O)C2=O)c(=O)n1C,,,2.7097
*C(=O)Nc1ccc(NC(=O)c2ccc(NC(=O)c3ccc(-c4nc5cc(*)ccc5[CH3]4)cc3)cc2)cc1,,,2.7114
*c1ccc(C2(c3ccc(N4C(=O)c5ccc(-c6ccc7c(c6)C(=O)N(*)C7=O)cc5C4=O)cc3)c3ccccc3-c3ccccc32)cc1,,,2.7114
*Cc1ccc(-c2ccc(C(*)=S)cc2)s1,-6.05,1.9959,2.7134
*C(=O)Nc1ccc(Oc2ccc(NC(=O)c3ccc4c(c3)C(=O)N(c3ccc(S(=O)(=O)c5ccc(N6C(=O)c7ccc(*)cc7C6=O)cc5)cc3)C4=O)cc2)cc1,,,2.7174
*c1ccc(Oc2ccc(N3C(=O)c4ccc(S(=O)(=O)c5ccc6c(c5)C(=O)N(*)C6=O)cc4C3=O)cc2Br)c(Br)c1,,,2.7192
*c1ccc(C(c2ccc(-n3c(=O)c4cc5c(=O)n(*)c(=O)c5cc4c3=O)cc2)(C(F)(F)F)C(F)(F)F)cc1,,,2.7195
*C(=O)c1ccc2c(c1)C(=O)N(c1ccc(OCC(C)(C)COc3ccc(N4C(=O)c5ccc(*)cc5C4=O)cc3)cc1)C2=O,,,2.7216
*CC(=O)c1ccc(C(*)=S)cc1,-6.15,2.4669,2.7253
*Oc1ccc(Oc2ccc(OC(=O)c3ccc(OC(=O)c4ccc(C(=O)Oc5ccc(C(*)=O)cc5)cc4)cc3)cc2)cc1,,,2.7268
*Nc1ccc(NC(=O)C=CC(*)=O)cc1,,,2.7273
*c1c(C)cc(-c2cc(C)c(N3C(=O)c4ccc(S(=O)(=O)c5ccc6c(c5)C(=O)N(*)C6=O)cc4C3=O)c(C)c2)cc1C,,,2.7305
*c1[CH3]c(*)c2c1CCCC2,,,2.7316
*CC(*)n1c(C)c(C)c2ccccc21,,,2.733
*CC(=S)c1ccc(O*)cc1,-5.99,2.3706,2.734
*C(=O)c1ccc(-c2ccc(-c3ccc(*)s3)s2)cc1,-6.31,,2.7359
*C=Nc1ccccc1N=Cc1ccc(Sc2ccc(*)o2)o1,,,2.7375
*C=Cc1ccc(-c2ccc(C=Cc3cc(*)ncn3)cc2)cc1,,,2.7379
*c1cc(-c2ccc(Br)cc2)c(*)s1,,,2.7394
*C(=O)Nc1ccc(NC(=O)c2ccc3c(c2)C(=O)N(c2ccc(S(=O)(=O)c4ccc(N5C(=O)c6ccc(*)cc6C5=O)cc4)cc2)C3=O)cc1,,,2.7403
*C(=O)c1ccc2c(c1)C(=O)N(c1ccc(Cc3ccc(N4C(=O)c5ccc(*)cc5C4=O)cc3)cc1)C2=O,,,2.7406
*Nc1cc(NC(=O)c2ccc3cc(C(*)=O)ccc3c2)cc(C(=O)OCCOc2ccc(C=CC(=O)c3ccccc3)cc2)c1,,,2.7406
*CCc1ccc(C(*)=S)cc1,-5.87,2.7697,2.742
*c1ccc(Oc2ccc(-c3cc(-c4ccccc4)c4cc5nc(*)cc(-c6ccccc6)c5cc4n3)cc2)cc1,,,2.7429
*c1cc(-c2ccccc2)c(*)s1,,,2.7439
*Oc1ccc(N=Cc2ccc(N(c3ccccc3)c3ccc(C=Nc4ccc(*)cc4)cc3)cc2)cc1,,,2.7442
*C(=O)Nc1cccc(NC(=O)c2ccc3[CH3]c(-c4cc(-c5nc6cc(*)ccc6[CH3]5)cc(N5C(=O)c6ccccc6C5=O)c4)nc3c2)c1,,,2.7447
*c1cc(CCCCCCCCCCCC)c(*)s1,,,2.7478
*OC(=S)c1ccc(C(*)=O)s1,-6.21,2.3663,2.753
*C(c1ccccc1)C(*)(C#N)C#N,,,2.7551
*c1ccc(*)nc1,,,2.7583
*c1ccc(-c2cnc3cc4nc(*)cnc4cc3n2)cc1,,,2.7587
*CCOC(=S)NC(=S)c1ccc(N*)cc1,-5.81,2.4106,2.7606
*c1ccc(-c2ccc(-c3cnc4cc(-c5ccc6nc(*)cnc6c5)ccc4n3)cc2)cc1,,,2.7698
*C(=O)Nc1ccc(C2(c3ccc(N4C(=O)c5ccc(*)cc5C4=O)cc3)CCC(C(C)(C)C)CC2)cc1,,,2.7711
*c1cc(C(C(=O)OC)C(=O)OC)c(*)s1,,,2.7717
*Nc1ccc(-c2ccc(N=C(c3ccc(-c4ccc(C(*)=C(C#N)C#N)cc4)cc3)C(C#N)C#N)cc2)cc1,,,2.7741
*c1ccc(-c2ccc(-n3c(=O)c4cc5c(=O)n(*)c(=O)c5cc4c3=O)cc2F)c(F)c1,,,2.7749
*c1ccc(Cc2ccc(N3C(=O)c4ccc(S(=O)(=O)c5ccc6c(c5)C(=O)N(*)C6=O)cc4C3=O)cc2)cc1,,,2.775
*Nc1ccc(-c2ccc(-c3ccc(*)cc3)s2)cc1,-6.26,1.8163,2.7767
*c1sc(*)c2nc(C)c(C)nc12,,,2.7771
*C=Cc1ccc(*)s1,,,2.7814
*c1ccc(Oc2ccc(-c3cnc4cc5ncc(*)nc5cc4n3)cc2)cc1,,,2.782
*c1ccc(C(=O)Oc2ccc(-n3c(=O)c4cc5c(=O)n(*)c(=O)c5cc4c3=O)cc2)cc1,,,2.7833
*c1ccc(-c2ccc(-n3c(=O)c4cc5c(=O)n(*)c(=O)c5cc4c3=O)cc2OC(F)(F)F)c(OC(F)(F)F)c1,,,2.7837
*Cc1ccc(-c2ccc(C(*)=S)s2)cc1,-6.08,1.9323,2.7839
*C(=O)Oc1ccc(C(*)=S)s1,-6.21,1.9856,2.7905
*Cc1ccc(C(=S)c2ccc(*)s2)cc1,-6.07,2.5143,2.7917
*C(=O)Nc1ccc(C2(c3ccc(N4C(=O)c5ccc(*)cc5C4=O)cc3)CC(C)CC(C)(C)C2)cc1,,,2.7929
*c1ccc(-c2ccc(-c3cc(-c4ccccc4)c4cc5nc(*)cc(-c6ccccc6)c5cc4n3)cc2)cc1,,,2.7932
*C(=O)Nc1cccc(NC(=O)c2ccc3c(c2)C(=O)N(c2cc(-c4nc5ccccc5o4)cc(N4C(=O)c5ccc(*)cc5C4=O)c2)C3=O)n1,,,2.7946
*c1ccc(C(c2ccccc2)(c2ccc(-n3c(=O)c4cc5c(=O)n(*)c(=O)c5cc4c3=O)cc2)C(F)(F)F)cc1,,,2.7963
*Cc1ccc(C(=S)c2ccc(*)cc2)cc1,-6.17,2.3058,2.7965
*c1sc(*)c2nc(-c3ccccc3)c(CC)nc12,,,2.7967
*c1ccc(*)n1CCC(=O)OC,,,2.7978
*c1ccc(S(=O)(=O)c2ccc(-n3c(=O)c4cc5c(=O)n(*)c(=O)c5cc4c3=O)cc2)cc1,,,2.8028
*C(=O)c1ccc2c(c1)C(=O)N(c1ccc(-c3ccc(N4C(=O)c5ccc(*)cc5C4=O)cc3C)c(C)c1)C2=O,,,2.8033
*c1cc(CC(=O)Cl)c(*)s1,,,2.8053
*c1cc(C(F)(F)C(F)(F)C(F)(F)F)c(*)s1,,,2.8054
*c1cc(C(=O)Oc2cccc3cccnc23)c(*)s1,,,2.8057
*C(=S)OC(=S)c1ccc(*)cc1,-6.13,2.364,2.8098
*Nc1ccc(C#Cc2ccc(NC(=O)c3ccc(C(*)=O)cc3)cc2)cc1,,,2.8111
*C(=S)C(F)(F)c1ccc(C(*)(F)F)s1,-5.65,2.1503,2.8122
*C=Nc1cccc(N=Cc2ccc(Sc3ccc(*)o3)o2)c1,,,2.8126
*Nc1ccc(-c2ccc(C(*)=S)cc2)cc1,-6.25,2.3255,2.813
*C#Cc1c(F)c(F)c(C#Cc2cc(CCCCCC)c(*)s2)c(F)c1F,,,2.8156
*CC(=S)c1ccc(O*)s1,-5.8,1.6344,2.8161
*c1cc(OCCOCCCC)c(*)s1,,,2.819
*C(=O)Nc1cc(NC(=O)c2ccc(*)o2)c(N)cc1N,,,2.8199
*c1ccc(N2CCC(c3cccc(C4=NN(*)CC4)c3)=N2)cc1,,,2.8203
*c1cc(*)c(O)c(C=Nc2ccc(C(=O)O)cc2)c1,,,2.8212
*c1ccc(-c2ccc(-c3cc(-c4ccccc4)c4cc5c(-c6ccccc6)cc(*)nc5cc4n3)cc2)cc1,,,2.8216
*c1ccc(*)n1C(C(=O)OCC)n1cccc1,,,2.8248
*c1ccc(-c2ccc(-c3ccc(*)n3C)o2)o1,,,2.825
*c1ccc(-c2ccc(-c3ccc(-c4ccc(*)s4)cc3)s2)cc1,-6.28,2.0606,2.8274
*CC(=O)CC(*)=S,-5.62,3.1252,2.8292
*c1ccc(-c2ccc(N3C(=O)c4ccc(-c5ccc6c(c5)C(=O)N(*)C6=O)cc4C3=O)c(C)c2)cc1C,,,2.83
*c1ccc(Oc2ccc(-c3cc(-c4ccccc4)c4cc5c(-c6ccccc6)cc(*)nc5cc4n3)cc2)cc1,,,2.8308
*c1cccc(-c2ccc(-c3ccc(*)s3)s2)n1,,2.0464,2.8359
*c1cc(Br)c(Oc2c(Br)cc(N3C(=O)c4ccc(S(=O)(=O)c5ccc6c(c5)C(=O)N(*)C6=O)cc4C3=O)cc2Br)c(Br)c1,,,2.8362
*c1cc(-n2c(=O)c3cc4c(=O)n(*)c(=O)c4cc3c2=O)c(O)cc1O,,,2.8367
*Oc1ccc(Nc2ccc(N=Nc3ccc(Nc4ccc(*)cc4)cc3)cc2)cc1,,,2.8393
*Oc1ccc2ccccc2c1N=Nc1ccc(C(*)=O)cc1,,,2.8394
*C(=O)c1ccc2c(c1)C(=O)N(c1cc(N3C(=O)c4ccc(*)cc4C3=O)c(O)cc1O)C2=O,,,2.8396
*Nc1ccc(-c2ccc(-c3ccc(*)s3)cc2)cc1,-6.26,1.8733,2.8401
*Oc1ccc(C=Nc2ccc(N=Cc3ccc(*)cc3)cc2)cc1,,,2.8416
*C(=S)C(F)(F)CC(*)(F)F,-5.2,2.4856,2.8419
*c1c2ccccc2c(*)n1C,,,2.8434
*c1ccc(-c2ccc(-c3nc4ccc(-c5ccc6nc(*)c(-c7ccccc7)nc6c5)cc4nc3-c3ccccc3)cc2)cc1,,,2.8449
*C(=O)c1ccc(-c2ccc(-c3ccc(*)s3)cc2)cc1,-6.38,,2.8474
*C(=O)Nc1ccc(C2(c3ccc(N4C(=O)c5ccc(*)cc5C4=O)cc3)CCCCC2)cc1,,,2.8477
*c1ccc(OC(=S)c2ccc(*)s2)cc1,-6.21,2.0472,2.8495
*c1ccc(-c2ccc(-c3cc(SCCCC)c(*)s3)cc2)cc1,,,2.8499
*C(=O)Nc1ccc(C2(c3ccc(N4C(=O)c5ccc(*)cc5C4=O)cc3)CCC(C(C)(C)CC)CC2)cc1,,,2.8521
*c1ccc(-c2nc3ccc(S(=O)(=O)c4ccc5nc(*)c(-c6ccccc6)nc5c4)cc3nc2-c2ccccc2)cc1,,,2.8529
*c1ccc(-c2nc3cc4nc(-c5ccccc5)c(*)nc4cc3nc2-c2ccccc2)cc1,,,2.8531
*NC(=S)NC(*)=S,-5.69,2.0315,2.8537
*c1ccc2cc(N(*)c3ccccc3)ccc2c1,,,2.8541
*c1ccc(*)n1CCCCCC,,,2.8542
*C=Cc1ccc2c(c1)C(CC(CC)CCCC)(CC(CC)CCCC)c1cc(*)ccc1-2,,,2.8561
*c1cc(C(=O)OCC(F)(F)C(F)(F)C(F)(F)F)c(*)s1,,,2.8607
*c1ccc(-n2c(=O)c3cc4c(=O)n(*)c(=O)c4cc3c2=O)cc1,,,2.8625
*c1cc(CCOCCOC)c(*)[CH3]1,,,2.8631
*C(=O)Nc1cccc(C#Cc2cccc(N3C(=O)c4ccc(*)cc4C3=O)c2)c1,,,2.8632
*C(=O)Nc1ccc(NC(=O)c2ccc3c(c2)C(=O)N(c2ccc(Oc4cccc5c(N6C(=O)c7ccc(*)cc7C6=O)cccc45)cc2)C3=O)cc1,,,2.8645
*CC(=O)c1ccc(-c2ccc(*)s2)s1,-6.12,2.3893,2.8653
*N=Cc1ccc(-c2ccc(C=Nc3ccc4c(c3)c3cc(*)ccc3n4CCCC)s2)s1,,,2.8673
*c1ccc(C(c2ccccc2)c2ccc(N3C(=O)c4ccc(S(=O)(=O)c5ccc6c(c5)C(=O)N(*)C6=O)cc4C3=O)cc2)cc1,,,2.8677
*C(=O)c1cccc(C(=O)c2ccc3c(c2)C(=Nc2cccc(N=C4OC(=O)c5cc(*)ccc54)c2)OC3=O)c1,,,2.869
*c1cc(CCCCCC)c(*)[CH3]1,,,2.8742
*c1ccc(*)n1CCC(O)=NO,,,2.8742
*c1cc(CCCCCCCCCC)c(*)[CH3]1,,,2.8756
*C(Cl)=C(c1ccccc1)c1ccc(*)cc1,,,2.8757
*Oc1ccc(-c2ccc(C(*)=O)s2)cc1,-6.38,2.0204,2.8763
*C(=O)c1ccc2c(c1)C(=O)N(c1ccc(N3C(=O)c4ccc(*)cc4C3=O)cc1)C2=O,,,2.8765
*NC(=O)c1ccc(C(*)=S)cc1,-6.28,2.4238,2.8785
*C(=O)c1ccc2c(c1)C(=O)N(c1cc(-c3nc4ccccc4oc3=O)cc(N3C(=O)c4ccc(*)cc4C3=O)c1)C2=O,,,2.8859
*C(=O)Nc1ccc(NC(=O)c2ccc3c(c2)C(=O)N(c2cc(-c4nc5ccccc5s4)cc(N4C(=O)c5ccc(*)cc5C4=O)c2)C3=O)cc1,,,2.886
*CC(=O)NC(*)=S,-5.8,3.0348,2.887
*c1c(C)cc(-c2cc(C)c(N3C(=O)c4ccc(-c5ccc6c(c5)C(=O)N(*)C6=O)cc4C3=O)c(C)c2)cc1C,,,2.8885
*N1CCC(CCc2ccc(N3C(=O)c4ccc(N5C(=O)C(=O)N(*)C5=O)cc4C3=O)cc2)CC1,,,2.8897
*c1cc(C(=O)OCCCCCC)c(*)s1,,,2.8903
*Nc1ccc(*)c2ccccc12,,,2.8917
*c1ccc(-c2ccc(-c3ccc(-c4ccc(*)s4)cc3)cc2)cc1,-6.34,1.8601,2.8936
*c1ccc(N(c2ccc(CCCC)cc2)c2ccc(-c3ccc(*)s3)cc2)cc1,,,2.8955
*C(=S)C(F)(F)NC(*)(F)F,-5.29,2.6094,2.8977
*c1ccc(*)n1CCC(=O)OCC,,,2.8986
*C(=O)c1ccc2c(c1)C(=O)N(c1ccc(-c3nc(-c4ccccc4)nc(-c4ccc(N5C(=O)c6ccc(*)cc6C5=O)cc4)n3)cc1)C2=O,,,2.8991
*c1cccc(Oc2ccc(S(=O)(=O)c3ccc(Oc4cccc(N5C(=O)c6ccc(-c7ccc8c(c7)C(=O)N(*)C8=O)cc6C5=O)c4)cc3)cc2)c1,,,2.9006
*c1ccc(C(c2ccccc2)c2ccc(N3C(=O)c4ccc(-c5ccc6c(c5)C(=O)N(*)C6=O)cc4C3=O)cc2)cc1,,,2.907
*Nc1ccc(NC(*)=S)s1,-5.89,2.1538,2.9073
*c1ccc(*)n1C(C(O)=NO)n1c2ccccc2c2ccccc21,,,2.9081
*c1ccc(N2C(=O)c3ccc(-c4cccc5c4C(=O)N(c4ccc6[CH3]c(*)nc6c4)C5=O)cc3C2=O)cc1,,,2.9114
*NC(=O)C(=S)c1ccc(*)cc1,-6.26,1.5619,2.9128
*c1ccc(Cc2ccc(N3C(=O)c4ccc(-c5ccc6c(c5)C(=O)N(*)C6=O)cc4C3=O)cc2)cc1,,,2.9129
*c1ccc(-c2ccc(N3C(=O)c4ccc(-c5cccc6c5C(=O)N(*)C6=O)cc4C3=O)c(C)c2)cc1C,,,2.9133
*Oc1ccc(C(C)=Nc2ccc(N=C(C)c3ccc(*)cc3)cc2)cc1,,,2.9143
*C(=O)c1ccc2c(c1)C(=O)N(c1cccc(Cc3ccc(C(=O)c4ccc(N5C(=O)c6ccc(*)cc6C5=O)cc4)cc3)c1)C2=O,,,2.9158
*c1ccc(-c2nnc(-c3nnc(*)o3)o2)cc1,,,2.9171
*C(=O)Nc1ccc(NC(=O)c2ccc(N3C(=O)c4ccc(*)cc4C3=O)cc2)cc1,,,2.9178
*Nc1c(F)c(F)c(-c2ccc3cc(-c4ccc5c(c4)C(=O)N(c4cccc(*)c4)C5=O)ccc3c2)c(F)c1F,,,2.918
*C(=O)Nc1ccc(C2(c3ccc(N4C(=O)c5ccc(*)cc5C4=O)cc3)CCC(CC)CC2)cc1,,,2.9185
*C(=O)Nc1ccc(NC(=O)c2cccc(C(=O)Nc3ccc(N4C(=O)c5ccc(*)cc5C4=O)cc3)c2)cc1,,,2.92
*c1ccc(-c2ccc3nc(*)cc(-c4ccccc4)c3c2)cc1,,,2.9209
*c1cc(CCCCCCCCCCCCCCC)c(*)s1,,,2.922
*NC(=O)c1ccc(-c2ccc(*)cc2)s1,-6.33,1.9448,2.9223
*C=CC(=O)C(C)=Cc1ccc(Sc2ccc(*)o2)o1,,,2.9229
*c1ccc(Cc2ccccc2-n2c(=O)c3cc4c(=O)n(*)c(=O)c4cc3c2=O)cc1,,,2.9239
*c1cc(*)c(O)c(C=Nc2ccc(Cl)cc2)c1,,,2.9264
*c1ccc(*)n1CC(O)=NO,,,2.9276
*c1ccc(N(c2ccc(CCCC)cc2)c2ccc(-c3sc(*)c4c3OCCO4)cc2)cc1,,,2.929
*C(=O)c1ccc2c(c1)C(=O)N(c1ccc(C(=O)c3cccc(C(=O)c4ccc(N5C(=O)c6ccc(*)cc6C5=O)cc4)c3)cc1)C2=O,,,2.9294
*c1ccc(-c2ccc(-c3ccc(*)n3C)n2C)cn1,,,2.931
*Nc1cc(NC(=O)c2ccc(C(*)=O)cc2)c(N)cc1N,,,2.9313
*C(=O)c1ccc2c(c1)C(=O)N(c1cccc(C(c3ccccc3)(c3cccc(N4C(=O)c5ccc(*)cc5C4=O)c3)C(F)(F)F)c1)C2=O,,,2.9326
*c1cc(CCCCCCCC)c(*)[CH3]1,,,2.9335
*Oc1ccc(C=Nc2ccc(N=Cc3ccc(Oc4ccc(C(c5ccccc5)(c5ccccc5)c5ccc(*)cc5)cc4)cc3)cc2)cc1,,,2.9337
*N=Nc1ccc(NC(=O)CCC(=O)Nc2ccc(*)cc2)cc1,,,2.9351
*c1ccc(Oc2ccc(-c3nc4ccc(-c5ccc6nc(*)c(-c7ccccc7)nc6c5)cc4nc3-c3ccccc3)cc2)cc1,,,2.9354
*CC(*)(C)C(=O)Oc1ccc(C(=O)C=Cc2ccc(Cl)cc2)cc1,,,2.9358
*Cc1ccc(C(=O)C(*)=S)cc1,-6.14,2.5816,2.9385
*c1ccc(-n2c(=O)c3cc4c(=O)n(*)c(=O)c4cc3c2=O)c(C)c1,,,2.9393
*CC(*)n1c2ccc(I)cc2c2cc(I)ccc21,,,2.9408
*OC(F)(F)C(=S)C(*)(F)F,-5.24,2.4298,2.9412
*C(=O)c1ccc(C(=S)c2ccc(*)cc2)cc1,-6.38,,2.9419
*Oc1ccc(N=C(c2ccc3cc(C(=Nc4ccc(*)cc4)C(C#N)C#N)ccc3c2)C(C#N)C#N)cc1,,,2.9429
*Oc1ccc(N=Nc2ccc(C(*)=O)cc2)cc1C,,,2.9443
*CCCCOc1ccc(C=C2CCC(=Cc3ccc(O*)cc3)C2=O)cc1,,,2.9446
*C(=O)c1ccc2c(c1)C(=O)N(c1ccc(C(c3ccccc3)(c3ccc(N4C(=O)c5ccc(*)cc5C4=O)cc3)C(F)(F)F)cc1)C2=O,,,2.9448
*Oc1c(F)c(F)c(On2c(=O)c3cc4c(=O)n(*)c(=O)c4cc3c2=O)c(F)c1F,,,2.9459
*Nc1ccc(C#Cc2ccc(C(*)=O)cc2)cc1,,,2.946
*c1ccc(-c2ccc(-c3nc(-c4ccc(-c5csc(*)n5)cc4)cs3)cc2)cc1,,,2.9481
*C(=O)Nc1ccc(NC(=O)c2ccc3c(c2)C(=O)N(c2cccc(N4C(=O)c5ccc(*)cc5C4=O)c2)C3=O)cc1,,,2.9484
*c1ccc(Oc2ccc(N3C(=O)c4cccc(Oc5cccc(Oc6cccc7c6C(=O)N(*)C7=O)c5)c4C3=O)cc2)cc1,,,2.949
*c1cc(Br)c(Oc2c(Br)cc(N3C(=O)c4ccc(-c5ccc6c(c5)C(=O)N(*)C6=O)cc4C3=O)cc2Br)c(Br)c1,,,2.9494
*CNC(=O)C(*)=S,-5.8,2.3654,2.9496
*Nc1ccc(NC(=O)c2cc(SCCCCCCCC)c(C(*)=O)cc2SCCCCCCCC)cc1,,,2.9501
*c1cc(-c2ccccc2)c(*)[CH3]1,,,2.9521
*c1cc(Br)c(Oc2c(Br)cc(N3C(=O)c4ccc(Oc5ccc6c(c5)C(=O)N(*)C6=O)cc4C3=O)cc2Br)c(Br)c1,,,2.9554
*C#Cc1cc(OCC(CC)CCCC)c(C#Cc2cc(OCCNCCCC)c(*)cc2OCCNCCCC)cc1OCC(CC)CCCC,,,2.9566
*C(=O)Oc1ccc(OC(=O)c2ccc3c(c2)C(=O)N(c2ccc(Sc4ccc(N5C(=O)c6ccc(*)cc6C5=O)cc4)cc2)C3=O)cc1,,,2.9567
*C(=O)OCCCCCCCCOC(=O)c1ccc(NC(=O)c2ccc(N3C(=O)c4ccc(*)cc4C3=O)cc2)cc1,,,2.9577
*C=C1CCCCC(=Cc2ccc(Sc3ccc(*)o3)o2)C1=O,,,2.9583
*Cc1ccc(-c2ccc(C(*)=S)cc2)cc1,-6.17,2.5561,2.9595
*C(=O)c1ccc2c(c1)C(=O)N(c1cccc(-c3nc(-c4ccccc4)nc(-c4cccc(N5C(=O)c6ccc(*)cc6C5=O)c4)n3)c1)C2=O,,,2.9625
*c1cccc(-c2ccc(-c3ccc(*)s3)s2)c1,,,2.9634
*c1ccc(-c2nc3cc(-c4ccc5nc(*)c(-c6ccc7ccccc7c6)nc5c4)ccc3nc2-c2ccc3ccccc3c2)cc1,,,2.9636
*c1cc(COCCCCCCCCOc2ccc(-c3ccc(C#N)cc3)cc2)c(*)s1,,,2.9654
*C(=O)c1ccc(C(=O)c2ccc(*)s2)s1,-6.37,1.863,2.966
*c1ccc2nc(*)sc2c1,,,2.966
*c1cc(CCCCCCCCCCCCCCCCCCCCCC)c(*)s1,,,2.9666
*C(=O)c1ccc(-c2ccc(-c3ccc(*)cc3)s2)cc1,-6.38,1.7624,2.9694
*C(OC)=C(OC)c1ccc(*)cc1,,,2.9734
*C=Cc1ccc(C=Cc2cc(*)ncn2)cc1,,,2.9779
*Oc1cc(OC(=O)c2ccc(C=Nc3ccc(OCCCCCCOc4ccc(N=Cc5ccc(C(*)=O)cc5)cc4F)c(F)c3)cc2)c(Cl)cc1Cl,,,2.9795
*c1ccc(Cc2ccc(N3C(=O)c4ccc([CH3](C)(C)c5ccc6c(c5)C(=O)N(*)C6=O)cc4C3=O)cc2)cc1,,,2.9801
*C=Cc1ccc(Oc2ccc(C=Cc3cc(*)ncn3)cc2)cc1,,,2.9815
*Nc1ccc(*)cc1S(=O)(=O)O,,,2.9815
*C(=O)Oc1ccc(C(*)=S)cc1,-6.32,2.3448,2.9816
*c1sc(*)c(OCCCCCCC)c1C,,,2.9827
*c1ccc(-c2nc3cc(-c4ccc5nc(*)c(-c6ccccc6)nc5c4)ccc3nc2-c2ccccc2)cc1,,,2.983
*c1cccc(-c2nc3cc4nc(*)c(-c5ccccc5)nc4cc3nc2-c2ccccc2)c1,,1.9959,2.9837
*c1ccc(*)n1C(C)C(=O)OC,,,2.9894
*c1ccc(-n2c(=O)c3cc4c(=O)n(*)c(=O)c4cc3c2=O)c(CP(=O)(OCC)OCC)c1,,,2.9894
*Nc1ccc(C(=O)c2ccc(*)s2)cc1,-6.29,2.3459,2.9895
*Oc1ccc(Nc2ccc(C(=O)c3ccc(C(=O)c4ccc(Nc5ccc(*)cc5)cc4)cc3)cc2)cc1,,,2.99
*c1cc(N=Nc2ccc(C(=O)O)cc2)cc(*)c1O,,,2.9911
*C(=O)Nc1ccc(C(=O)Nc2ccc(NC(=O)c3ccc4[CH3]c(-c5cccc(-c6nc7cc(*)ccc7[CH3]6)c5)nc4c3)cc2)cc1,,,2.9934
*c1cc(CCCCCCCCCC2COC(C)(C)O2)c(*)s1,,,2.9938
*C(=O)c1ccc(C(=O)C(*)=S)cc1,-6.42,1.6753,2.994
*c1ccc(C(=O)c2ccc(-n3c(=O)c4cc5c(=O)n(*)c(=O)c5cc4c3=O)cc2)cc1,,,2.9955
*n1nc(-n2c(=O)c3cc4c(=O)n(*)c(=O)c4cc3c2=O)c2ccccc2c1=O,,,2.9967
*c1ccc(Oc2ccc(-c3nc4cc(-c5ccc6nc(*)c(-c7ccccc7)nc6c5)ccc4nc3-c3ccccc3)cc2)cc1,,,2.9993
*N=Nc1cc(*)ccc1C,,,3.0039
*c1cc(*)c(O)c(C=Nc2ccc(N3CCOCC3)cc2)c1,,,3.01
*c1cc(C(=O)CC)c(*)[CH3]1,,,3.012
*c1ccc(-c2nc3ccc(-c4ccc5nc(*)sc5c4)cc3s2)cc1,,,3.0122
*C=Cc1cccc(*)c1,,,3.0128
*c1ccc(-c2ccc(-c3cnc4cc(Oc5ccc6nc(*)cnc6c5)ccc4n3)cc2)cc1,,,3.0165
*C(=O)c1ccc2c(c1)C(=O)N(c1ccc(C(c3ccc(N4C(=O)c5ccc(*)cc5C4=O)cc3)(C(F)(F)F)C(F)(F)F)cc1)C2=O,,,3.0171
*c1ccc(-c2ccc(N3C(=O)c4ccc(Oc5ccc6c(c5)C(=O)N(*)C6=O)cc4C3=O)cc2)cc1,,,3.0187
*C(=O)c1ccc2c(c1)C(=O)N(c1ccc(N3C(=O)c4ccc(*)cc4C3=O)nc1)C2=O,,,3.0206
*C(=O)Nc1cccc(C=CC(=O)C=Cc2cccc(NC(=O)c3ccc(N4C(=O)c5ccc(*)cc5C4=O)cc3)c2)c1,,,3.0227
*c1cc(N=Nc2ccc(OC)cc2)cc(*)c1O,,,3.0241
*Nc1ccc(NC(=O)C=Cc2ccc(C=CC(*)=O)cc2)cc1,,,3.0305
*NC(=S)Sc1cc(N)nc(*)n1,,,3.0317
*c1cc(N=Nc2ccc(S(=O)(=O)O)cc2)cc(*)c1O,,,3.0327
*C=Cc1csc(-c2cc(*)cs2)c1,,,3.0335
*CC(=S)CO*,-5.27,2.5314,3.0342
*c1cccc(-c2nc3cc(-c4ccc5nc(*)c(-c6ccc7ccccc7c6)nc5c4)ccc3nc2-c2ccc3ccccc3c2)c1,,,3.0367
*N=NC(=O)CCC(=O)Nc1ccc(NC(=O)C=CC(*)=O)cc1,,,3.0373
*Oc1ccc(OC(=O)C=Cc2ccc(C=CC(*)=O)cc2)cc1,,,3.0386
*c1ccc(*)c2nccnc12,,,3.0389
*c1ccc(*)c2nc(CCCCCCC)c(CCCCCCC)nc12,,,3.0414
*c1cc(CCCCCCCCCCCCCCCC)c(*)[CH3]1,,,3.0442
*c1ccc(-c2nnc(*)o2)c(OCCCCC)c1,,,3.0444
*c1cc(CCCCCCCCCC2COC(c3ccccc3)O2)c(*)s1,,,3.048
*C(=O)Nc1cccc(NC(=O)c2ccc3c(c2)C(=O)N(c2ccc(S(=O)(=O)c4ccc(N5C(=O)c6ccc(*)cc6C5=O)cc4)cc2)C3=O)c1,,,3.0501
*CCN(CCOC(=O)c1cccc(C(=O)O*)c1)c1ccccc1,,,3.0504
*C(=O)c1ccc2nc(-c3ccc(-c4nc5ccc(*)cc5nc4-c4ccccc4)cc3)c(-c3ccccc3)nc2c1,,,3.0508
*Nc1ccc(NC(=O)c2ccc(C(=O)c3ccc(C(*)=O)c(C(=O)O)c3)cc2C(=O)O)cc1,,,3.0554
*C=Cc1ccc(N(c2ccc(C=Cc3ccc4c5ccc(*)cc5n(CC(CC)CCCC)c4c3)cc2)c2ccc(OCC(CC)CCCC)cc2)cc1,,,3.0565
*C(=O)c1ccc2nc(-c3ccc(-c4cnc5cc(*)ccc5n4)cc3)cnc2c1,,,3.0578
*Cc1ccc(-c2ccc(-c3ccc(*)s3)s2)s1,-6.03,2.1001,3.0602
*C(=O)NNC(=O)c1cnc(*)cn1,,,3.0611
*c1ccc(N2C(=O)c3ccc(P(=O)(c4ccccc4)c4ccc5c(c4)C(=O)N(*)C5=O)cc3C2=O)cc1,,,3.066
*c1ccc(-c2ccc(Oc3ccc(*)s3)s2)cc1,-6.21,2.1882,3.0679
*c1ccc(-c2ccc(-c3cc(SCCCCCCCCCC)c(*)s3)cc2)cc1,,,3.0684
*c1cc(OCCCC)c(*)s1,,,3.0691
*C=Cc1ccc(C=Cc2cc(OCCCCCCCCCCCC)c(*)cc2OC)cc1,,,3.0704
*CC(*)C(=O)Nc1ccc2c(c1)C(=O)c1ccccc1C2=O,,,3.0723
*Nc1ccc(NC(=O)c2cc(C(*)=O)c(C(=O)O)cc2C(=O)O)cc1,,,3.0773
*c1ccc(-c2nnc(*)o2)cc1,,,3.0775
*C#Cc1cc(OCCCCCC)c(C#Cc2ccc3c(-c4c(O)ccc5cc(*)ccc45)c(O)ccc3c2)cc1OCCCCCC,,,3.0868
*C(=S)CC(F)(F)C(*)(F)F,-5.19,2.143,3.089
*Nc1ccc(Cc2ccc(NC(=O)c3ccc(P(=O)(c4ccccc4)c4ccc(C(*)=O)cc4)cc3)cc2)cc1,,,3.0916
*Cc1ccc(C(=O)C(*)=S)s1,-5.99,2.693,3.0928
*c1ccc(-c2ccc(N(c3ccccc3)c3ccc4ccc(N(*)c5ccccc5)cc4c3)cc2)cc1,,,3.0933
*Oc1ccc(NC(=O)c2ccc(-c3ccc(C(=O)Nc4ccc(Oc5ccc(C6(c7ccc(*)cc7)CC7CCC6C7)cc5)cc4)cc3)cc2)cc1,,,3.0949
*C=Nc1ccc(S(=O)(=O)c2ccc(N=Cc3ccc(Sc4ccc(*)o4)o3)cc2)cc1,,,3.0975
*C(=S)Oc1ccc(-c2ccc(*)cc2)s1,-6.17,2.3094,3.0996
*c1cc(C)c(-c2c(C)cc(N3C(=O)c4ccc(-c5ccc6c(c5)C(=O)N(*)C6=O)cc4C3=O)cc2C)c(C)c1,,,3.1002
*c1ccc(-c2ccc(-c3ccc(-c4cnc5ccc(-c6ccc7ncc(*)nc7c6)cc5n4)cc3)cc2)cc1,,,3.1009
*c1ccc(Oc2ccc(-c3cnc4cc(Oc5ccc6nc(*)cnc6c5)ccc4n3)cc2)cc1,,,3.1068
*c1ccc(Oc2ccc(-c3cnc4cc(-c5ccc6nc(*)cnc6c5)ccc4n3)cc2)cc1,,,3.1085
*Oc1ccc(C2(c3ccc(OC(=O)c4ccc(S(=O)(=O)c5ccc(C(*)=O)cc5)cc4)cc3)c3ccccc3-c3ccccc32)cc1,,,3.1108
*C(=O)Nc1ccc(Cc2ccc(N3C(=O)c4ccc(*)cc4C3=O)cc2)cc1,,,3.1109
*c1cc(N2C(=O)c3ccc(-c4ccc5c(c4)C(=O)N(*)C5=O)cc3C2=O)c(O)cc1O,,,3.1117
*c1ccc(-c2nc3cc4sc(*)nc4cc3s2)cc1,,,3.1122
*c1ccc(-c2nc3cc(-c4ccc5oc(*)nc5c4)ccc3o2)cc1,,,3.1145
*C=Cc1cc(OCCCC)c(C=Cc2ccc(*)cc2)cc1OCCCC,,,3.115
*c1[CH3]c(*)c2c1CCCCC2,,,3.1158
*Oc1ccc(C2(c3ccc(OC(=O)c4ccc(C(*)=O)cc4)cc3)c3ccccc3-c3ccccc32)cc1,,,3.1166
*OC(=O)c1ccc(C(=O)Oc2ccc3c(c2)Oc2cc(*)ccc2C32c3ccccc3-c3ccccc32)cc1,,,3.1167
*C(=O)Nc1cccc(C(=O)Nc2cccc(NC(=O)c3ccc4[CH3]c(-c5ccc(-c6nc7cc(*)ccc7[CH3]6)cc5)nc4c3)c2)c1,,,3.1175
*C(=S)c1ccc(C(F)(F)C(*)(F)F)cc1,-5.85,2.3476,3.118
*CCN(CCCC(=O)Nc1ccc(N=Nc2ccccc2)cc1)CCOC(=O)NCC1CCCC(CNC(=O)O*)C1,,,3.1195
*c1ccc(Oc2ccc(-c3nc4cc(-c5ccc6nc(-c7ccccc7)c(*)nc6c5)ccc4nc3-c3ccccc3)cc2)cc1,,,3.1231
*c1cc(*)c(O)c(C=Nc2ccc(S(=O)(=O)O)cc2)c1,,,3.1232
*Oc1ccc(Oc2ccc(NC(=O)c3ccc(Oc4ccc(C(=O)Nc5ccc(*)cc5)c(C(=O)O)c4)cc3C(=O)O)cc2)cc1,,,3.1241
*Oc1ccc(NC(=O)c2ccc(C(=O)Nc3ccc(Oc4ccc(C5(c6ccc(*)cc6)CC6CCC5C6)cc4)cc3)cc2)cc1,,,3.1247
*c1ccc(-c2ccc(-c3cc(-c4ccccc4)c4cc(-c5ccc6nc(*)cc(-c7ccccc7)c6c5)ccc4n3)cc2)cc1,,,3.1298
*c1ccc(-c2nc3cc(Oc4ccc5nc(*)c(-c6ccccc6)nc5c4)ccc3nc2-c2ccccc2)cc1,,,3.1353
*OC1=CC(=O)C(*)=CC1=O,,,3.1359
*Nc1cccc2c(NC(=O)c3cccc(C(*)=O)c3)cccc12,,,3.1462
*Oc1ccc(C2(c3ccc(OC(=O)c4ccc(C(*)=O)cc4)cc3)CCC(C(C)(C)C)CC2)cc1,,,3.1462
*Nc1cc(Br)c(*)cc1Br,,,3.1464
*Oc1cc(Oc2ccc(C(C)(C)c3ccc(*)cc3)cc2)cc(C(=O)Oc2ccc(N=Nc3ccc(C#N)cc3)cc2)c1,,,3.1481
*CNc1ccc(C(*)=O)s1,-6,2.5818,3.1504
*Nc1ccc(NO*)cc1,-5.91,3.6275,3.151
*c1ccc(Oc2ccc(-c3cnc4ccc(-c5ccc6nc(*)cnc6c5)cc4n3)cc2)cc1,,,3.1515
*c1ccc(Oc2ccc(Oc3ccc(-n4c(=O)cc(O)n(*)c4=S)cc3)cc2)cc1,,,3.1515
*C(=O)Nc1ccc(N2C(=O)c3ccc(*)cc3C2=O)cc1,,,3.1573
*Oc1ccc(N=Nc2ccc(*)cc2)cc1,,,3.1576
*C=Nc1cccc(N=Cc2cccc(*)n2)c1,,,3.1599
*c1nc2cc3sc(-c4cc(OCCCC)c(*)cc4OCCCC)nc3cc2s1,,,3.1607
*c1ccc(-c2nc3ccc(-c4ccc5nc(*)c(-c6ccccc6)nc5c4)cc3nc2-c2ccccc2)cc1,,,3.1693
*c1ccc(-c2cnc3cc(S(=O)(=O)c4ccc5nc(*)cnc5c4)ccc3n2)cc1,,,3.1704
*Nc1cc(NC(=O)c2ccc(C(*)=O)cc2)cc(C(=O)OCCOc2ccc(C=CC(=O)c3ccccc3)cc2)c1,,,3.1709
*c1cccc(N2C(=O)c3ccc(Oc4ccc(C(C)(C)c5ccc(Oc6ccc7c(c6)C(=O)N(*)C7=O)cc5)cc4)cc3C2=O)c1,,,3.1735
*Nc1cc(Cl)c(*)cc1Cl,,,3.1744
*Nc1ccc(NC(=O)c2ccc(NC(=O)c3ccc([CH3](C)(C)c4ccc(C(=O)Nc5ccc(C(*)=O)cc5)cc4)cc3)cc2)cc1,,,3.1752
*Nc1ccc(-c2ccc(NC(=O)c3cc(C(*)=O)cc(S(=O)(=O)c4ccccc4)c3)cc2)cc1,,2.4795,3.1781
*c1ccc(C(=O)c2cccc(-n3c(=O)c4cc5c(=O)n(*)c(=O)c5cc4c3=O)c2)cc1,,,3.1782
*C(=O)Nc1cccc(NC(=O)c2ccc3[CH3]c(-c4ccc(-c5nc6cc(*)ccc6[CH3]5)cc4)nc3c2)c1,,,3.1791
*Nc1ccc(NC(=O)c2ccc(NC(=O)c3cc(NC(=O)C45CC6CC(CC(C6)C4)C5)cc(C(*)=O)c3)cc2)cc1,,,3.1839
*C(=O)Nc1cccc(C(=O)Nc2cccc(NC(=O)c3ccc4[CH3]c(-c5cccc(-c6nc7cc(*)ccc7[CH3]6)c5)nc4c3)c2)c1,,,3.186
*c1ccc(-c2ccc(-c3ccc(-c4cc(-c5ccccc5)c5cc(Oc6ccc7nc(*)cc(-c8ccccc8)c7c6)ccc5n4)cc3)cc2)cc1,,,3.1875
*c1ccc(Oc2ccc(N3C(=O)C(=O)N(*)C3=O)cc2)cc1,,,3.1876
*c1cncc(-c2nc3ccc(-c4ccc5nc(*)sc5c4)cc3s2)c1,,,3.1882
*C(=O)c1ccc2nc(-c3ccccc3)c(-c3ccc(-c4nc5ccc(*)cc5nc4-c4ccccc4)cc3)nc2c1,,,3.1886
*c1ccc(N2C(=O)c3ccc(-c4cccc5c4C(=O)N(*)C5=O)cc3C2=O)cc1,,,3.1892
*CCCCOc1ccc(OC(=O)c2ccc(C(=O)Oc3ccc(O*)cc3)c(C(=O)OCC=C)c2)cc1,,,3.1899
*c1ccc(*)c2nc(-c3ccccc3)c(-c3ccccc3)nc12,,,3.1914
*c1cc(CC(=O)OCCCCCCCC)c(*)[CH3]1,,,3.192
*C(=O)Nc1ccc(C(c2ccc(NC(=O)c3ccc(N4C(=O)c5ccc(*)cc5C4=O)cc3C)cc2)(C(F)(F)F)C(F)(F)F)cc1,,,3.193
*c1ccc(-c2ccc(-c3nc4cc(Oc5ccc6nc(-c7ccccc7)c(*)nc6c5)ccc4nc3-c3ccccc3)cc2)cc1,,,3.1965
*c1ccc2cc(-c3nc4cc5[CH3]c(*)nc5cc4[CH3]3)ccc2c1,,,3.1978
*c1ccc(-c2ccc(-c3ccc(-c4cc(-c5ccccc5)c5cc(-c6ccc7nc(*)cc(-c8ccccc8)c7c6)ccc5n4)cc3)cc2)cc1,,,3.1981
*c1c(C)cc(C)c(N2C(=O)c3ccc(-c4ccc5c(c4)C(=O)N(*)C5=O)cc3C2=O)c1C,,,3.1985
*CC(*)OCCOc1ccc(C=C(C#N)C(=O)OC)cc1,,,3.1988
*c1ccc(-c2nc3ccc(Oc4ccc5nc(*)c(-c6ccccc6)nc5c4)cc3nc2-c2ccccc2)cc1,,,3.199
*c1ccc(-c2ccc(-c3ccc(-c4nc5cc6sc(*)nc6cc5s4)cc3)c(-c3ccccc3)c2-c2ccccc2)cc1,,,3.1992
*c1[CH3]c(*)c(C(=O)O)c1C,,,3.2017
*c1ccc(C(c2ccc(-c3nc4ccc(-c5ccc6nc(*)oc6c5)cc4o3)cc2)(C(F)(F)F)C(F)(F)F)cc1,,,3.2022
*C1=NC2=CC(*)C=CC2=C1,,,3.2065
*NNC(=O)c1cccc(C(=O)NNC(=S)c2cccc(C(*)=S)c2)c1,,,3.2068
*c1cccc(N2C(=O)c3ccc(Oc4ccc(Oc5ccc(Oc6ccc7c(c6)C(=O)N(*)C7=O)cc5)cc4)cc3C2=O)c1,,,3.2083
*C=Cc1ccc(*)c(-c2ccc(OCC(CC)CCCC)c3ccccc23)c1,,,3.2107
*c1ccc(Cc2ccc(N3C(=O)c4ccc(-c5ccc6c(c5)C(=O)N(*)C6=O)cc4C3=O)c(C(C)(C)C)c2)cc1C(C)(C)C,,,3.2111
*Oc1c(C)cc(C(C)(C)c2cc(C)c(OC(=O)c3ccc(C(*)=O)cc3)c(C)c2)cc1C,,,3.2111
*C#CC(CCCCOC(=O)NCC(=O)OCCCC)=C(*)c1cncnc1,,,3.2132
*Cc1ccc(-c2ccc(-c3ccc(*)s3)s2)cc1,-6.12,2.8214,3.2138
*Oc1ccc(C(c2ccccc2)(c2ccccc2)c2ccc(OC(=O)c3ccc(S(=O)(=O)c4ccc(C(*)=O)cc4)cc3)cc2)cc1,,,3.2146
*Nc1ccc(C2(c3ccc(NC(=O)c4ccc(C(*)=O)cc4)cc3)c3ccccc3-c3ccccc32)cc1,,,3.2149
*Nc1cc(OC)c(*)cc1OC,,,3.2172
*c1ccc(-c2cnc3cc(-c4ccc5nc(*)cnc5c4)ccc3n2)cc1,,,3.2178
*NC(=S)c1ccc(O*)s1,-5.82,2.3899,3.2187
*c1ccc(C(=O)Nc2ccc(Oc3ccc(NC(=O)c4ccc(Oc5ccc(-c6nn(*)c(=O)c7ccccc67)c6ccccc56)cc4)cc3)cc2)cc1,,,3.2201
*c1cccc(N2C(=O)c3ccc(P(=O)(c4ccccc4)c4ccc5c(c4)C(=O)N(*)C5=O)cc3C2=O)c1,,,3.2222
*Oc1ccc(Oc2ccc(N=C(c3ccc(-c4ccc(-c5ccc(C(=Nc6ccc(*)cc6)C(C#N)C#N)cc5)cc4)cc3)C(C#N)C#N)cc2)cc1,,,3.2228
*NC(=O)Nc1ccc(*)s1,-6.15,3.137,3.228
*Nc1ccc(Cc2ccc(NC(=O)c3ccc(C(*)=O)cc3)cc2)cc1,,,3.2294
*Nc1ccc(*)nc1,,,3.2295
*c1ccc(Oc2ccc(-c3nc4ccc(Oc5ccc6nc(*)c(-c7ccccc7)c(-c7ccccc7)c6c5)cc4c(-c4ccccc4)c3-c3ccccc3)cc2)cc1,,,3.2296
*c1ccc(Oc2ccc(-c3cnc4ccc(-c5ccc6ncc(*)nc6c5)cc4n3)cc2)cc1,,,3.2298
*CCc1ccc(-c2ccc(*)s2)s1,-5.86,2.7315,3.23
*CCC(=O)C(*)=S,-5.61,1.8131,3.2378
*c1ccc(S(=O)(=O)c2ccc(N3C(=O)c4ccc(Oc5ccc(Oc6ccc7c(c6)C(=O)N(*)C7=O)cc5)cc4C3=O)cc2)cc1,,,3.2399
*c1ccc(Nc2cc(C)c(*)s2)cc1,,,3.2402
*c1ccc(C)c(N2C(=O)c3ccc(S(=O)(=O)c4ccc5c(c4)C(=O)N(*)C5=O)cc3C2=O)c1,,,3.2404
*Oc1ccc(C(C)(C)c2ccc(OC(=O)c3ccc(C(*)=O)cc3)c(C(C)C)c2)cc1C(C)C,,,3.2409
*C(=O)OCCCCCCCCCCCCOC(=O)c1ccc(N2C(=O)c3ccc(*)cc3C2=O)cc1,,,3.2472
*C=Cc1cccc(C=Cc2cc(*)nc(-c3ccccc3)n2)c1,,,3.248
*c1ccc(Oc2ccc(C(=O)c3ccc(Oc4ccc(C(=O)c5ccc(Oc6ccc(-c7nc8ccccc8n7-c7ccc(-n8c(*)nc9ccccc98)cc7)cc6)cc5)cc4)cc3)cc2)cc1,,,3.2485
*c1ccc2c(c1)c1cc(*)ccc1n2CC1CO1,,,3.2508
*Oc1ccc(OC(=O)c2cc(OCCCCCCCCCCCC)c(C(*)=O)cc2OCCCCCCCCCCCC)cc1,,,3.2519
*c1ccc(-c2ccc(N3C(=O)c4ccc(S(=O)(=O)c5ccc6c(c5)C(=O)N(*)C6=O)cc4C3=O)cc2C(F)(F)F)c(C(F)(F)F)c1,,,3.252
*OC(=S)c1ccc(-c2ccc(*)cc2)cc1,-6.29,2.8665,3.2538
*Nc1ccc(-c2ccc(NC(=O)c3cc(C(=O)O)c(C(*)=O)cc3C(=O)O)cc2)cc1,,,3.2555
*CC(*)c1ccc(S(=O)(=O)O)cc1,,,3.2569
*C=Cc1cc(Cl)c(*)cc1Cl,,,3.2579
*Oc1ccc(C2(c3ccc(OC(=O)c4ccc(C(*)=O)cc4)cc3)CCc3ccccc32)cc1,,,3.2587
*c1cc2c(s1)-c1sc(*)cc1C2(CCCCCCCC)CCCCCCCC,,,3.2588
*Nc1ccc(*)cc1OCCCCS(=O)(=O)O,,,3.2606
*CC(*)c1ccc(C(=O)CCN2CCOCC2)cc1,,,3.2629
*C=Cc1csc(C=Cc2cccc(*)n2)c1CCCCCCCC,,,3.2647
*CCN(CCOC(=O)Nc1ccc(C)c(NC(=O)O*)c1)c1ccc(-c2c(NCCCO)c(=O)c2=O)cc1,,,3.2653
*C(C)=C(*)C#N,,,3.2656
*CCOc1ccc(C(=O)OC(=O)c2ccc(C(=O)OC(=O)c3ccc(O*)c(OC)c3)cc2)cc1OC,,,3.2659
*c1ccc(C(c2ccccc2)(c2ccc(N3C(=O)c4ccc(Oc5ccc6c(c5)C(=O)N(*)C6=O)cc4C3=O)cc2)C(F)(F)F)cc1,,,3.2662
*Nc1ccc(NC(=O)c2ccc(C(*)=O)cc2)cc1,,,3.2673
*Nc1ccc(C2(c3ccc(NC(=O)c4ccc(C(*)=O)cc4)cc3)c3ccccc3C(=O)c3ccccc32)cc1,,,3.2678
*Nc1ccc(-c2ccc(NC(=O)c3cc(NC(=O)c4ccncc4)cc(C(*)=O)c3)cc2)cc1,,,3.2688
*OC(=S)c1ccc(C(*)=O)cc1,-6.35,2.5144,3.2688
*c1ccc2cc(-c3nc4cc5sc(*)nc5cc4s3)ccc2c1,,,3.27
*Sc1ccc(Nc2ccc(Nc3ccc(Nc4ccc(*)cc4)cc3)cc2)cc1,,,3.2757
*c1[CH3]c(*)c(CC(=O)OC)c1CC(=O)OC,,,3.2776
*c1cc(*)c(O)c(C=O)c1,,,3.2778
*Oc1c(C)c(C)c(Oc2ccc(NC(=O)c3ccc(C(=O)Nc4ccc(*)cc4)cc3)cc2)c(C)c1C,,,3.2842
*Oc1ccc(NC(=O)c2cc(NC(=O)c3ccncc3)cc(C(=O)Nc3ccc(*)cc3)c2)cc1,,,3.2858
*c1sc(*)c(OCCCC)c1OC,,,3.2859
*Nc1ccc(-c2ccc(NC(=O)c3ccc(C4(c5ccc(C(*)=O)cc5)OC(=O)c5ccccc54)cc3)cc2)cc1,,,3.2864
*c1ccc(Oc2ccc(-c3nc4cc5sc(*)nc5cc4s3)cc2)cc1,,,3.2878
*C(=O)Nc1cccc(NC(=O)c2ccc(-c3nc4cc(*)ccc4[CH3]3)cc2)c1,,,3.2886
*c1ccc(N2C(=O)c3ccc(-c4ccc5c(c4)C(=O)N(*)C5=O)cc3C2=O)nc1,,,3.2895
*C(=O)Nc1cc(NC(=O)c2ccc3[CH3]c(-c4cccc(-c5nc6cc(*)ccc6[CH3]5)c4)nc3c2)cc(-c2nc3ccccc3[CH3]2)c1,,,3.2918
*C(=O)c1ccc2nc(-c3ccccc3)c(-c3ccc(-c4nc5cc(*)ccc5nc4-c4ccccc4)cc3)nc2c1,,,3.2924
*c1ccc(-c2ccc(N3C(=O)c4ccc(Oc5ccc6c(c5)C(=O)N(*)C6=O)cc4C3=O)cc2C)c(C)c1,,,3.2926
*c1ccc(-c2cc(-c3ccccc3)c3cc(-c4ccc5nc(*)cc(-c6ccccc6)c5c4)ccc3n2)cc1,,,3.2935
*NC(=S)c1ccc(O*)cc1,-6.02,2.6021,3.2939
*c1ccc(-c2cnc3ccc(S(=O)(=O)c4ccc5ncc(*)nc5c4)cc3n2)cc1,,,3.2952
*Cc1ccc(CC(*)=S)s1,-5.65,2.5553,3.2956
*C(=O)Nc1cccc(NC(=O)c2ccc3c(c2)C(=O)N(c2cccc(N4C(=O)c5ccc(*)cc5C4=O)c2)C3=O)n1,,,3.2959
*c1cccc(-c2nc3ccc(-c4ccc5nc(*)oc5c4)cc3o2)c1,,,3.2965
*Cc1ccc(CC(*)=S)cc1,-5.85,2.9253,3.2973
*Nc1cccc(NC(=O)c2cc(NC(=O)c3ccncc3)cc(C(*)=O)c2)c1,,,3.2998
*c1ccc(-c2nc3cc(-c4ccc5nc(-c6ccccc6)c(*)nc5c4)ccc3nc2-c2ccccc2)cc1,,,3.3015
*C(=O)NNC(=O)c1cccc(C(=O)NNC(=O)c2cnc(*)cn2)c1,,,3.3027
*c1cccc(-c2nc3ccc(-c4ccc5nc(*)sc5c4)cc3s2)c1,,,3.3066
*C(=O)Nc1cccc(NC(=O)c2cccc(NC(=O)c3ccc(-c4nc5cc(*)ccc5[CH3]4)cc3)c2)c1,,,3.3084
*c1ccc2c(c1)C(=O)N(c1ccc(C(C)(C)C(*)(C(F)(F)F)C(F)(F)F)cc1)C2=O,,,3.3094
*Nc1ccc(NC(=S)NC(=O)c2cccc(C(=O)NC(*)=S)c2)cc1,,,3.3129
*c1ccc(-c2ccc(-c3nc4ccc(Oc5ccc6nc(*)c(-c7ccccc7)c(-c7ccccc7)c6c5)cc4c(-c4ccccc4)c3-c3ccccc3)cc2)cc1,,,3.3136
*C(=O)NNC(=O)c1ccc(C(=O)NNC(=O)c2ccc(*)nc2)s1,,,3.3177
*c1ccc(-c2cnc3cc(Oc4ccc5nc(*)cnc5c4)ccc3n2)cc1,,,3.3179
*C=Cc1cc(CCCCCCCCCC)c(C=Cc2ccc(*)cc2)cc1CCCCCCCCCC,,,3.3187
*c1ccc(Sc2ccc(-c3nc4ccc(-c5ccc6nc(*)c(-c7ccccc7)nc6c5)cc4nc3-c3ccccc3)cc2)cc1,,,3.3214
*C(=S)NC(F)(F)C(*)(F)F,-5.29,2.8927,3.3248
*c1ccc(*)nn1,,,3.3251
*Nc1ccc(C(C)(C)c2ccc(NC(=O)c3cc(C(*)=O)cc(S(=O)(=O)c4ccccc4)c3)cc2)cc1,,,3.3259
*c1ccc(C(c2ccc(N3C(=O)c4ccc(-c5ccc6c(c5)C(=O)N(*)C6=O)cc4C3=O)cc2)(C(F)(F)F)C(F)(F)F)cc1,,,3.3278
*C=Cc1ccc(*)cc1,,,3.3285
*Nc1ccc(*)cc1CCCCCCCCCCCCCCC,,,3.3286
*Cc1ccc(-c2ccc(N*)s2)s1,-5.92,2.8559,3.3296
*c1cc(CCCS(=O)(=O)O)c(*)s1,,,3.3298
*C(=O)c1ccc2c(c1)C(=O)N(c1cccc(N3C(=O)c4ccc(*)cc4C3=O)c1C)C2=O,,,3.3303
*Nc1ccc(NC(=O)c2c(F)c(F)c(C(*)=O)c(F)c2F)cc1,,,3.3309
*C(=O)c1ccc(-c2ccc(-c3ccc(*)cc3)cc2)cc1,-6.42,2.5479,3.3319
*c1ccc(-c2ccc3[CH3]c(-c4nc5cc(*)ccc5[CH3]4)nc3c2)cc1,,,3.3322
*c1sc(*)c2c1OCC(CCCCCC)O2,,,3.3322
*C(=O)c1ccc(C(=O)N(C)c2ccc(Cl)c(N(*)C)c2)cc1,,,3.3332
*c1ccc(-n2ccc(-c3ccc(-c4ccn(*)n4)cc3)n2)cc1,,,3.3335
*Oc1c(C)cc(C2(c3cc(C)c(OC(=O)c4cc(C(*)=O)cc(C(C)(C)C)c4)c(C)c3)CC(C)CC(C)(C)C2)cc1C,,,3.335
*c1sc(*)c(C)c1C,,,3.3355
*c1cc2cc(*)sc2s1,,,3.3358
*c1cc(C(=O)NCCCC)cc(N2C(=O)c3ccc(-c4ccc5c(c4)C(=O)N(*)C5=O)cc3C2=O)c1,,,3.3359
*C(=O)c1ccc2c(c1)C(=O)N(c1cccc(C(=O)c3cccc(N4C(=O)c5ccc(*)cc5C4=O)c3)c1)C2=O,,,3.3361
*C(=O)Nc1cccc(NC(=O)c2ccc3[CH3]c(-c4cccc(-c5nc6cc(*)ccc6[CH3]5)c4)nc3c2)c1,,,3.3364
*c1ccc(-c2csc(-c3nc(*)cs3)n2)cc1,,,3.3372
*c1ccc(Oc2ccc(-c3cc(OCCCCCC)c(-c4ccc(Oc5ccc(-c6nnc(*)o6)cc5)cc4)cc3OCCCCCC)cc2)cc1,,,3.3395
*Oc1ccc(S(=O)(=O)c2ccc(Oc3ccc(NC(=O)c4cc(NC(=O)c5ccncc5)cc(C(=O)Nc5ccc(*)cc5)c4)cc3)cc2)cc1,,,3.3418
*C(=O)Nc1ccc(S(=O)(=O)c2ccc(NC(=O)c3ccc4c(c3)C(=O)N(c3ccc(S(=O)(=O)c5ccc(N6C(=O)c7ccc(*)cc7C6=O)cc5)cc3)C4=O)cc2)cc1,,,3.3421
*C=NCCN=Cc1ccc(Sc2ccc(*)o2)o1,,,3.3427
*Nc1ccc(-c2ccc(-c3ccc(*)s3)s2)cc1,-6.18,2.587,3.3427
*c1ccc(C(=O)c2ccc(C(=O)c3ccc(Oc4ccc(-c5nn(*)c(=O)c6ccccc56)c(F)c4)cc3)cc2)cc1,,,3.3441
*Oc1ccc(NC(=O)c2ccc(Oc3ccc(C(=O)Nc4ccc(*)cc4)c(C(=O)O)c3)cc2C(=O)O)cc1,,,3.3446
*Nc1cnc(*)c(O)c1,,,3.3471
*Nc1ccc(*)cc1Br,,,3.3506
*c1ccc(-c2ccc(N3C(=O)c4ccc(-c5ccc6c(c5)C(=O)N(*)C6=O)cc4C3=O)cc2C(F)(F)F)c(C(F)(F)F)c1,,,3.3541
*Nc1ccc(OC(*)=S)s1,-5.92,2.6588,3.3542
*Nc1ccc(-c2ccc(Nc3ccc4c(c3)c3cc(*)ccc3n4CC(CC)CCCC)cc2)cc1,,,3.3558
*Nc1ccc(-c2ccc(C(*)=S)cc2)s1,-6.15,2.3796,3.3567
*c1cc(N2C(=O)c3ccc(P(=O)(c4ccccc4)c4ccc5c(c4)C(=O)N(*)C5=O)cc3C2=O)cc(C(F)(F)F)c1,,,3.3576
*c1ccc(-c2cnc3ccc(-c4ccc5ncc(*)nc5c4)cc3n2)cc1,,,3.3577
*C(=O)Nc1ccc(NC(=O)c2ccc3c(c2)C(=O)N(c2c(C)cc(C)c(N4C(=O)c5ccc(*)cc5C4=O)c2C)C3=O)cc1,,,3.3589
*NC(=O)C(=S)O*,-5.88,2.095,3.3593
*c1ccc(-c2cnc3ccc(-c4ccc5nc(*)cnc5c4)cc3n2)cc1,,,3.3633
*c1ccc(-c2cnc3ccc(Oc4ccc5ncc(*)nc5c4)cc3n2)cc1,,,3.3633
*Nc1cc(OCC)c(*)cc1OCC,,,3.3635
*Oc1ccc(Oc2ccc(C(=O)c3ccccc3-c3ccccc3C(=O)c3ccc(*)cc3)cc2)cc1,,,3.3644
*c1ccc(-c2csc(-c3cccc(-c4nc(*)cs4)n3)n2)cc1,,,3.3649
*c1cccc(-c2nc3cc(-c4ccc5nc(*)c(-c6ccccc6)nc5c4)ccc3nc2-c2ccccc2)c1,,,3.3649
*Nc1c([CH3])c([CH3])c(*)c([CH3])c1[CH3],,,3.3666
*Oc1ccc(NC(=O)c2cc(C(=O)Nc3ccc(*)cc3)cc(S(=O)(=O)c3ccccc3)c2)cc1,,,3.3682
*c1ccc(N(*)c2ccc(S(=O)(=O)O)cc2)cc1,,,3.3685
*Oc1ccc(-c2ccc(-c3ccc(*)cc3)cc2)s1,-6.29,2.397,3.3694
*CC(=S)OC(*)=S,-5.45,2.7744,3.3702
*c1ccc(*)c2nc(CC)c(CC)nc12,,,3.3743
*c1cc(C=Nc2ccc(C)cc2)c(*)c(OC)c1,,,3.3765
*Cc1ccc(-c2ccc(-c3ccc(*)s3)cc2)s1,-6.12,2.512,3.3769
*c1ccc(-c2ccc(-c3ccc4nc(Oc5cc(-c6ccccc6)c6cc(*)ccc6n5)cc(-c5ccccc5)c4c3)cc2)cc1,,,3.3775
*Nc1ccc(-c2ccc(*)cc2)c(C)c1,,,3.3791
*c1ccc(C(F)(F)c2ccc(C(*)(F)F)s2)s1,-5.83,3.3708,3.3802
*c1ccc(C2(c3ccc(N4C(=O)c5ccc(Oc6ccc7c(c6)C(=O)N(*)C7=O)cc5C4=O)cc3)OC(=O)c3ccccc32)cc1,,,3.3847
*Nc1ccc(C(=O)c2ccc(*)cc2)cc1,-6.34,,3.3853
*Nc1ccc(C(=O)O*)s1,-6.14,,3.3859
*Oc1ccc(C(=O)Nc2ccc(Cc3ccc(NC(=O)c4ccc(Oc5nc(*)nc(Sc6ccccc6)n5)cc4)cc3)cc2)cc1,,,3.3904
*Oc1ccc(C2(c3ccc(OC(=O)c4ccc(S(=O)(=O)c5ccc(C(*)=O)cc5)cc4)cc3)OC(=O)c3ccccc32)cc1,,,3.3925
*CCCC(*)=S,-5.22,2.9464,3.3942
*Nc1ccc(-c2ccc(NC(=O)c3ccc(C(*)=O)cc3)cc2)cc1,,,3.3951
*Nc1ccc(NC(=O)c2cc(NC(=O)c3ccccc3)cc(C(*)=O)c2)cc1,,,3.3958
*c1ccc(S(=O)(=O)c2ccc(N3C(=O)c4ccc(-c5ccc6c(c5)C(=O)N(*)C6=O)cc4C3=O)cc2)cc1,,,3.396
*NC(=O)c1ccc(-c2ccc(*)cc2)cc1,-6.4,2.6675,3.3965
*C=Cc1cccc(C=Cc2cc(*)ncn2)c1,,,3.4013
*c1ccc(-c2nnc(-c3cccc(-c4nnc(*)o4)c3)o2)cc1,,,3.4013
*c1cccc(C(F)(F)C(F)(F)C(F)(F)c2cccc(N3C(=O)c4ccc(Oc5ccc6c(c5)C(=O)N(*)C6=O)cc4C3=O)c2)c1,,,3.4025
*C=Cc1csc(C=Cc2cccc(*)n2)c1CCCCCC,,,3.4055
*Oc1ccc(S(=O)(=O)c2cccc3c(S(=O)(=O)c4ccc(Oc5ccc(-c6ccc(*)cc6)cc5)cc4)cccc23)cc1,,,3.4062
*CC(=O)c1ccc(-c2ccc(*)cc2)s1,-6.21,2.5123,3.4067
*c1ccc(-c2ccc(-c3cc(-c4ccc(Oc5ccc(-c6cc(*)nc7ccccc67)cc5)cc4)c4ccccc4n3)cc2)cc1,,,3.4086
*CNCC(*)=S,-5.26,2.6614,3.4106
*CCCCCCCCCOc1ccc(C=CC=Cc2ccc(O*)c(C)c2)cc1C,,,3.4115
*c1ccc(-c2nc(-c3ccc(-c4nc(*)sc4C(=O)O)cc3)c(C(=O)O)s2)cc1,,,3.4119
*Nc1ccc(*)cc1O,,,3.4121
*NNC(=S)c1ccc(C(*)=S)cc1,,,3.4154
*c1ccc(C(c2ccccc2)(c2ccc(-c3nc4ccc(-c5ccc6nc(*)oc6c5)cc4o3)cc2)C(F)(F)F)cc1,,,3.4178
*Nc1ccc(NC(=O)c2ccc(C3(c4ccc(C(*)=O)cc4)OC(=O)c4ccccc43)cc2)cc1,,,3.4199
*CC(*)c1ccc(CCl)cc1,,,3.4202
*CC(*)n1cncn1,,,3.4207
*c1ccc(C(c2ccc(N3C(=O)c4ccc(Oc5ccc6c(c5)C(=O)N(*)C6=O)cc4C3=O)cc2)(C(F)(F)F)C(F)(F)F)cc1,,,3.4215
*Nc1ccc(-c2ccc(-c3ccc(*)cc3)cc2)cc1,-6.31,2.9094,3.4269
*Nc1c(OC)cc(*)cc1OC,,,3.4275
*c1ccc(Oc2ccc3c(c2)C(=O)N(*)C3=O)cc1,,,3.4303
*CCCCCCCOc1ccc(C=CC=Cc2ccc(O*)c(C)c2)cc1C,,,3.4306
*NC(=O)NC(*)=NC(=N)N,,,3.4308
*c1ccc(C)c(N2C(=O)c3ccc(-c4ccc5c(c4)C(=O)N(*)C5=O)cc3C2=O)c1,,,3.4309
*c1c(C)cc(Cc2cc(C)c(N3C(=O)c4ccc(Oc5cccc6c(Oc7ccc8c(c7)C(=O)N(*)C8=O)cccc56)cc4C3=O)c(C)c2)cc1C,,,3.4317
*Oc1ccc(C2(c3ccc(OC(=O)c4ccc(C(*)=O)cc4)cc3)CC3CC2C2CCCC32)cc1,,,3.4323
*CC(=S)NO*,-5.27,3.2554,3.435
*NC(CCCNC(=O)c1ccc(Cl)cc1)C(*)=O,,,3.4369
*Oc1ccc(Oc2ccc(OC(=O)c3cccc(C(*)=O)c3)cc2)cc1,,,3.4373
*C(=O)Nc1ccc(Oc2ccc(NC(=O)c3cccc(*)n3)cc2)cc1,,,3.4406
*c1ccc(Oc2ccc(S(=O)(=O)c3ccc(Oc4ccc(-c5c6c(c(*)c7ccccc57)C(=O)N(c5ccccc5)C6=O)cc4)cc3)cc2)cc1,,,3.4421
*c1ccc(Oc2ccc(S(=O)(=O)c3ccc(Oc4ccc(-c5c6c(c(*)c7ccccc57)C(=O)N(C)C6=O)cc4)cc3)cc2)cc1,,,3.443
*Nc1ccc(Br)cc1-c1ccc(NC(=O)c2ccc(C(*)=O)cc2)cc1,,2.9894,3.4431
*C(=O)c1ccc2c(c1)C(=O)N(c1cc(C(=O)OC)cc(N3C(=O)c4ccc(*)cc4C3=O)c1)C2=O,,,3.4437
*C=CC(=C(C)C)C(*)=C(C)C,,,3.4443
*C=CC1CC(*)C(F)(F)C1(F)OC(F)(F)C(F)(F)C(F)(F)F,,,3.4449
*Cc1ccc(C(=S)O*)cc1,-6,3.1473,3.4449
*Oc1ccc(C2(c3ccc(OC(=O)c4ccc(-c5ccc(C(*)=O)cc5)cc4)cc3)c3ccccc3-c3ccccc32)cc1,,,3.4473
*c1sc(*)c(OCCCCCC)c1C,,,3.4475
*Oc1ccc(-c2ccc(-c3ccc(*)cc3)s2)cc1,-6.29,2.1724,3.449
*CCCCCCCCCCOc1cccc(OC(=O)c2ccc(C(=O)Oc3cccc(O*)c3)cc2)c1,,,3.4495
*Cc1ccc(C(=S)O*)s1,-5.82,2.676,3.4527
*N1C2=C(C(=O)C(c3c(O)cn(*)c3O)C2=O)C1(C)F,,,3.4532
*c1ccc2c(c1)c1cc(*)ccc1n2C,,,3.4554
*NC(=O)NC(*)=S,-6.02,2.0371,3.4559
*Oc1ccc(NC(=O)c2cccc(C(=O)Nc3ccc(*)cc3)c2)cc1,,,3.4563
*Oc1ccc(C2(c3ccc(OC(=O)c4ccc(C(*)=O)cc4)cc3)c3ccccc3C(=O)c3ccccc32)cc1,,,3.4566
*CCN1C(=O)C(=CCCCC=C2SC(=S)N(*)C2=O)SC1=S,,,3.4576
*c1ncc(-c2cnc(*)c(C)c2)cc1C,,,3.4579
*CNC(=S)c1ccc(*)cc1,-5.96,3.1832,3.4579
*c1ccc(S(=O)(=O)c2ccc(-n3nc(-c4ccccc4)c4ccc(Oc5ccc6c(-c7ccccc7)nn(*)c(=O)c6c5)cc4c3=O)cc2)cc1,,,3.4595
*C(=O)c1ccc(Oc2ccc(C3(c4ccc(Oc5ccc(*)s5)cc4)c4ccccc4-c4ccccc43)cc2)cc1,,,3.4608
*NC(=S)NO*,-5.23,3.3916,3.4611
*c1ccc2[CH3]c3ccc(*)cc3c2c1,,,3.4644
*c1ccc(-c2ccc3nc(Oc4cc(-c5ccccc5)c5cc(*)ccc5n4)cc(-c4ccccc4)c3c2)cc1,,,3.4645
*c1ccc(NC(=O)c2cc(NC(=O)c3ccc(OC(C)=O)cc3)cc(C(=O)Nc3ccc(-c4nnc(*)o4)cc3)c2)cc1,,,3.4669
*Cc1ccc(C(=O)c2ccc(*)s2)s1,-6.08,2.7131,3.4685
*C(Br)=C(c1ccccc1)c1ccc(*)cc1,,,3.469
*NC(=S)Nc1ccc(*)cc1,-6.09,2.6405,3.4701
*c1ccc2c(c1)c1cc(*)ccc1n2CC,,,3.4703
*Oc1ccc(S(=O)(=O)c2ccc3cc(S(=O)(=O)c4ccc(Oc5c(C)cc(-c6cc(C)c(*)c(C)c6C)c(C)c5C)cc4)ccc3c2)cc1,,,3.4715
*c1ccc(C(=O)c2ccc(-n3nc(-c4ccc(Oc5ccc(-c6nn(*)c(=O)c7ccccc67)cc5)cc4)c4ccccc4c3=O)cc2)cc1,,,3.4719
*Nc1cc(F)c(*)cc1F,,,3.4723
*C=C(*)C(=O)CC,,,3.4734
*CC(*)(C)C(=O)OCc1ccc2c(c1)c1ccccc1n2CC,,,3.4735
*C(C#N)=C(C#N)n1c(=O)c2cc3c(=O)n(*)c(=O)c3cc2c1=O,,,3.4736
*Cc1ccc(-c2ccc(-c3ccc(*)cc3)s2)cc1,-6.2,2.7314,3.4745
*c1cccc(C(c2ccccc2)(c2cccc(N3C(=O)c4ccc(Oc5ccc6c(c5)C(=O)N(*)C6=O)cc4C3=O)c2)C(F)(F)F)c1,,,3.4747
*C(=O)c1ccc(Oc2ccc(*)s2)s1,-6.22,2.4838,3.475
*c1ccc(-c2csc(-c3cc(*)cs3)c2)cc1,,,3.4782
*Cc1ccc(-c2ccc(O*)s2)s1,-5.95,2.9968,3.4793
*Nc1c(C)c(C)c(C(=O)c2ccc(NC(=O)c3ccc(C(*)=O)cc3)cc2)c(C)c1C,,,3.4801
*Nc1ccc(Cc2ccc(NC(=O)c3cc(C(*)=O)cc(-n4c(O)c5c(c4O)C4CCC5C4)c3)cc2)cc1,,,3.4808
*NC(C#N)=C(C#N)NC(=O)c1ccc(C(*)=O)cc1,,,3.4817
*Oc1ccc(Oc2ccc(C(=O)C(=O)c3ccc(*)cc3)cc2)cc1,,,3.4827
*Nc1ccc(C(=O)c2c(C)c(C)c(C(=O)c3ccc(NC(=O)c4ccc(C(*)=O)cc4)cc3)c(C)c2C)cc1,,,3.4851
*c1ccc2c(c1)c1cc(*)ccc1n2C=C,,,3.4876
*c1cc(OCCCCCCCCCC)cc(-c2nc3cc4sc(*)nc4cc3s2)c1,,,3.4894
*c1ccc(N2C(=O)c3ccc(Oc4ccc5c(c4)C(=O)N(*)C5=O)cc3C2=O)cc1,,,3.4906
*c1cccc(-n2nc(-c3ccccc3)c3cc(Oc4ccc5c(-c6ccccc6)nn(*)c(=O)c5c4)ccc3c2=O)c1C#N,,,3.4916
*Oc1ccc(C2(c3ccc(OC(=O)c4cccc(C(*)=O)c4)c(C)c3)c3ccccc3-c3ccccc32)cc1C,,3.0176,3.4929
*C(=O)c1ccc2c(c1)C(=O)N(c1cc(C(=O)O)cc(N3C(=O)c4ccc(*)cc4C3=O)c1)C2=O,,,3.4931
*Nc1ccc(-c2ccc(NC(=O)c3cccc(C(*)=O)c3)cc2)cc1,,,3.4939
*C(=O)Nc1cccc(NC(=O)c2ccc3[CH3]c(-c4cccc(-c5nc6cc(*)ccc6[CH3]5)c4)nc3c2)n1,,,3.4965
*Oc1ccc(OC(=O)c2ccc(C(*)=O)cc2Oc2ccc(F)cc2)cc1,,,3.4967
*Nc1ccc(Cc2ccc(NC(=O)c3cc(NC(=O)c4ccncc4)cc(C(*)=O)c3)cc2)cc1,,,3.497
*NC(=S)Nc1ccc(NC(=S)Nc2ccc(Oc3ccc(*)cc3)cc2)cc1,-6.15,2.9952,3.4978
*c1ccc(-c2cc(OCCCCCCCCCC)c(*)cc2OCCCCCCCCCC)cc1,,,3.5012
*Nc1cc(NC(=O)c2ccccc2C(*)=O)cc(-c2nnc(-c3ccccn3)o2)c1,,,3.5021
*Oc1ccc(NC(=O)c2cc(NC(=O)C34CC5CC(CC(C5)C3)C4)cc(C(=O)Nc3ccc(*)cc3)c2)cc1,,,3.5033
*Nc1ccc(*)cc1F,,,3.5047
*c1cccc(-c2nc3cc(-c4ccc5[CH3]c(*)nc5c4)ccc3[CH3]2)c1,,,3.5069
*Oc1ccc(OC(=O)c2ccc(C(*)=O)cc2)cc1C1CCCCCC1,,,3.5076
*CNC(=S)c1ccc(*)s1,-5.79,2.7289,3.5084
*Nc1cc(NC(=O)c2cccc(C(*)=O)c2)c(N)cc1N,,,3.509
*C(=O)c1ccc(OC(*)=S)cc1,-6.3,2.0547,3.5119
*Nc1ccc(*)cc1OC,,,3.512
*CC(=O)c1ccc(-c2ccc(*)s2)cc1,-6.2,2.5243,3.5141
*Nc1cc(NC(=O)c2ccc(-c3ccc(C(*)=O)cc3)cc2)cc(C(=O)OCCOc2ccc(C=CC(=O)c3ccccc3)cc2)c1,,,3.5149
*Nc1ccc(NC(=O)c2ccc(C(*)=O)cc2F)cc1F,,,3.5151
*c1cccc(-c2nc3cc(-c4ccc5oc(*)nc5c4)ccc3o2)c1,,,3.5152
*Nc1cccc(NC(=O)c2ccc(NC(=O)c3ccc([CH3](C)(C)c4ccc(C(=O)Nc5ccc(C(*)=O)cc5)cc4)cc3)cc2)c1,,,3.5185
*c1ccc(S(=O)(=O)c2ccc(-n3nc(-c4ccc(Oc5ccc(-c6nn(*)c(=O)c7ccccc67)cc5)cc4)c4ccccc4c3=O)cc2)cc1,,,3.5201
*Nc1ccc(*)cc1OCCCCCCCCCCCC,,,3.5203
*Oc1ccc2c(c1)C(=O)N(Oc1ccc(C(n3c(O)cc(*)c3O)(C(F)(F)F)C(F)(F)F)cc1)C2=O,,,3.5205
*c1ccc(Cc2ccc(N3C(=O)C(=O)N(*)C3=O)cc2)cc1,,,3.5238
*Oc1ccc(OC(=O)c2ccc(C(*)=O)cc2)cc1CCC(C)CC,,,3.5259
*CC(*)c1ccc(C(=O)c2ccccc2)cc1,,,3.5289
*c1cccc(-c2nc3ccc(-c4ccc5oc(*)nc5c4)cc3o2)c1,,,3.5292
*Oc1ccc(OC(=O)c2ccc(C(*)=O)cc2)cc1C1CCCCCCC1,,3.1917,3.5292
*c1ccc(Oc2ccc(-c3csc(-c4nc(*)cs4)n3)cc2)cc1,,,3.5312
*Cc1ccc(OCOc2ccc(*)c3cccnc23)c2ncccc12,,,3.5315
*c1cccc(-c2nc3cc4[CH3]c(*)nc4cc3[CH3]2)c1,,,3.5319
*C(=O)n1cc(O)n(C(=O)c2ccc(N3C(=O)c4ccc(*)cc4C3=O)cc2)c1=O,,,3.533
*CC(=O)C(C)C(*)c1ccc(O)c2ncccc12,,,3.5354
*CCC[CH3](C)(C)O[CH3](C)(C)CCCn1c(=O)c2cc3c(=O)n(*)c(=O)c3cc2c1=O,,,3.5354
*CCCCCCCCn1c(=O)c2cc3c(=O)n(*)c(=O)c3c(Br)c2c1=O,,,3.5401
*Oc1ccc(C(=O)Nc2cc(NC(=O)c3ccc(*)cc3)cc(-c3nc4ccccc4[CH3]3)c2)cc1,,,3.5407
*c1cc(C=Nc2cccc(C)c2)cc(*)c1O,,,3.5437
*Oc1ccc(NC(=O)c2cc(C(=O)Nc3ccc(Oc4ccc(C5(c6ccc(*)cc6)CC6CCC5C6)cc4)cc3)cc(C(C)(C)C)c2)cc1,,,3.5452
*c1ccc(Sc2ccc(-c3nn(-c4ccc(S(=O)(=O)c5ccc(-n6nc(*)c7ccccc7c6=O)cc5)cc4)c(=O)c4ccccc34)cc2)cc1,,,3.5491
*Nc1ccc(NC(=O)c2cccc(C(*)=O)c2)cc1,,,3.551
*Oc1ccc(Oc2ccc(C(=O)c3ccc(*)cc3)cc2)cc1C,,,3.5517
*c1ccc2c(c1)c1cc(*)ccc1n2-c1ccccc1,,,3.553
*Nc1ccc(*)cc1C(C)CC,,,3.553
*c1csc(*)c1,,,3.5591
*Oc1ccc(-c2ccc(N=Nc3ccc(C(*)=O)cc3)cc2)cc1,,,3.5627
*Cc1cccc(CNC(=O)C2=C(C(=O)N*)C3C=CC2C3)c1,,,3.5629
*Cc1ccc(-c2ccc(-c3ccc(*)s3)cc2)cc1,-6.19,2.8951,3.5671
*C(=O)c1ccc(OC(*)=S)s1,-6.17,1.6701,3.5676
*c1ccc2c(c1)c1cc(*)ccc1n2CCC(O)=NO,,,3.571
*OC(=S)Oc1ccc(*)s1,-5.94,3.0437,3.5737
*Nc1ccc(C(C)(C)c2ccc(NC(=O)c3cc(C(*)=O)cc(-n4c(O)c5c(c4O)CC=CC5)c3)cc2)cc1,,,3.5748
*Nc1ccc(*)cc1C,,,3.5769
*CCCCCCCCCOc1ccc(C=CC=Cc2ccc(O*)cc2)cc1,,,3.5795
*C=Cc1cc(CCCCCC)c(*)s1,,,3.5808
*c1ccc2c(c1)c1cc(*)ccc1n2CCC(=O)OCC,,,3.5811
*CCCCCCCCCn1c(=O)c2cc3c(=O)n(*)c(=O)c3c(Br)c2c1=O,,,3.5814
*c1ccc(-c2ccc([CH3](C)(C)c3ccc(*)s3)s2)cc1,,,3.5832
*c1ccc(-c2ccc(*)nc2)cn1,,,3.5855
*c1ccc2c(c1)c1cc(*)ccc1n2CC(=O)OCC,,,3.5868
*Nc1ccc(NC(=O)NC(=O)NC(*)=O)s1,-6.29,3.2632,3.5876
*C(=O)NNC(=O)c1ccc(*)nc1,,,3.5892
*NNC(=O)c1ccc(C(=O)NNC(=S)c2cccc(C(*)=S)c2)cc1,,,3.5899
*c1ccc(C(=O)Oc2ccc3ccc(OC(=O)c4ccc(-n5c(O)cc(SCCOCCSc6cc(O)n(*)c6O)c5O)cc4)cc3c2)cc1,,,3.5935
*CC(*)(C)C(=O)Nc1cccc(-c2nnc(-c3ccccc3)o2)c1,,,3.5944
*c1ccc(Oc2ccc(C(=O)c3ccc(Oc4ccc(-c5cc(*)[CH3]n5)cc4)cc3)cc2)cc1,,,3.5958
*OC(=S)C(F)(F)C(*)(F)F,-5.26,3.1746,3.598
*c1ccc(-c2nc3cc4[CH3]c(*)nc4cc3[CH3]2)cc1,,,3.6007
*C(=O)Nc1ccc(S(=O)(=O)c2ccc(NC(=O)c3ccc4[CH3]c(-c5cccc(-c6nc7cc(*)ccc7[CH3]6)c5)nc4c3)cc2)cc1,,,3.6016
*C(=S)N(*)CC=C,,,3.6057
*N=C(C)CC(*)=O,,,3.6072
*C(=O)NNC(=O)c1cccc(C(=O)NNC(=O)c2ccc(*)nc2)n1,,,3.6092
*c1sc(*)c2sc(CCCCCCCCC)nc12,,,3.6098
*C(=O)c1ccc(N(*)CCCCCCCC)cc1,,,3.611
*c1ccc2c(*)c(-c3ccccc3)[CH3]c2c1,,,3.6113
*Nc1ccccc1NC(=O)c1cccc(C(*)=O)c1,,,3.6159
*Oc1ccc(Oc2ccc(OC(=O)c3ccc(C4(c5ccc(C(*)=O)cc5)OC(=O)c5ccccc54)cc3)cc2)cc1,,,3.6172
*C(=O)c1ccc(C(=O)c2ccc(*)s2)cc1,-6.45,2.4807,3.618
*c1cccc(-c2cc(*)cc3c2NC(C)(C)OC3(C)C)c1,,,3.618
*CCCCCCCCc1nc(-c2ccc(-c3csc(*)n3)cc2)cs1,,,3.6182
*OC(=O)c1ccc(C2(C)CC(C)(C)c3ccc(C(=O)Oc4ccc5c(c4)Oc4cc(*)ccc4C5(C)C)cc32)cc1,,,3.6209
*Sc1ccc(*)cc1,,3.1848,3.6211
*Oc1ccc(OC(=O)c2ccc(C(*)=O)cc2)cc1CCCCCCC,,,3.6219
*Oc1ccc(Oc2ccc(C(=O)c3ccc(*)cc3)cc2)cc1CBr,,,3.6235
*Oc1ccc(NC(=O)c2cc(NC(=O)c3ccccc3)cc(C(=O)Nc3ccc(*)cc3)c2)cc1,,,3.6254
*c1cncc(-c2nnc(-c3nnc(*)o3)o2)n1,,,3.6277
*Nc1cccc(NC(=O)C=CC(*)=O)c1,,,3.628
*CC(=O)OC(*)=S,-5.87,3.73,3.6315
*CC(*)(C)C(=O)Oc1ccc2ccccc2c1,,,3.6336
*Oc1ccc2cc(Oc3ccc(C(=O)c4ccc(*)cc4)cc3)ccc2c1,,,3.634
*CC(*)c1ccc2ccccc2c1,,,3.6351
*Nc1ccc(-c2ccc(NC(=O)c3cccc(C(*)=O)c3)c(S)c2)cc1S,,,3.6358
*c1ccc(-c2ccc(*)c(Cl)c2)cc1Cl,,,3.6381
*CC(*)c1ccc(C(=O)Cc2ccccc2)cc1,,,3.6382
*CNc1ccc(C(*)=O)cc1,-6.14,3.1969,3.6383
*Oc1ccc(C2(c3ccc(OC(=O)c4cccc(C(*)=O)c4)cc3)CCC3CCCCC3C2)cc1,,,3.6386
*Oc1ccc(C=CC(*)=O)cc1,,,3.6422
*c1nc(Cl)nc(N(c2ccccc2)c2nc(Nc3ccccc3)nc(N(*)c3ccccc3)n2)n1,,,3.6448
*NNC(=O)c1ccc(NC(=O)c2ccc(C(*)=O)cc2)c(O)c1,,,3.6452
*c1ccc2c(c1)c1cc(*)ccc1n2CC(O)=NO,,,3.6467
*C(=O)c1ccc(Oc2ccc(*)s2)cc1,-6.33,3.0776,3.6478
*Nc1cc(C(c2ccc(O)c(NC(=O)c3ccc(C(*)=O)cc3)c2)(C(F)(F)F)C(F)(F)F)ccc1O,,,3.6515
*Nc1ccc(Oc2ccc(*)cc2)cc1,-6.26,3.2074,3.6519
*CC(*)C(=O)OCCCOc1ccc(-c2ccc(C#N)cc2)cc1,,,3.6528
*Oc1ccc(Oc2ccc(C(=O)c3ccc(*)cc3)cc2)cc1C(=O)O,,,3.6534
*Oc1ccc(OC(=O)c2cc(OCCCCCCOCCCCC)c(C(*)=O)cc2OCCCCCCOCCCCC)cc1,,,3.6545
*Oc1cccc(C(=O)c2cccc(Oc3cccc(*)c3)c2)c1,,,3.6547
*C(*)(F)Cl,,,3.6564
*C=C1CCCC(=Cc2ccc(*)cc2)C1=O,,,3.6567
*OC(=O)c1ccc(SCCCCSc2ccc(C(*)=O)cc2)cc1,,,3.6584
*C(=O)c1ccc(N=Nc2ccc(C(=O)N3C(=O)N(*)C(CC)(CC)C3=O)cc2)cc1,,,3.6611
*CCCCOC(=O)c1ccc(N=CNc2ccc(C(=O)O*)cc2)cc1,,,3.6652
*C=NCCCCCCN=Cc1ccc(Sc2ccc(*)o2)o1,,,3.6661
*C=C(*)c1cccs1,,,3.6662
*Oc1ccc(Oc2ccc(C(=O)c3ccc(*)cc3)cc2)cc1C=O,,,3.6677
*Nc1ccc(NC(=O)c2cc(NC(=O)c3ccncc3)cc(C(*)=O)c2)cc1,,2.9949,3.6703
*c1sc(*)c(OCCCCCCCCCCCCCCCC)c1C,,,3.676
*CCCCCCCCCCCCOC(=O)c1ccc2cc(C(=O)O*)ccc2c1,,,3.6798
*NC(=O)c1ccc(C(*)=O)s1,-6.4,2.6812,3.683
*CC(=O)OCCCCCCOC(=O)Cn1c(=O)c2cc3c(=O)n(*)c(=O)c3cc2c1=O,,,3.6832
*C(=O)NCCNC(=O)c1ccc(N2C(=O)c3ccc(*)cc3C2=O)cc1,,,3.6854
*C(=S)N(*)C,,,3.6861
*COc1ccc(-c2ccc(*)cc2)s1,-6.07,3.0939,3.6898
*c1ccc2c(c1)[CH3](C)(C)c1cc(*)ccc1N2C,,,3.6899
*CC(*)C(=O)Oc1ccc(C(C)=NNC(N)=O)c(O)c1,,,3.6909
*Oc1ccc(S(=O)(=O)c2ccc(-c3ccc(-c4ccc(S(=O)(=O)c5ccc(*)cc5)cc4)cc3)cc2)cc1,,,3.6921
*CC1(C)CC(N2C(=O)c3ccc(-c4ccc5c(c4)C(=O)N(*)C5=O)cc3C2=O)CC(C)(C)C1,,,3.6926
*c1cccc(-c2nnc(-c3cccc(-c4nnc(*)o4)n3)o2)c1,,,3.6938
*Nc1ccc(C(=O)c2ccc(NC(=O)c3ccc(C(*)=O)cc3)cc2)cc1,,,3.6944
*c1ccc(N(*)CCCCCC)cc1,,,3.7028
*CCNC(*)=S,-5.36,3.6727,3.7044
*Oc1ccc(Oc2ccc(*)s2)s1,-6.02,4.047,3.7097
*CCc1ccc(-c2ccc(*)s2)cc1,-5.98,2.9495,3.7098
*Oc1c(C)cc(N=Nc2ccc(C(*)=O)cc2)cc1C,,,3.7116
*c1cc(*)cc(-c2nc3ccccc3o2)c1,,,3.713
*Nc1ccc(*)cc1CO,,,3.7131
*NCc1cc(C(=O)O)cc(CNc2nc(-c3csc(*)n3)cs2)c1N,,,3.7145
*Oc1ccc2cc(C(*)=O)ccc2c1Br,,,3.7175
*Oc1ccc(-c2ccc(C(*)=O)cc2)s1,-6.35,2.7538,3.7187
*Oc1ccc(Oc2ccc(C(=O)c3cccc(-c4cccc(C(=O)c5ccc(*)cc5)c4)c3)cc2)cc1,,,3.724
*NC(=S)Nc1ccc(NC(=S)Nc2ccc(Cc3ccc(*)cc3)cc2)cc1,-6.09,3.6012,3.7248
*CNc1ccc(-c2ccc(*)s2)cc1,-6.05,3.1255,3.7272
*Cc1ccc(NC(*)=S)s1,-5.77,2.8469,3.7288
*Oc1ccc(Oc2ccc(C(=O)c3ccc(*)cc3)cc2)cc1C(=O)OC,,,3.7296
*CCCCc1nc(-c2ccc(-c3csc(*)n3)cc2)cs1,,,3.7312
*c1ccc(-n2ccc(-c3cccc(-c4ccn(*)n4)c3)n2)cc1,,,3.7316
*NC(=NC(=NC(C)=O)NC(C)=O)N=C(*)OC(C)=O,,,3.7327
*Oc1ccc(Cc2ccc(OC(=O)c3cccc(C(*)=O)c3)cc2)cc1,,,3.7336
*c1ccc(-c2ccc(C(F)(F)C(*)(F)F)cc2)s1,-5.98,4.0895,3.7339
*Nc1cc(*)ccc1N,,,3.7339
*Oc1ccc(C(=O)NNC(=O)c2cccc(C(=O)NNC(=O)c3ccc(OC(=O)c4cccc(C(*)=O)c4)cc3)c2)cc1,,,3.7359
*C#Cc1ccc(*)c(SCCCCCCCCCCCC)c1,,,3.7364
*Oc1ccc(N=CNc2ccc(*)cc2)cc1,,,3.7365
*Oc1c(F)c(F)c(S(=O)(=O)c2c(F)c(F)c(Oc3ccc(C(c4ccc(*)cc4)(C(F)(F)F)C(F)(F)F)cc3)c(F)c2F)c(F)c1F,,,3.7366
*CNc1ccc(-c2ccc(*)cc2)s1,-6.04,3.3441,3.738
*CCCCCCCCCCCOC(=O)c1ccc2cc(C(=O)O*)ccc2c1,,,3.7387
*Oc1ccc2cc(C(*)=O)ccc2c1-c1ccccc1,,,3.7414
*Nc1ccc(OC(*)=S)cc1,-6.14,3.2479,3.7435
*Nc1cccc(C#Cc2cccc(C(*)=O)c2)c1,,,3.7438
*c1ccc(Oc2ccc(-c3nnc(*)o3)cc2)cc1,,,3.7488
*Nc1ccc(C(*)=O)cc1,,,3.7503
*c1nc(C)nc(N(CCCCCCN(*)c2ccccc2)c2ccccc2)n1,,,3.751
*C(OC(C)=O)=C(OC(C)=O)c1ccc(*)cc1,,,3.7517
*CCc1nc(-c2ccc(-c3csc(*)n3)cc2)cs1,,,3.7563
*CC(*)n1cc2ccccc2n1,,,3.7572
*CCCCCCCCCCOC(=O)c1ccc2cc(C(=O)O*)ccc2c1,,,3.7577
*Cc1ccc(OC(*)=S)s1,-5.78,3.0541,3.7579
*CCCCC(C)CCn1c(=O)c2cc3c(=O)n(*)c(=O)c3cc2c1=O,,,3.7606
*Nc1cc(NC(=O)c2ccc(C(*)=O)cc2)ccc1Cl,,,3.7621
*CC(*)(C)C(=O)OCCCCn1c2ccccc2c2ccccc21,,,3.7637
*Cc1c(O)c(C(C)=O)cc(CNC(=S)N*)c1OC,,,3.7679
*CCCCCCCCCOC(=O)c1ccc2cc(C(=O)O*)ccc2c1,,,3.7681
*Oc1ccc(OC(=O)c2ccc(C(*)=O)cc2)cc1,,,3.7683
*Nc1cc(C(c2ccc(O)c(NC(=O)c3ccc4cc(C(*)=O)ccc4c3)c2)(C(F)(F)F)C(F)(F)F)ccc1O,,,3.7695
*CC(O)C(O)CN(*)c1ccc(N(C)C)cc1,,,3.7705
*CC(*)(C)C(=O)OCCCCCn1c2ccccc2c2ccccc21,,,3.7707
*c1ccc(-n2cc3c(n2)C(=O)c2cn(*)nc2C3=O)cc1,,,3.7718
*CCCCCc1ccc(CCCCCOC(=O)c2ccc(C(=O)O*)cc2)cc1,,,3.7742
*CCCCCCOC(=O)OCCCCCCCCOC(=O)OCCCCCCn1c(=O)c2cc3c(=O)n(*)c(=O)c3cc2c1=O,,,3.7768
*c1ccc2c(c1)Cc1cc(*)ccc1-2,,,3.7772
*Cc1ccc(-c2ccc(-c3ccc(*)cc3)cc2)cc1,-6.26,3.4166,3.7798
*CCCCCCCCCC#CC#CCCCCCCCCCOC(=O)C(=O)O*,,,3.7823
*Oc1ccc(N=C(c2ccc(-c3ccc(-c4ccc(C(=Nc5ccc(*)cc5)C(C#N)C#N)cc4)cc3)cc2)C(C#N)C#N)cc1,,,3.7835
*NC(=S)Nc1ccc(Cc2ccc(*)cc2)cc1,-6.09,3.7898,3.7839
*CCCCCCCCCn1c(=O)c2cc3c(=O)n(*)c(=O)c3cc2c1=O,,,3.7854
*CC(=O)c1ccc(O*)s1,-6.03,3.1722,3.7866
*c1nc(C)nc(N(CCCCN(*)c2ccccc2)c2ccccc2)n1,,,3.7879
*CCCCCCCCCCn1c(=O)c2cc3c(=O)n(*)c(=O)c3cc2c1=O,,,3.7892
*CCCCCCCCCCCCOc1ccc(C=NN=Cc2ccc(O*)cc2O)c(O)c1,,,3.7924
*Cc1ccc(NC(*)=S)cc1,-5.97,3.5265,3.793
*Cc1ccc(NO*)s1,-5.66,3.8409,3.7984
*CCN(*)Cc1ccccc1,,,3.8139
*Oc1ccc(C(=O)CNCCCCCCCCNCC(=O)c2ccc(*)cc2)cc1,,,3.8153
*NC(=O)Oc1ccc(*)s1,-6.2,3.4227,3.8172
*c1cc2sc(*)c(C)c2s1,,,3.8179
*Oc1ccc(C(=O)OCCOC(=O)c2ccc(*)cc2)cc1,,,3.8209
*CCCCCCOC(=O)OCCCCCCCCCCCCOC(=O)OCCCCCCn1c(=O)c2cc3c(=O)n(*)c(=O)c3cc2c1=O,,,3.821
*OC(CCl)COC(=O)C1=C(C(=O)OCC(CCl)OC(=O)c2ccc(C(*)=O)cc2)C2C=CC1C2,,,3.8265
*Oc1ccc(C(=O)Nc2ccc(S(=O)(=O)c3ccc(NC(=O)c4ccc(*)cc4)cc3)cc2)cc1,,,3.8301
*CC(*)c1cc(OC)ccc1OC,,,3.8323
*C(I)=C(*)I,,,3.8335
*CC(*)C(=O)c1ccc(Br)c(OC)c1,,,3.8338
*c1cccc(*)n1,-6.6,2.9424,3.8339
*Cc1nc2cc3sc(*)nc3cc2s1,,,3.8345
*Oc1ccc(C2(c3ccc(OC(=O)c4ccc(C(*)=O)cc4)cc3)OC(=O)c3ccccc32)cc1,,,3.8358
*CC(=O)C(=S)O*,-5.8,2.0217,3.8359
*C(=O)NNC(=O)c1cccc(C(=O)NNC(=O)c2ccc(*)nc2)c1,,,3.8367
*CCCCCCn1c(=O)c2cc3c(=O)n(*)c(=O)c3cc2c1=O,,,3.8389
*Nc1c(I)cc(C(*)=O)cc1I,,,3.842
*C=Cc1ccc(*)o1,,,3.8424
*CCCCCCCc1nnc(-c2ccc(-c3nnc(*)o3)cc2)o1,,,3.843
*CCOCCOC(=O)C=CC(=O)NCCCCCCNC(=O)C=CC(=O)O*,,,3.8434
*c1ccc(-c2ccc(-c3nnc(*)n3-c3ccc(OC)cc3)cc2)cc1,,,3.8442
*N=C1C=CC(*)C=C1C,,,3.8461
*c1ccc2c(c1)C(CC(CC)CCCC)(CC(CC)CCCC)c1cc(*)ccc1-2,,2.85,3.8505
*c1ccc2nc(*)oc2c1,,,3.8571
*Oc1ccc(OC(=O)c2ccc(C(*)=O)cc2)cc1C1CC2CCC1C2,,,3.8597
*CC(*)c1ccc(C(O)CCN2CCOCC2)cc1,,,3.8601
*c1ccc(S(=O)(=O)c2ccc(-n3nc(*)c4ccccc4c3=O)cc2)cc1,,,3.8603
*c1ccc2c(c1)c1cc(*)ccc1n2C(O)=NO,,,3.8619
*Oc1ccc(-c2ccc(C(*)=O)cc2)cc1,-6.44,3.0847,3.8635
*Oc1ccc(C(=O)Nc2ccc(S(=O)(=O)c3ccc(NC(=O)c4ccc(Oc5nc(*)nc(Sc6ccccc6)n5)cc4)cc3)cc2)cc1,,,3.8673
*Oc1ccc(C(c2ccc(OC(=O)c3cccc(C(*)=O)c3)cc2)C(Cl)(Cl)Cl)cc1,,,3.8681
*c1ccc2cc(*)n(C(C(O)=NO)n3ccc4ccccc43)c2c1,,,3.8694
*Nc1c(Br)cc(C(*)=O)cc1Br,,,3.8726
*c1nc(-c2ccccc2)nc(N(*)c2ccccc2)n1,,,3.8771
*c1ccc(C(=O)C(F)(F)C(*)(F)F)s1,-5.86,3.0077,3.8794
*Oc1ccc(C(C)(C)c2ccc(Oc3ccc(C(=O)c4ccc(*)cc4)cc3)cc2)cc1,,,3.8798
*Nc1ccc(C2(c3ccc(NC(=O)c4ccc(C5(c6ccc(C(*)=O)cc6)OC(=O)c6ccccc65)cc4)cc3)OC(=O)c3ccccc32)cc1,,,3.8809
*c1ccc(-c2nnc(-c3cccc(-c4nnc(*)o4)n3)o2)cc1,,,3.8824
*c1cccc(*)c1N,,,3.8845
*Oc1ccc(NC(=O)c2cccc(C(=O)Nc3ccc(Oc4ccc(C5(c6ccc(*)cc6)C6CC7CC(C6)CC5C7)cc4)cc3)c2)cc1,,,3.8847
*c1ccc(-c2ccc(*)c(C)c2)cc1C,,,3.8863
*Oc1ccc(-c2ccc(C(*)=O)cc2)cc1Br,,,3.8867
*NC(=O)OC(*)=S,-6.1,2.5812,3.8869
*CCOCCOCCOc1ccc(C=C(C)c2ccc(O*)cc2)cc1,,,3.8885
*Oc1ccc(SSc2ccc(*)cc2)cc1,,,3.8889
*Cc1nc(-c2ccc(-c3csc(*)n3)cc2)cs1,,,3.8894
*Nc1ccc(Nc2ccc(*)s2)cc1,-6.11,2.8374,3.8931
*c1ccc2c(c1)SC1(CCC3(CC1)Nc1ccc(*)cc1S3)N2,,,3.8947
*NC(=O)C=CC(=O)Nc1nc(*)nc(N)n1,,,3.896
*Oc1c(-c2ccccc2)cc(*)cc1-c1cccc(C)c1,,,3.8976
*NC(=O)NC(*)=O,-6.46,3.9867,3.9005
*Oc1ccc(Oc2ccc(C(=O)c3ccc(*)cc3)cc2)cc1,,,3.9034
*CC(*)Cn1cc2ccccc2n1,,,3.9074
*Oc1cccc2c(OC3(F)C(*)(F)C(F)(F)C3(F)F)cccc12,,,3.9081
*Oc1c(-c2ccccc2)cc(*)cc1-c1ccccc1,,,3.9085
*c1ccc(OC(=O)c2cccc(C(=O)Oc3ccc(C4(*)OC(=O)c5ccccc54)cc3)c2)cc1,,,3.9147
*Oc1ccc(OC(=O)c2ccc(C(*)=O)cc2)cc1C(F)(F)F,,,3.9148
*Oc1ccc(C(C)(c2ccc(Oc3ccc(C(=O)c4ccc(*)cc4)cc3)cc2)C(F)(F)F)cc1,,,3.9149
*Nc1c(Cl)cc(C(*)=O)cc1Cl,,,3.9189
*Oc1ccc(C(=O)c2ccc(C(=O)NOC(*)=O)s2)cc1,-6.35,2.9014,3.9191
*Oc1ccc(C(=O)c2ccc(*)cc2)cc1,-6.4,3.1383,3.9194
*Oc1cccc(C(=O)Nc2ccc(S(=O)(=O)c3ccc(NC(=O)c4cccc(Oc5nc(*)nc(Sc6ccccc6)n5)c4)cc3)cc2)c1,,,3.9202
*C=C(*)CNS(=O)(=O)Cc1ccccc1,,,3.9211
*c1ccc(-c2ccc(*)c(CCCCCC)n2)nc1CCCCCC,,,3.9211
*CC(*)(C)C(=O)Oc1ccc([CH3](=O)[CH3])c(C)c1,,,3.9223
*C(=O)NNC(=O)c1cncc(C(=O)NNC(=O)c2ccc(*)nc2)c1,,,3.9225
*Nc1cc(C)c(*)cc1C,,,3.9275
*Nc1ccc(NC(=O)CCCC(*)=O)cc1,,,3.9291
*C=Cc1ccc(*)c2c1C(=O)OC2=O,,,3.9313
*Oc1ccc(-c2ccc(-c3ccc(*)cc3)s2)s1,-6.21,1.9403,3.9319
*c1ccc2c(c1)c1cc(*)ccc1n2C(=O)OCC,,,3.932
*CCOC(=O)Nc1cccc2c(NC(=O)O*)cccc12,,,3.9352
*CCOCCOCCOCCOCCOc1ccc(C(=O)Nc2cc(NC(=O)c3ccc(O*)cc3)cc(-c3nc4ccccc4[CH3]3)c2)cc1,,,3.9357
*N=P(*)(OCCC(=O)C=C)OCCC(=O)C=C,,,3.9384
*c1ccc2[CH3]c(*)nc2c1,,,3.9385
*CCOCCOCCOCCOCCOc1ccc(C=C(C)c2ccc(O*)cc2)cc1,,,3.9391
*Oc1ccc(OC(=O)c2ccc(C(*)=O)cc2)cc1Cl,,,3.9402
*CC(=O)c1ccc(-c2ccc(*)cc2)cc1,-6.29,3.0649,3.9429
*Oc1ccc(C(C)=Nc2ccccc2N=C(C)c2ccc(*)cc2)cc1,,,3.9432
*c1cccc(-c2nnc(*)n2-c2ccccc2)c1,,,3.947
*Oc1ccc(Oc2ccc(C(=O)c3ccc(*)cc3)cc2)cc1C(Br)Br,,,3.947
*c1ccc(Oc2ccc(C(c3ccc(Oc4ccc(-c5nnc(*)n5-c5ccc(C)cc5)cc4)cc3)(C(F)(F)F)C(F)(F)F)cc2)cc1,,,3.9499
*CCOC(=O)c1ccc2ccc(C(=O)O*)cc2c1,,,3.9507
*c1ccc2c(c1)c1ccccc1n2*,,,3.9529
*C=C(*)C(C)=O,,,3.9542
*N=P(*)(Cl)Cl,,,3.9556
*C(C)=C(*)SCC,,,3.9571
*Oc1ccc(C(=O)c2cccc(C(=O)c3ccc(*)cc3)c2)cc1,,,3.9576
*CCC(=O)c1ccc(*)s1,-5.9,3.1093,3.959
*Oc1cccc(NC(=O)c2ccc([CH3](c3ccccc3)(c3ccccc3)c3ccc(C(*)=O)cc3)cc2)c1,,,3.9647
*Oc1ccc(-c2ccc(-c3ccc(*)cc3)cc2)cc1,-6.34,3.3861,3.9661
*CCNc1ccc(*)s1,-5.63,3.793,3.9675
*OS(=O)(=O)c1cc(S(=O)(=O)Oc2ccc(C3(c4ccc(*)cc4)CCCC3)cc2)ccc1C,,,3.9679
*c1ccc(*)c(C(=O)c2ccccc2)c1,,,3.9696
*Oc1ccc(S(=O)(=O)c2ccc(Oc3ccc(C4(c5ccc(*)cc5)CCCCC4)cc3)cc2)cc1,,,3.9696
*CCOCCOc1ccc(N=CNc2ccc(O*)cc2)cc1,,,3.9725
*CCCCOC(=O)SSSC(=O)O*,,,3.9747
*c1ccc2oc(*)nc2c1,,,3.9774
*CCCCOC(=O)C=C(CC(=O)O*)c1ccc(OCC)cc1,,,3.9789
*OC(=O)c1ccc(C(*)=O)s1,-6.49,3.202,3.9821
*Oc1ccc(C(=O)Nc2ccc(SCCC(*)=O)cc2)cc1,,,3.9873
*CCCCCCOc1ccc(C(=O)N(C(=O)c2ccc(O*)cc2)c2ccccc2)cc1,,,3.9898
*Nc1ccc(-c2ccc(NC(=O)CCCCCCCCC(*)=O)c(O)c2)cc1O,,,3.9935
*Oc1ccc(C(C)=NN=C(C)c2ccc(OC(=O)CCCCCCCCC(*)=O)cc2)cc1,,,3.996
*Cc1ccc(-c2ccc(N*)cc2)cc1,-6.15,3.4971,4.0005
*CC(=O)c1ccc(C(*)=O)s1,-6.21,2.9786,4.0034
*Nc1ccc(*)cc1,-6.21,2.3603,4.0074
*C(C#N)=C(c1ccccc1)c1ccc(*)cc1,,2.5883,4.0078
*Oc1ccc(C(=O)OCCCOC(=O)c2ccc(OC(=O)c3ccc(C(*)=O)cc3)cc2)cc1,,,4.0079
*CC(C)(CO*)COCCCCCCCCCCOc1ccc(-c2ccc(C#N)cc2)cc1,,,4.0117
*NC(=O)c1ccc(-c2ccc(*)s2)cc1,-6.31,1.9266,4.012
*C(=O)C(O)c1ccc(*)s1,,,4.0132
*c1cc(OCC(=O)C23CC4CC(CC(C4)C2)C3)c(*)cc1OC,,,4.0135
*c1ccc(C(F)(F)c2ccc(C(*)(F)F)cc2)cc1,-6.06,4.1742,4.017
*Oc1ccc(Oc2ccc(C(=O)c3ccc(*)cc3)cc2)cc1CC#N,,,4.0183
*Oc1cccc2c(OC(=O)Oc3ccc(OC(*)=O)cc3Cl)cccc12,,,4.0203
*Oc1ccc(SSCCSSc2ccc(*)cc2)cc1,,,4.0205
*c1ccc2c(*)c(C)[CH3]c2c1,,,4.0225
*CC#CC#CCOc1ccc(-c2ccc(O*)cc2)cc1,,,4.0246
*Nc1cc(*)ccc1CCCCCCCCCCCC,,,4.025
*CCCCCCn1ccc(-c2ccc(-c3ccn(*)n3)cc2)n1,,,4.0274
*Oc1ccc(*)cc1,,,4.035
*Cc1ccc(C(=O)c2ccc(*)s2)cc1,-6.2,3.4106,4.0354
*Oc1ccc(C2(c3ccc(OC(=O)c4ccc(Oc5ccc(C(*)=O)cc5)cc4)cc3)OC(=O)c3ccccc32)cc1,,,4.0357
*Oc1ccc(C2(c3ccc(OC(=O)c4ccc(C5(c6ccc(C(*)=O)cc6)OC(=O)c6ccccc65)cc4)cc3)OC(=O)c3ccccc32)cc1,,,4.0362
*Oc1ccc(C(C)=Cc2ccc(OC(=O)OCCCCOC(*)=O)cc2)cc1,,,4.0366
*Cc1ccc(OC(*)=S)cc1,-6,3.7121,4.0372
*Oc1ccc(S(=O)(=O)c2ccc(Oc3ccc(C4(c5ccc(*)cc5)c5ccccc5-c5ccccc54)cc3)cc2)cc1,,,4.0393
*CC(*)n1c2ccccc2c2ccccc21,,,4.0449
*C(=O)c1ccc(C(=O)N(C)N(*)C)cc1,,,4.0457
*CCCCCCNC(=O)c1ccc(C(=O)N*)c(Oc2ccc(Cl)cc2)c1,,,4.0457
*CC(*)n1nnc2ccccc21,,,4.0479
*Oc1ccc(Oc2ccc(C(=O)c3ccc(*)cc3)cc2)cc1CC(=O)O,,,4.0481
*Oc1ccc(-c2ccc(Oc3cccc(*)n3)cc2)cc1,,,4.055
*Oc1ccc(C(C)=Cc2ccc(OC(=O)OCCCCCOC(*)=O)cc2)cc1,,,4.0595
*Oc1cccc2c(OC(=O)Oc3ccc(OC(*)=O)cc3)cccc12,,,4.0608
*Cc1ccc(-c2ccc(O*)cc2)s1,-6.09,2.9246,4.0623
*CNc1ccc(N*)cc1,-5.93,3.4981,4.0626
*OC(=O)c1ccc(C(=O)NCNC(=O)c2ccc(C(*)=O)cc2)cc1,,,4.0657
*CC(O)COc1ccc(C(C)(C)c2ccc(OCC(O)COc3ccc(S(=O)(=O)c4ccc(O*)cc4)cc3)cc2)cc1,,,4.067
*c1nc2c(n1C)C(=O)N(*)C2=O,,,4.0674
*CC(=O)C(*)c1ccc(F)cc1,,,4.0711
*N1C(=O)c2ccc(-n3c(O)c4c(c3O)CC(C3CCc5c(c(O)n(*)c5O)C3)CC4)cc2C1=O,,,4.0715
*CCCCCCCc1nc2ccc(-c3ccc4nc(*)oc4c3)cc2o1,,,4.0726
*CC#CC#CCOC(=O)Nc1ccc(Cc2ccc(NC(=O)O*)cc2)cc1,,,4.0768
*OP(=O)(Oc1cccc2c(*)cccc12)OC1CCCCC1,,,4.0777
*N=C1C=CC(*)C=C1Cl,,,4.0784
*Oc1cc(OC)c(*)cc1OC,,,4.0822
*Nc1ccc(C(C)(C)c2ccc(NC(=O)c3cc(C(*)=O)cc(-n4c(O)c5c(c4O)C4CCC5C4)c3)cc2)cc1,,,4.0843
*c1ccc(*)c(C(=O)c2c(F)c(F)c(F)c(F)c2F)c1,,,4.0903
*c1ccc([CH3](c2ccccc2)(c2ccccc2)c2ccc(-c3nnc(*)o3)cc2)cc1,,,4.0946
*Nc1ccc(-c2ccc(O*)cc2)cc1,-6.21,3.4585,4.0962
*Oc1ccc(N=CCCCC=Nc2ccc(OC(=O)Nc3cc(NC(*)=O)ccc3C)cc2)cc1,,,4.0981
*Oc1ccc(OC(=O)c2cccc(C(*)=O)c2)cc1,,,4.1004
*Oc1ccc(C(CC)(c2ccccc2)c2ccc(OC(*)=S)cc2)cc1,,,4.1012
*c1cccc(-c2nnc(*)o2)c1,,,4.1016
*c1ccc(Oc2ccc(P(=O)(c3ccccc3)c3ccc(Oc4ccc(-c5cc(*)[CH3]n5)cc4)cc3)cc2)cc1,,,4.1018
*Oc1cccc2c(OC(=O)Oc3cccc(OC(*)=O)c3)cccc12,,,4.104
*Oc1cccc2c(OC(=O)Oc3ccc(OC(*)=O)cc3C)cccc12,,,4.1043
*Nc1cc(*)ccc1CCCCCC,,,4.1073
*C=Cc1ccc(*)c(C(=O)OC)c1C(=O)OC,,,4.11
*NNC(=O)c1ccc(C(*)=O)cc1OCCCCCCCCCC,,,4.1107
*CCCCCCOC(=O)SNc1ccc(Cc2ccc(NSC(=O)O*)cc2)cc1,,,4.1148
*Nc1cc(*)ccc1C,,,4.116
*Nc1ccc(C2(c3ccc(NC(=O)Cc4ccc(Oc5ccc(C(*)=O)cc5)cc4)cc3)OC(=O)c3ccccc32)cc1,,,4.1183
*Nc1cccc(NC(=O)c2cccc(C(*)=O)c2)c1,,,4.1202
*C(=O)C=CC(=O)N1CC(C)N(*)CC1C,,,4.123
*CCN(CCOC(=O)Nc1ccc(Cc2ccc(NC(=O)O*)cc2)cc1)c1ccccc1,,,4.1239
*Oc1ccc(Oc2ccc(C=NCCCCN=Cc3ccc(*)cc3)cc2)cc1,,,4.1246
*c1nc(-c2ccccc2)nc(N(*)CC)n1,,,4.1252
*Cc1ccc(Nc2ccc(*)s2)s1,-5.9,3.6624,4.1254
*CC(O)COc1ccc(S(=O)(=O)c2ccc(O*)c(C)c2)cc1C,,,4.1274
*NNC(=O)c1ccc(C(*)=O)cc1OCCCCCCCC,,,4.1277
*Oc1cccc(OC(=O)c2cccc(C(*)=O)c2)c1,,,4.1279
*CC(*)C(=O)NCCc1ccccn1,,,4.133
*CC(*)N1CCCC1=S,,,4.1333
*Oc1ccc(CCNC(=O)c2cccc(C(*)=O)c2)cc1,,,4.1401
*C=CC1C=CC(*)C(C(=O)OC(C)(C)C)=C1C(=O)OC(C)(C)C,,,4.1406
*O[CH3](C)(Oc1ccc(*)cc1)c1ccccc1,,,4.1409
*Oc1ccc(Oc2ccc(Oc3cccc(*)n3)cc2)cc1,,,4.1433
*CCC(=S)O*,-5.34,3.8308,4.1442
*CC(*)C(=O)N(O)c1ccc(Cl)cc1,,,4.1462
*CCCCCCCCCc1nc2ccc(-c3ccc4nc(*)oc4c3)cc2o1,,,4.1522
*CC(=O)CC(*)=O,-5.95,4.6959,4.1544
*Nc1cccc(C(*)=O)c1,-6.41,3.2399,4.1556
*CCOCCOC(=O)c1ccc(N=CNc2ccc(C(=O)O*)cc2)cc1,,,4.1569
*CCCCCCn1cc2c(n1)C(=O)c1cn(*)nc1C2=O,,,4.1587
*c1cc(C=O)cc(*)c1O,,,4.1592
*Oc1ccc(OC(=O)c2ccc(OC(=O)CCCCCCC(*)=O)cc2)cc1,,,4.1613
*C(=O)C1CC(OC(C)=O)CN1*,,,4.1614
*CCCCCCCCCOC(=O)c1ccc(NC(=O)CCCCCCCCC(=O)Nc2ccc(C(=O)O*)cc2)cc1,,,4.1632
*CC(=O)c1ccc(O*)cc1,-6.19,3.8893,4.1635
*c1sc(*)c(OC)c1OC,,,4.1637
*CCCP(CCCCCCCC)CCCNC(=O)C(=O)N*,,,4.1641
*Oc1ccc(C(=O)CNNCC(=O)c2ccc(*)cc2)cc1,,,4.1658
*c1ccc(Cc2ccc(N3C(=O)N(*)C3=O)cc2)cc1,,,4.1662
*CCNc1ccc(*)cc1,-5.85,3.689,4.1674
*CCCCCCOC(=O)OCCCCCCOC(=O)OCCCCCCOc1ccc(C(=O)c2ccc(O*)cc2)cc1,,,4.1722
*Oc1ccc(C(F)(F)C(*)(F)F)s1,-5.67,4.0762,4.1725
*c1cccc(*)c1,,,4.1803
*CC(*)C(=O)N(O)c1cccc(C)c1,,,4.1845
*C(=O)Nc1nc(C#N)c(*)n1C,,,4.1864
*CCOC(=O)c1ccc(NC(=O)CCCCCCCC(=O)Nc2ccc(C(=O)O*)cc2)cc1,,,4.188
*c1cn(*)c2ccccc12,,,4.1935
*OC(=O)C=CC(=O)OC1COC2C(*)COC12,,,4.1943
*CCCCCCCCCCCCc1nc2ccc(-c3ccc4nc(*)oc4c3)cc2o1,,,4.1955
*Cc1cccc(CN(*)c2ccccc2)c1O,,,4.1958
*c1ccc(C2C(c3ccccn3)C(*)C2c2ccccn2)cc1,,,4.1962
*COc1ccc(C(=C(Cl)Cl)c2ccc(O*)cc2)cc1,,,4.1966
*CCCc1nc2cc3sc(*)nc3cc2s1,,,4.1967
*OCCOCCOc1cc(*)nc2ccc(C)cc12,,,4.1994
*CCc1ccc(-c2ccc(*)cc2)cc1,-6.09,3.7492,4.2048
*OC(=S)OC(*)=O,-6.2,3.9378,4.2076
*CCCCCCCc1nc2cc(-c3ccc4[CH3]c(*)nc4c3)ccc2[CH3]1,,,4.2077
*Oc1ccc(C(C)(C)c2ccc(OC(=O)OCCN(CCOC(*)=O)c3ccc(OC)cc3)cc2)cc1,,,4.212
*C=Cc1cc(OCC)c(*)cc1OCC,,,4.2145
*C(=O)SSCCCCSSC(=O)N1CCN(*)CC1,,,4.2166
*CNC(=S)N*,-5.48,3.9125,4.2179
*Nc1nc(*)nc(-c2ccccc2)n1,,,4.2193
*Nc1ccc(Oc2ccc(*)s2)cc1,-6.14,3.4138,4.2211
*Oc1ccc(NC(=O)NC2CC(C)(C)CC(C)(CNC(=O)Nc3ccc(*)cc3)C2)cc1,,,4.2227
*Oc1ccc(OC(*)=O)s1,-6.25,3.6706,4.2235
*CCCCCCCCc1nc2ccc(-c3ccc4nc(*)oc4c3)cc2o1,,,4.2242
*CC(*)OC(=O)c1cccc(Br)c1,,,4.2289
*Oc1ccc(C(C)=Cc2ccc(OC(=O)OCCCCCCOC(*)=O)cc2)cc1,,,4.2293
*Oc1cccc(OC(=O)c2ccc(Oc3ccc(C(*)=O)cc3)cc2)c1,,,4.2359
*Nc1ccc(*)cc1N,,,4.2366
*Oc1ccc(C(=C(Cl)Cl)c2ccc(OC(*)=O)cc2)cc1,,,4.2371
*OP(=O)(Oc1ccc(-c2ccc(*)cc2)cc1)c1ccccc1,,,4.2408
*CCCCOC(=O)SSC(=O)O*,,,4.2442
*C(Cl)=C(Cl)C(Cl)(Cl)C(*)(Cl)Cl,,,4.2472
*Oc1ccc(-c2ccc(Oc3ccc(C(C)(C)c4ccc(*)cc4)cc3)cc2)cc1,,,4.2484
*OP(=O)(Oc1ccc(C(C)(C)c2ccc(*)cc2)cc1)c1ccccc1,,,4.2511
*Oc1ccc(OC(=O)c2ccc(OC(=O)CCCCCCCCC(*)=O)cc2)cc1,,,4.2519
*Oc1c(OC)cc(*)cc1OC,,,4.2534
*Oc1ccc(NC(=O)Nc2ccc(Cc3ccc(NC(*)=O)cc3)cc2)cc1C,,,4.2557
*Oc1ccc(Oc2ccc(C=NCCCCCCN=Cc3ccc(*)cc3)cc2)cc1,,,4.2565
*Oc1ccc(SC(=O)Sc2ccc(*)cc2)cc1,,,4.2573
*c1ccc(Cc2ccc(N(*)Cc3ccccc3)cc2)cc1,,,4.2622
*Oc1ccc(Oc2cccc(*)n2)c(-c2ccccc2)c1,,,4.2637
*Oc1ccc(Oc2ccc(C=NCCN=Cc3ccc(*)cc3)cc2)cc1,,,4.266
*CC(=O)NC(*)=O,-6.2,4.8368,4.269
*CC(*)C(=O)c1ccc(CC)cc1,,3.9853,4.27
*CCCCCc1nc2cc3sc(*)nc3cc2s1,,,4.2723
*Oc1cccc(Oc2ccc(S(=O)(=O)c3ccc(*)cc3)cc2)c1,,,4.2737
*c1ccc(*)c(C(=O)c2ccc(F)cc2)c1,,,4.2742
*c1ccc2cc(*)n(C(C(=O)OCC)n3ccc4ccccc43)c2c1,,,4.2748
*CC(=O)OC(=O)COc1ccc(C(C)(C)c2ccc(O*)cc2)cc1,,,4.2779
*Oc1ccc(C(=O)OC(=O)c2ccc(*)cc2)cc1,,,4.2788
*c1ccc(S(*)(=O)=O)cc1,,,4.2821
*C(=O)c1ccc(C(=O)c2ccc(*)cc2)cc1,-6.51,2.9556,4.2825
*CNc1ccc(N*)s1,-5.7,3.5157,4.2825
*CCCCOc1ccc(C(=O)OC(=O)c2ccc(O*)cc2)cc1,,,4.2843
*Oc1ccc(C(C)(C)c2ccc(Oc3cncc(*)n3)cc2)cc1,,,4.2862
*CC(*)C(=O)N(O)c1ccc(C)cc1,,,4.2873
*CCCCCCCCCCCCc1nc2cc3sc(*)nc3cc2s1,,,4.2887
*Oc1cc(C)cc(OC(=O)c2cccc(C(*)=O)c2)c1,,,4.2911
*CC(c1ccccc1)c1c(*)c(O)n(-c2ccc(C(=O)Oc3ccc(C=O)cc3)cc2)c1O,,,4.2954
*c1nc(-c2ccccc2)nc(N(*)C)n1,,,4.2966
*C=CC=CCC*,,,4.3008
*CNOC(*)=S,-5.28,3.5947,4.3013
*CCCCCCCNC(=S)N*,,,4.3034
*CC(F)(F)C(F)(F)C(F)(F)COC(=O)c1cccc(-c2cccc(C(=O)O*)c2)c1,,,4.3076
*CC(O)COc1ccc(S(=O)(=O)c2ccc(OCC(O)COc3cccc(O*)c3)cc2)cc1,,,4.3099
*OC(C)C#CC#CC(C)OC(=O)c1ccc(C(*)=O)cc1,,,4.3105
*Cc1ccc(C(=O)c2ccc(*)cc2)cc1,-6.29,3.8451,4.3155
*CCCOc1ccc(C(=O)OC(=O)c2ccc(O*)cc2)cc1,,,4.317
*Oc1ccc(S(=O)(=O)c2ccc(*)cc2)cc1,,,4.3172
*CCCCCCCCc1nc2cc3sc(*)nc3cc2s1,,,4.3173
*CC(=O)OC(=O)COc1cccc(O*)c1,,,4.3174
*Oc1ccc(Oc2cccc(*)n2)cc1,,,4.3182
*c1nc(Cl)nc(N(*)c2ccccc2)n1,,,4.3194
*=CC1CC(C=*)C2CN(c3cc(C(F)(F)F)cc(C(F)(F)F)c3)CC12,,,4.3204
*Cc1ccc(CSSSS*)cc1,,,4.3206
*CCCCCCOC(=O)OCCCCCCOC(=O)OCCCCCCOc1ccc(Oc2ccc(O*)cc2)cc1,,,4.3261
*CCOC(=O)CSC(=O)Nc1ccc(Cc2ccc(NC(=O)SCC(=O)O*)cc2)cc1,,,4.3268
*CCCCCCCCc1nnc(-c2cccc(-c3nnc(*)o3)c2)o1,,,4.3273
*OC(=O)c1ccc(Cc2ccc(C(*)=O)cc2)cc1,,,4.3273
*NNC(=O)c1cccc(C(=O)NNC(=O)C(*)=O)c1,,,4.3275
*Oc1ccc2ccc(OC(=O)Oc3ccc(OC(*)=O)cc3)cc2c1,,,4.3295
*Oc1cc(OC(=O)c2ccc(OCCCC)cc2)c(OC(=O)CCCC(*)=O)cc1OC(=O)c1ccc(OCCCC)cc1,,,4.3317
*CCOC(=O)c1ccc(C(=O)O*)c2c1CC2,,,4.3335
*Nc1ccc(C(=O)O*)cc1,-6.22,3.977,4.3353
*C(*)(C#N)C#N,,,4.3364
*C(=O)NNC(=O)C(=O)NNC(=O)c1cncc(*)n1,,,4.3374
*C(=O)OCCOC(=O)c1ccc(*)o1,,,4.3379
*CCOC(=O)Nc1ccc(-c2ccc(NC(=O)O*)c(C)c2)cc1C,,,4.3385
*CNc1ccc(O*)cc1,-5.98,3.7495,4.3424
*CCCCCOC(=O)c1ccc(C(=O)NCCCCCCNC(=O)c2ccc(C(=O)O*)cc2)cc1,,,4.3426
*Oc1c(Cl)cc(*)cc1Cl,,,4.3426
*c1cccc(-c2nnc(-c3nnc(*)o3)o2)c1,,,4.3431
*CCCCCCOC(=O)OCCCCCOC(=O)OCCCCCCOc1ccc(Oc2ccc(O*)cc2)cc1,,,4.3438
*C(C#N)=C(*)c1ccccc1,,,4.3452
*CCC(=O)N(CCN(C(=O)CCN1CCN(*)CC1)C(C)C)C(C)C,,,4.3463
*Oc1ccc(SSCCCCSSc2ccc(*)cc2)cc1,,,4.3465
*CCOC(=O)c1ccc(C2(C)CC(C)(C)c3ccc(C(=O)O*)cc32)cc1,,,4.3486
*NC(=O)c1ccc(O*)s1,-6.08,3.0418,4.3505
*OC(=O)c1ccc(C(=O)OC2COC3C(*)COC23)o1,,,4.3511
*CNC(=O)c1ccc(*)s1,-6.02,3.849,4.353
*C(=NCCCCCC)N(*)CCCCCC,,,4.3588
*C=C(*)CO,,,4.3592
*Nc1c(Br)cc(*)cc1Br,,,4.3604
*NC(Cc1c[CH3]c2ccccc12)C(*)=O,,,4.3631
*NNC(=O)c1ccc(C(=O)NNC(=O)CCCCC(*)=O)cc1,,,4.3653
*Oc1cc(Cl)cc(Cl)c1*,,,4.3654
*Nc1ccc(*)cc1Cl,,,4.3667
*Oc1cccc(NC(=O)c2ccc(*)cc2)c1,,,4.3679
*Oc1ccc(SSCCCCCCCCCCSSc2ccc(*)cc2)cc1,,4.2235,4.369
*c1ccc(Oc2ccc(N3C(=O)N(*)C3=O)cc2)cc1,,,4.3691
*COc1ccc(C(=O)OC(=O)c2ccc(O*)cc2)cc1,,,4.3746
*Cc1ccc(-c2ccc(O*)cc2)cc1,-6.2,3.7323,4.3757
*Oc1cc(C)c(*)cc1C,,,4.3766
*CCCCCCOc1ccc(C(=O)OC(=O)c2ccc(O*)cc2)cc1,,,4.3827
*Oc1cccc(*)c1C#N,,,4.3829
*OC(=O)CSCCSCC(*)=O,,,4.3837
*C(=O)Nc1nc(*)c(C#N)n1C,,,4.3854
*Cc1ccc(Nc2ccc(*)cc2)cc1,-6.15,3.7655,4.3854
*NC(=O)Nc1ccc(*)cc1,-6.31,3.4515,4.3867
*Nc1ccc(Oc2ccc(*)s2)s1,-5.99,3.9124,4.3883
*Oc1c(Br)cc(*)cc1Br,,,4.3885
*Oc1cc(Br)cc(Br)c1*,,,4.3897
*OC(=O)c1ccc(C(C)(C)c2ccc(C(*)=O)cc2)cc1,,,4.3936
*C(=O)c1ccc(N(*)C)cc1,,,4.3942
*CC#CC#CCOc1ccc(C(C)(C)c2ccc(O*)cc2)cc1,,,4.3962
*Oc1ccc(C(C)(C)c2ccc(Oc3nc(*)nc(Cl)n3)cc2)cc1,,,4.3967
*Nc1c(Cl)cc(*)cc1Cl,,,4.3983
*CCCCCOc1ccc(C(=O)OC(=O)c2ccc(O*)cc2)cc1,,,4.4013
*Oc1ccc(C(C)=NCCN=C(C)c2ccc(*)cc2)cc1,,,4.4026
*Oc1ccc(C2(c3ccc(OC(*)=O)cc3)c3ccccc3-c3ccccc32)cc1,,,4.4035
*Nc1ccc(*)c(Cl)c1Cl,,,4.4048
*CC(*)c1ccc2c(c1)OCO2,,,4.4057
*c1ccc(-c2ccc(C(F)(F)C(*)(F)F)cc2)cc1,-6.1,3.2719,4.4103
*c1nc(Oc2ccccc2)nc(N(*)c2ccccc2)n1,,,4.4124
*CC(C)(CO*)COCC(F)(F)C(F)(F)C(F)(F)C(F)(F)C(F)(F)C(F)(F)C(F)(F)F,,,4.4137
*Nc1ccc(*)cc1I,,,4.4168
*c1cc(*)cc(C23CC4CC(CC(C4)C2)C3)c1,,,4.4178
*CCOc1ccc(C(=O)OC(=O)c2ccc(O*)cc2)cc1,,,4.4185
*OC(=O)Oc1ccc(C(=O)Oc2ccc(OC(=O)OC3COC4C(*)COC34)cc2)cc1,,,4.4189
*CCOCCOCCOC(=O)C(=O)O*,,,4.4209
*CC(=O)Cc1ccc(*)s1,-5.87,3.7852,4.4255
*c1nc(C)nc(N(*)C)n1,,,4.4288
*CC(=O)Cc1ccc(*)cc1,-6.05,3.781,4.4305
*NNC(=O)C(=O)NNC(=O)CCCCCCCC(*)=O,,3.7266,4.4307
*CCN(CCOC(=O)Nc1ccc(C)c(NC(=O)O*)c1)c1ccccc1,,,4.4335
*C(=O)c1cccc(C(=O)N(C)c2cccc(N(*)C)c2)c1,,,4.4341
*CC(*)OC(=O)c1ccc(OC)cc1,,,4.435
*Cc1ccc(Nc2ccc(*)s2)cc1,-6.04,3.5013,4.4366
*CC(COc1ccc(-c2ccc(C#N)cc2)cc1)O*,,,4.4378
*c1ccc(C(=O)C(F)(F)C(*)(F)F)cc1,-6.03,3.5762,4.443
*CC(*)C(=O)Oc1ccc(OC)cc1,,,4.4447
*Oc1ccc(-c2ccc(OC(=O)CCCCCCCCCCCC(*)=O)cc2)cc1,,,4.4464
*C(=O)N(*)C(C)C(C)=O,,,4.4468
*COCOc1ccc(C(=O)OC(=O)c2ccc(O*)cc2)cc1,,,4.4493
*C(=O)NC(=O)c1ccc(*)cc1,-6.48,3.4047,4.4505
*Oc1ccc(C(c2ccc(OC(=O)c3ccc(OCCCCCCCCCCOc4ccc(C(*)=O)cc4)cc3)cc2)(C(F)(F)F)C(F)(F)F)cc1,,,4.4545
*Nc1ccc(CC(C)(C)NC(=O)CCCCCCCCC(*)=O)cc1,,,4.455
*Nc1ccc(NC(=O)CCC(*)=O)cc1,,,4.4554
*CC(*)c1cc(Br)ccc1OCC,,,4.458
*CCOCCOCCOC(=O)CSC(=O)Nc1ccc(C)c(NC(=O)SCC(=O)O*)c1,,,4.461
*CCCCc1nc2cc3[CH3]c(*)nc3cc2[CH3]1,,,4.4637
*C(=O)NCCCCCCNC(=O)C1=COC=C(*)O1,,,4.4645
*Cc1cccc(*)c1O,,,4.4656
*CC(=O)OC(=O)c1ccc(O*)cc1Br,,,4.4665
*C(=O)C(F)(F)C(=O)C(*)(F)F,-5.77,3.1408,4.4683
*CCN(*)C(=O)c1cc(F)ccc1F,,,4.4693
*CC(=O)c1ccc(C(*)=O)cc1,-6.34,2.9172,4.4703
*CCCCCCOC(=O)OCCCCCCCCOC(=O)OCCCCCCOc1ccc(Oc2ccc(O*)cc2)cc1,,,4.4708
*Oc1ccc(NC(=O)CCCCCCCCCCC(=O)Nc2ccc(*)cc2)cc1,,,4.4722
*c1ccc(NC(F)(F)C(*)(F)F)cc1,-5.86,4.1626,4.4728
*Oc1ccc(Sc2ccc(OC(*)=O)cc2)cc1,,,4.473
*CC(=O)Nc1ccc(*)s1,-6.01,3.9328,4.4758
*C(=O)NNC(=O)c1cccc(C(=O)NNC(=O)c2cccc(*)n2)c1,,,4.479
*OP(=O)(Oc1ccc(-c2ccc(*)cc2)cc1)OC1CCCCC1,,,4.479
*Oc1ccc(C(=O)NCCCCCCCCCCCCNC(=O)c2ccc(*)cc2)cc1,,,4.4794
*Oc1ccc(C(=O)c2ccc(OC(=O)OC3C(C)(C)C(OC(*)=O)C3(C)C)cc2)cc1,,,4.4802
*CC(=O)OC(=O)c1cccc(O*)c1,,,4.4815
*c1nc(C)nc(N(*)c2ccccc2)n1,,,4.4826
*CCCC1CCN(SC(=O)OCCCCCCOC(=O)SN2CCC(*)CC2)CC1,,,4.484
*CNC(=O)OCc1ccc(COCc2ccc(COC(=O)NCc3ccc(C(C)(C)c4ccc(*)o4)o3)o2)o1,,,4.4843
*OC(=O)c1ccc(CCc2ccc(C(*)=O)cc2)cc1,,,4.4852
*CC(*)c1ccc(C)c(C)c1,,,4.4861
*CNc1ccc(O*)s1,-5.74,3.6125,4.4862
*CC(*)c1c(F)c(F)c(P(=O)(O)O)c(F)c1F,,,4.4874
*CCOC(=O)c1ccc(O*)c(C)c1,,,4.4876
*Oc1ccc(Oc2cccc(*)n2)c(C)c1,,,4.4881
*CCOC(=O)c1ccc(C(=O)NCCCCCCCCCCCCNC(=O)c2ccc(C(=O)O*)cc2)cc1,,,4.4904
*CC(=O)OC(=O)COc1ccc(O*)cc1,,,4.4922
*Oc1ccc(OC(=O)c2ccc(OCCCCCCCCCCOc3ccc(C(*)=O)cc3)cc2)cc1S(=O)(=O)c1ccccc1,,,4.4922
*C=Nc1cc(NC(=O)NCCNCCNO*)ccc1C,,,4.4938
*CCCCCNC(=S)N*,,4.3365,4.4944
*CCOCCOCCOC(=O)C=CC(=O)NCCCCCCNC(=O)C=CC(=O)O*,,,4.4951
*Nc1ccc(NC(=O)CCCCCCC(*)=O)cc1,,,4.498
*CCN(*)C(=O)c1c(F)cccc1F,,,4.4989
*Nc1nc(*)nc(Cl)n1,,,4.4996
*Oc1ccc(C(F)(F)C(*)(F)F)cc1,-5.89,4.7894,4.5008
*Oc1cccc(C(=O)OCC(F)(F)C(F)(F)C(F)(F)COC(=O)c2cccc(*)c2)c1,,,4.5011
*CNOc1ccc(*)s1,-5.66,4.0591,4.5017
*CCC(=O)c1ccc(*)cc1,-6.05,3.6964,4.5077
*CC(*)c1cc(Br)ccc1OCCCC,,,4.5078
*Nc1ccc(NC(=O)CCCCCCCC(*)=O)cc1,,,4.5152
*CC(C)(C)COC(=O)Nc1ccc(Cc2ccc(NC(=O)O*)c(C)c2)cc1C,,,4.5157
*CCC(=O)OC(=O)CCc1ccc(*)o1,,,4.5192
*Cc1ccc(C(=O)O*)s1,-6.07,3.78,4.5212
*Nc1ccc(NC(=O)CCCCC(*)=O)cc1,,,4.5219
*Nc1ccc(NC(=O)CCCCCC(*)=O)cc1,,,4.5224
*Oc1ccc(C(*)=O)cc1,,,4.5225
*Oc1c(C)cc(*)cc1C,,,4.5265
*C(=O)NCCCCCCNC(=O)c1ccncc1*,,,4.5298
*C(=O)NCCCCCCCCCCNC(=O)c1ccc(*)nc1,,,4.5311
*Oc1cccc(Oc2cccc(*)n2)c1,,,4.536
*Nc1ccc(NC(=O)CCCCCCCCC(*)=O)cc1,,,4.5375
*Oc1ccc(OC(=O)Oc2ccc(C(*)=O)cc2)cc1,,,4.5384
*NNC(=O)c1cccc(C(=O)NNC(=O)CCCCCCCCC(*)=O)c1,,,4.5398
*Oc1ccc(C(=O)OCCCCOC(=O)c2ccc(*)cc2)cc1,,,4.5398
*c1cc(OC)c(*)cc1OC,,,4.5409
*c1ccc(Oc2ccc(Oc3ccc(-n4c(O)c5c(c4O)-c4c(c(O)n(*)c4O)CC5)cc3)cc2)cc1,,,4.5419
*CCOC(=O)c1ccc(O*)cc1C,,,4.5424
*CC1CCC(COC(=O)c2ccc(NC(=O)O*)cc2)CC1,,,4.5441
*OP(=O)(Oc1ccccc1)Oc1c(Cl)c(Cl)c(*)c(Cl)c1Cl,,,4.5449
*CC(*)c1cccc2c1OCO2,,,4.5452
*OC(=O)c1ccc(CCCc2ccc(C(*)=O)cc2)cc1,,,4.5456
*Cc1cc(C23CC4CC(CC(C4)C2)C3)cc(CN(*)C)c1O,,,4.5466
*Oc1ccc(C(c2ccc(OC(*)=O)cc2)C2CCCCC2)cc1,,,4.5492
*c1ccc(*)c(N(C)C)c1,,,4.5555
*CC(O)CN(*)c1cc(C)cc(C)c1,,,4.5575
*C=CC1CC(*)c2c1c(O)n(-c1ccccc1C)c2O,,,4.5629
*CC(*)C(=O)Nc1ccccc1Cl,,4.2427,4.5631
*N[CH3]([CH3])Nc1cccc(*)n1,,,4.5634
*Oc1ccc(Sc2ccc(*)cc2)cc1,,,4.5667
*OC(=O)CCSCc1ccc(CSCCC(*)=O)cc1,,,4.567
*CCc1cnc(*)cn1,,,4.5671
*Cc1ccc(Oc2ccc(*)s2)cc1,-6.08,4.0475,4.5691
*Oc1ccc(-c2ccc(OC(=O)CCCCCCCCC(*)=O)cc2)cc1,,,4.5699
*CC(*)C(=O)OCCCCSC,,5.1007,4.571
*OC(=O)c1ccc(C(*)=O)cc1,-6.57,3.1295,4.5736
*C(=O)NCCCCCCNC(=O)c1ccc(*)nc1,,,4.574
*CCSSSSCCO*,,,4.5753
*CC(*)C(=O)OCCCSCC,,5.1212,4.5768
*Oc1ccc(C(*)=O)cc1Cl,,,4.5769
*Oc1cc(C)c(*)c(C)c1Br,,,4.5779
*Cc1ccc(Cc2ccc(*)s2)cc1,-5.99,4.0831,4.5782
*CCOC(=O)c1ccc(-c2ccc(C(=O)O*)cc2C)c(C)c1,,,4.5782
*C(=O)c1cccc(C(=O)N2COCN2*)c1,,,4.5807
*NNC(=O)C(=O)NNC(=O)CCCCC(*)=O,,,4.5812
*CCCP(CCCNC(=O)C(=O)N*)c1ccccc1,,,4.5841
*CC(COc1c(Cl)cc(Cl)cc1Cl)O*,,,4.5851
*c1ccc(C(F)(F)NC(*)(F)F)s1,-5.66,3.6543,4.586
*CC(=O)Nc1ccc(*)cc1,-6.16,3.7951,4.5889
*CCc1c(Cl)c(Cl)c(*)c(Cl)c1Cl,,,4.5904
*Cc1ccc(COC(=O)c2cccc(C(=O)O*)c2)cc1,,,4.5912
*CCNC(=O)c1cccc(O*)c1,,,4.5918
*CC(*)(C)c1ncncn1,,,4.5942
*CC(*)(C)C(=O)OCCOC(=O)CCn1ccnc1,,,4.5949
*CC(*)c1cc(C)ccc1F,,,4.5949
*NC(=O)Oc1ccc(*)cc1,-6.35,3.4546,4.5955
*CCOCCOC(=O)c1ccc(Cc2ccc(C(=O)O*)cc2)cc1,,,4.5987
*OC(=O)c1ccc(CCCCCCc2ccc(C(*)=O)cc2)cc1,,,4.5994
*OC(=O)CCSCCC(*)=O,,,4.6003
*CC(=O)NCCCCCCNC(=O)COc1ccc(O*)cc1,,,4.6023
*Cc1ccc(CO*)s1,-5.68,,4.6049
*Oc1ccc(C(=O)CCCCC(=O)c2ccc(OC(*)=O)cc2)cc1,,,4.6051
*Oc1ccc(C2(c3ccc(OC(=O)CCCCCCCCC(*)=O)cc3)c3ccccc3Cc3ccccc32)cc1,,,4.6067
*Oc1ccc(S(=O)(=O)NCCNS(=O)(=O)c2ccc(*)cc2)cc1,,,4.6084
*C(=O)NNC(=O)c1cccc(*)n1,,,4.6124
*C(=O)c1ccc(C(=O)N2CCN(*)CC2)cc1,,4.7036,4.6128
*Oc1ccc(C(=O)OCCCOC(=O)c2ccc(*)cc2)cc1,,,4.6133
*OC1(C)CC(C)(C)C(C)(N2CCCC(*)C2)C1C,,,4.6138
*Oc1ccccc1CNC(=O)Nc1ccc(Cc2ccc(NC(*)=O)cc2)cc1,,,4.6144
*CCOCCOCCOCCOCCOCCOC(=O)c1cccc(C(=O)O*)c1,,,4.6176
*CCCCCCCCCCCCCOC(=O)c1ccc(C(=O)NCCCCCCNC(=O)c2ccc(C(=O)O*)cc2)cc1,,,4.6196
*OC(=O)c1cccc(C(*)=O)c1,,,4.6197
*CC(*)c1cc(Br)ccc1OC(C)C,,,4.6199
*Cc1ccc(CN2CCN(*)C(C)C2)cc1,,,4.6219
*CNC(=S)O*,-5.49,4.2201,4.6235
*CC(*)OC(=O)c1ccc(OC(C)=O)cc1,,,4.6237
*CCC(=O)OC(=O)CCc1ccc(*)s1,,,4.6241
*CC(=O)Oc1ccc(*)s1,-6.05,4.2025,4.6247
*Cc1ccc(Cc2ccc(*)s2)s1,-5.81,4.1954,4.626
*CCCCOC(=O)SSSSC(=O)O*,,,4.6274
*CCCC1CCN(C(=O)Nc2ccc(Cc3ccc(NC(=O)N4CCC(*)CC4)cc3)cc2)CC1,,,4.6275
*CC(*)c1c(F)c(F)c(OC)c(F)c1F,,,4.6291
*CC(CO*)(CS(=O)(=O)CCC)CS(=O)(=O)CCC,,,4.6292
*Cc1ccc(Oc2ccc(*)s2)s1,-5.92,4.26,4.6308
*OP(=O)(Oc1ccccc1)Oc1ccc(-c2ccc(*)cc2)cc1,,,4.631
*CCN(*)C(=O)c1c(F)cc(F)cc1F,,,4.6328
*COC(=O)Nc1ccc(Cc2ccc(NC(=O)OCc3cocc3*)cc2)cc1,,,4.6344
*CCCCCCCNC(=O)c1ccc(C(=O)N*)cc1,,,4.6365
*CC(*)C(=O)Oc1ccc(C#N)cc1,,,4.6366
*C=CCCC*,,,4.6373
*C(=O)SSCCCCCCSSC(=O)N1CCN(*)CC1,,,4.64
*CCOC(=O)c1ccc(Cc2ccc(C(=O)O*)cc2)cc1,,,4.6415
*CC(*)(F)C(C)=O,,,4.643
*C(=O)NCCCCCCNC(=O)c1ccc(*)o1,,,4.6438
*CCC(=O)Oc1ccc(OC(=O)CCN2CCN(*)C(C)C2)cc1,,,4.6472
*CNCc1ccc(*)s1,-5.61,4.1265,4.6476
*Oc1ccc(C2(c3ccc(Oc4nc(*)nc(OC)n4)cc3)CCCCC2)cc1,,,4.6483
*C1C=CC(*)N1,,,4.6504
*C=CC1CC(*)c2c1c(O)n(CCCCCC)c2O,,,4.6556
*Oc1ccc(C(=O)OCCOCCOC(=O)c2ccc(OC(*)=O)cc2)cc1,,,4.6582
*Oc1ccc([CH3]([CH3])c2ccc(OC(*)=O)cc2)cc1,,,4.6592
*Oc1ccc(Oc2ccc(P(C)(=O)c3ccc(*)cc3)cc2)cc1,,,4.6613
*NC(=O)c1ccc(O*)cc1,-6.24,3.6086,4.6617
*CCCCCCCCCCCCCCOC(=O)c1ccc(C(=O)NCCCCCNC(=O)c2ccc(C(=O)O*)cc2)cc1,,,4.6624
*CCCP(CCCNC(=O)CCCCCCCCC(=O)N*)c1ccccc1,,,4.6632
*ON(C(F)(F)F)C(F)(F)C(F)=C(F)C(*)(F)F,,,4.6645
*Oc1ccc(C(C)(CCC#N)c2ccc(OC(*)=O)c(C)c2)cc1C,,,4.6661
*NC(CCC(=O)OCc1ccc(F)cc1)C(*)=O,,,4.6669
*CC(CO*)(CSC(C)C)CSC(C)C,,,4.6686
*CC(O)COc1ccc(C(C)(C)c2ccc(O*)c(Cl)c2)cc1Cl,,,4.6702
*CCCCCCNC(=O)CCP(=S)(CCC(=O)N*)c1ccccc1,,,4.6741
*OC(=O)CCSCCSCCC(*)=O,,,4.6742
*Cc1ccc(CNC(=O)c2cccc(C(=O)N*)c2)cc1,,,4.6753
*CCOC(=O)c1ccc(O*)cc1Cl,,,4.6773
*CC(CC(*)(C#N)C#N)c1ccc(Cl)cc1,,,4.6797
*Oc1ccc(Oc2ccc(*)cc2)s1,-6.18,4.0372,4.6798
*NC(CCCNC(=O)c1ccc(Br)cc1)C(*)=O,,,4.6803
*CCCCCCc1nc2cc(NC(=O)CCCCCCCCC(=O)Nc3ccc4oc(*)nc4c3)ccc2o1,,,4.6818
*c1ccc(C(C#N)(C#N)C(*)(C#N)C#N)cc1,,,4.6823
*CCOC(=O)c1ccc(C(=O)O*)cc1,-6.18,3.8637,4.6867
*Oc1ccc(P(C)(=O)c2ccc(*)cc2)cc1,,,4.6884
*CCNC(=O)c1cccc(C(=O)N*)c1,,,4.6889
*OC(=O)c1cccc(C(=O)OC2CC3CC(*)CC(C2)O3)c1,,,4.6897
*CCOc1ccc(C(=O)OCCCCCCOC(=O)c2ccc(O*)cc2)cc1,,,4.6906
*O[CH3](c1ccccc1)(c1ccccc1)c1cccc(*)c1,,,4.6928
*OC(=O)CCSc1ccc(SCCC(*)=O)cc1,,,4.6942
*CCCC(CCNC(=O)c1ccc(C(=O)N*)cc1)C(C)C,,,4.6978
*CCOCCOC(=O)C=CC(=O)O*,,,4.6987
*CCCCCCCCc1nc2cc(-c3ccc4oc(*)nc4c3)ccc2o1,,,4.6999
*Cc1cc(COC(=O)Nc2ccc(Cc3ccc(NC(=O)O*)cc3)cc2)cc(C(C)(C)C)c1,,,4.7039
*CC(*)c1ccc(C(=O)OCCCCCC)cc1,,,4.7078
*c1ccc(*)c(OC)c1N,,,4.71
*CC(OC(C)=O)C1C(=O)N(c2ccc(C)cc2)C(=O)C1(*)Cl,,,4.7107
*c1ccc(C(F)(F)c2ccc(C(*)(F)F)cc2)s1,-5.99,3.9825,4.7168
*CC(CO*)(CSCC)CSCC,,,4.7171
*CC(CCl)(CCl)COC(=O)c1ccc(C(=O)O*)cc1,,,4.7184
*OC1C(C)(C)C(OC(=O)c2ccc(C(*)=O)cc2)C1(C)C,,,4.7185
*Oc1ccc(C2(c3ccc(OC(=O)OC4C(C)(C)C(OC(*)=O)C4(C)C)cc3)CC3CCC2C3)cc1,,,4.7221
*Oc1c(C)cc(-c2cc(C)c(OC(=O)CCCCCC(*)=O)c(C)c2)cc1C,,,4.7241
*CC(*)(C)C(=O)OCC[CH3](=O)[CH3],,,4.7247
*CC(O)COc1ccc(C(C)(C)c2ccc(OCC(O)COc3cccc(O*)c3)cc2)cc1,,,4.725
*Oc1ccc(C(c2ccccc2)c2ccc(OC(*)=O)cc2C)c(C)c1,,,4.7259
*OS(=O)(=O)c1cc(C)c(*)c(C)c1,,,4.7278
*c1ccc(C(F)(F)CC(*)(F)F)cc1,-5.8,4.3368,4.7291
*OC(F)(F)COC(=O)c1cccc(C(=O)OCC(*)(F)F)c1,,,4.7299
*C=C(*)OCCCC,,,4.7326
*CC(C)C(C)COC(=O)c1ccc(C(=O)O*)cc1,,4.2335,4.7326
*CC(CCC)C(CCC)COC(=O)c1ccc(C(=O)O*)cc1,,4.4708,4.734
*c1ccc(NC(F)(F)C(*)(F)F)s1,-5.66,3.3898,4.7359
*CCCP(CCCCCCCC)CCCNC(=O)CCCCC(=O)N*,,,4.7376
*CC(*)OC(=O)c1cccnc1,,,4.7397
*Nc1cc(NC(=O)NCCCCCCNC(*)=O)ccc1C,,,4.7413
*CCCCCCNC(=O)c1c(F)c(F)c(C(=O)N*)c(F)c1F,,,4.7431
*OC(=O)c1ccc(CCCCCc2ccc(C(*)=O)cc2)cc1,,,4.7446
*CCc1ccc(*)c(C#N)c1,,,4.7476
*CCCc1ccc(*)s1,-5.57,4.2755,4.7481
*CNCC(*)=O,-5.59,3.6121,4.7515
*NNC(=O)c1ccc([CH3](c2ccccc2)(c2ccccc2)c2ccc(C(*)=O)cc2)cc1,,,4.754
*Oc1ccc(C(c2ccccc2)(c2ccccc2)c2ccc(OC(=O)CCCCCCCCC(*)=O)cc2)cc1,,,4.7541
*Oc1ccc(Oc2ccc(OC(*)=O)cc2)cc1,,,4.7541
*CC(=O)NCCCCCCNC(=O)Cc1ccc(*)s1,,,4.7548
*NC(CCCNC(=O)c1ccc(F)cc1)C(*)=O,,,4.7549
*C(=O)NCCCCCCCCNC(=O)c1cncc(*)c1,,,4.7551
*Oc1ccc(C2(c3ccc(OC(*)=O)cc3)CC(C)CC(C)(C)C2)cc1,,,4.7559
*Oc1ccc(Cc2ccc(Cc3ccc(OC(*)=O)cc3)cc2)cc1,,,4.7564
*OC(=S)Oc1ccc(*)cc1,-6.18,3.9415,4.7568
*CC(*)c1ccc(Cl)c(C)c1,,,4.762
*NC(C(*)=O)C(Cc1ccccc1)c1c[CH3]cn1,,,4.764
*Oc1ccc(C(=O)NCC(C)(C)CCCNC(=O)c2ccc(*)cc2)cc1,,,4.7683
*Cc1ccc(COC(=O)CCCCSCCCCC(=O)O*)cc1,,,4.7687
*CC(C)(C*)CN(C)CC1C2CC3CC(C2)CC1C3,,,4.7692
*CC(=O)C(*)C,,,4.7758
*CCCNC(=O)CCCCCCCC(=O)NCCCNC(=O)C(=O)N*,,4.6809,4.7768
*Oc1c(C(C)C)cc(C(*)=O)cc1C(C)C,,,4.7789
*c1ccc(C(Cl)(Cl)C(*)Cl)cc1,,,4.7794
*CCOC(=O)Nc1ccc(C(C)(C)c2ccc(NC(=O)O*)cc2)cc1,,4.3346,4.7807
*C(=O)c1cccc(C(=O)N2CCN(*)CC2)c1,,,4.7816
*C(=O)NCCCCCCCCNC(=O)c1ccc(*)nc1,,,4.7836
*Cc1ccc(-c2ccc(CSC(=O)CCC(=O)S*)cc2)cc1,,,4.7843
*CCCCNC(=O)CCCCCCC(=O)NCCCCNC(=O)C(=O)N*,,,4.7855
*C(=O)NCCCCCCNC(=O)c1cccc(*)n1,,,4.786
*Oc1ccc(Oc2ccc(*)cc2)cc1,,3.6966,4.7875
*OC(=C(C)C)C(C)(C)C(*)=O,,,4.7881
*CC(O)COc1ccc(O*)cc1,,,4.7923
*CNC(=O)OC(c1ccco1)C(OC(=O)NCc1ccc(C(C)(C)c2ccc(*)o2)o1)c1ccco1,,,4.7926
*OCCC(=O)CC(=O)Oc1ccc(*)cc1,-6.01,3.7901,4.7926
*CCCP(CCCNC(=O)N*)c1ccccc1,,,4.7939
*c1ccc(*)c(CCCCCC)n1,,,4.7957
*CC(CO*)(COc1ccccc1)COc1ccccc1,,,4.7985
*C1C=C(CCCCCC)C(*)S1,,,4.7988
*CCN[CH3](C)(C)N*,,,4.8016
*COC(=S)O*,-5.47,3.6556,4.8041
*CCOC(=O)c1ccc(O*)c(Cl)c1,,,4.81
*C=CC1CC(*)C(C(=O)Oc2ccccc2)C1,,,4.8107
*CCOCCOC(=O)c1cccc(C(=O)O*)c1,,,4.8122
*CC1CCCC(CNC(=O)c2cccc(C(=O)N*)c2)C1,,,4.8123
*CCCNC(=O)c1cccc(C(=O)N*)c1,,,4.8185
*CC(C)(C)c1c(*)c(O)n(-c2ccccc2C)c1O,,,4.8214
*CC(CSC(C)C)O*,,,4.8245
*CC(*)C(=O)Oc1cccc(C)c1,,,4.8262
*Oc1ccc(C(c2ccc(OC(*)=O)cc2)C(Cl)Cl)cc1,,,4.8285
*Oc1ccc(C(C)(C)c2ccc(OC(=O)SCCCSC(*)=O)cc2)cc1,,,4.8294
*Oc1c(Cl)cc(C2(c3cc(Cl)c(OC(*)=O)c(Cl)c3)CC3CCC2C3)cc1Cl,,4.6838,4.8308
*CNOc1ccc(*)cc1,-5.9,4.1647,4.831
*CCCCOC(=O)Nc1ccc(C)c(NC(=O)O*)c1,,,4.832
*Oc1ccc(NC(=O)NCCCCCCNC(*)=O)cc1C,,,4.8377
*CCOC(=O)Nc1ccc(NC(=O)O*)cc1,,,4.8391
*OC(=O)c1ccc(CCCCc2ccc(C(*)=O)cc2)cc1,,,4.8401
*NNC(=O)c1ccc(C(*)=O)cc1,,,4.8451
*c1ccc(Cc2ccc(-n3c(O)c4c(c3O)-c3c(c(O)n(*)c3O)CC4)c(C)c2)cc1C,,,4.8465
*COc1ccc(O*)s1,-5.78,4.3601,4.8466
*CC(CCCCCCCCCCCC)COC(=O)NC(=O)c1cccc(C(=O)NC(=O)O*)c1,,,4.8491
*CCOCCOCCOC(=O)c1ccccc1C(=O)O*,,,4.8493
*NOC(=S)O*,-5.2,3.7133,4.8496
*Oc1ccc(Cc2ccc(OC(*)=O)cc2)cc1,,,4.8502
*Oc1c(Br)cc(C2(c3cc(Br)c(OC(*)=O)c(Br)c3)CC3CCC2C3)cc1Br,,,4.8531
*c1nc2cc(S(=O)(=O)c3ccc4oc(C5CCC(*)CC5)nc4c3)ccc2o1,,,4.8558
*CC(*)C(=O)NCCO,,5.7124,4.8564
*CC(*)c1ccc(C)cc1C,,,4.8585
*CC(F)(F)C(F)=C(*)Cl,,,4.8591
*CC(*)c1ccc(C)nc1,,,4.8601
*Oc1ccc(CC(*)=O)cc1,-6.21,4.6878,4.8618
*CC(*)(C)C(=O)OCc1ccc(Cl)cc1Cl,,,4.8651
*Nc1cccc(NC(=O)CCCCCCC(*)=O)c1,,,4.8656
*Oc1ccc(CC(NC(=O)Cc2ccc(OC(=O)CC(C)CCC(*)=O)cc2)C(=O)OCCCCCC)cc1,,,4.8662
*Oc1ccc(NC(=O)OCCOC(=O)Nc2ccc(*)cc2)cc1,,,4.8662
*CCCCCCCNC(=O)c1cccc(C(=O)N*)c1,,,4.8667
*CCCCCCCCCCCCNC(=O)c1cccc(C(=O)N*)c1,,,4.8693
*CC1(C)CC(CC2(C)CC(N3C(=O)N4C(c5ccc(OC)cc5)N(*)C(=O)N4C3c3ccc(OC)cc3)CC(C)(C)C2)CC(C)(C)C1,,,4.8726
*COc1ccc(O*)cc1,-6.03,4.685,4.8731
*CC1CCC(CNC(=O)c2cc(C(=O)N*)cc(C(C)(C)C)c2)CC1,,5.1615,4.8744
*CCOC(=O)C=CC(=O)O*,,,4.8762
*Cc1ccc(NO*)cc1,-5.9,4.426,4.8775
*C(=O)C(F)(F)NC(*)(F)F,-5.56,5.0875,4.8818
*Oc1ccc(C(C)(C)c2cc(Cl)c(OC(*)=O)c(Cl)c2)cc1,,,4.8819
*CCc1ccc(O*)s1,-5.67,4.1608,4.8828
*CC1CC(CNC(=O)c2cccc(C(=O)N*)c2)CC(C(C)(C)C)C1,,,4.8842
*CCCCCCCCCCN=C(C)N*,,,4.8855
*Oc1ccc(P(=O)(c2ccccc2)c2ccc(*)cc2)cc1,,,4.8858
*CCCCCCNC(=O)CCP(=O)(CCC(=O)N*)c1ccccc1,,,4.8862
*CC(=O)C1CCC(*)C1=O,,,4.8874
*c1ccc(C2C(C(=O)OC)C(*)C2C(=O)OC)cc1,,,4.8882
*CC(C)(C)COC(=O)Nc1ccc(NC(=O)O*)cc1,,4.4894,4.8883
*CC(*)n1ccnc1,,,4.8897
*CC(COc1ccc(Cl)cc1)O*,,,4.8901
*CC(C=C)O*,,,4.8923
*CCCN(*)C,,,4.8968
*C(=O)CCP(=O)(CCC(=O)N1CCN(*)CC1)c1ccccc1,,,4.8984
*C(=O)NCCCCCCNC(=O)c1cc(=O)cc(*)[CH3]1,,,4.8984
*OC(CC(*)=O)C1CCC=CO1,,,4.8999
*CCc1ccc(Cc2ccc(CCS*)cc2)cc1,,4.3552,4.9003
*C1C=CC(*)S1,,,4.903
*CC1CCC(CNC(=O)c2cccc(C(=O)N*)c2)CC1,,,4.9032
*OC(=O)CS(=O)(=O)Cc1ccc(CS(=O)(=O)CC(*)=O)cc1,,,4.9033
*CCN(*)C(=O)Cc1ccc(C(F)(F)F)cc1,,,4.9047
*CCc1ccc(*)o1,,,4.9056
*CCOCCOCC#CC#CCOCCOCCOC(=O)NCCCCCCNC(=O)O*,,,4.9082
*CC(*)SCC,,,4.9086
*CC(*)c1cc(C)ccc1C,,,4.9137
*CCc1ccc(O*)cc1,-5.89,4.052,4.9179
*OC(c1ccc(Cl)cc1)C(C)(C)C(*)=O,,,4.9195
*Cc1ccc(C(=O)O*)cc1,-6.22,3.7934,4.9209
*Cc1ccc(CN=C(C)N*)cc1,,,4.9237
*SC1CCCC(*)C1,,5.2199,4.9242
*NC(Cc1ccc(O)cc1)C(*)=O,,,4.9252
*OS(=O)(=O)c1ccc(*)cc1,,,4.9308
*CCCCCCCCCCCNC(=O)c1ccc(C(=O)N*)cc1,,4.214,4.9311
*NNC(=O)C1CCC(C(=O)NNC(=O)CCCCC(*)=O)CC1,,,4.9352
*N=P(*)(Oc1cccc(Cl)c1)Oc1cccc(Cl)c1,,,4.9374
*CC(CCl)(CCl)COC(=O)c1cccc(C(=O)O*)c1,,,4.938
*C(=O)NCCCCCCNC(=O)c1cncc(*)c1,,,4.9388
*CC1CCC(COC(C)OC(=O)c2cccc(C(=O)OC(C)O*)c2)CC1,,,4.9396
*CCC(C)=C(*)C,,,4.9429
*Cc1c(O)c(CNC(=O)N*)cc(C(CC)=NO)c1O,,,4.9442
*Oc1c(Cl)cc(NC(=O)NCCCCCCNC(*)=O)cc1Cl,,,4.9474
*CCOCCOCCOC(=O)c1cccc(C(=O)O*)c1,,,4.9478
*Oc1ccc(Cc2ccc(*)cc2)cc1,-6.18,4.3787,4.9481
*O[CH3](C)(C)Oc1ccc(*)cc1,,,4.9485
*Oc1ccc(C2(c3ccc(OC(*)=O)c(Cl)c3)CCCCC2)cc1Cl,,,4.9504
*C(=O)CCN1CCN(CCC(=O)N2CCN(*)C(C)C2)CC1,,,4.9509
*NC(CSSCc1ccccc1)C(*)=O,,,4.9511
*C=CC1CC(*)c2c1c(O)n(-c1cccc(C)c1)c2O,,,4.9512
*Oc1ccc(CC(C#N)(C#N)Cc2ccc(*)cc2)cc1,,,4.9531
*C(=O)C(F)(F)CC(*)(F)F,-5.48,4.9978,4.9534
*CC(*)(C)C(=O)OCc1ccc(Cl)cc1,,,4.9536
*CCc1c(C)c(C)c(*)c(C)c1C,,,4.9544
*NC(Cc1ccc(OC(=O)OCc2ccccc2)cc1)C(*)=O,,,4.9567
*CC(C)(C)COC(=O)C(=O)O*,,,4.957
*Cc1ccc(CO*)cc1,-5.89,4.8019,4.9575
*CNCc1ccc(*)cc1,-5.84,4.4323,4.958
*OC(F)(F)c1ccc(C(*)(F)F)s1,-5.68,3.9843,4.9584
*CC(C)(C)COC(=O)NC(=O)c1cccc(C(=O)NC(=O)O*)c1,,,4.9585
*CCCCCCCCCNC(=O)c1cccc(C(=O)N*)c1,,,4.9596
*CC#CC#CCOC(=O)NCCCCCCNC(=O)O*,,,4.9601
*Oc1ccc(C2(c3ccc(OC(*)=O)cc3)CCCCCC2)cc1,,,4.9619
*C=CC(C*)C(C)CC,,,4.9643
*CC(*)c1ccc(C(=O)OCC(C)C)cc1,,4.8032,4.9663
*CCCCCCCCCOC(=O)Nc1ccc(C)c(NC(=O)O*)c1,,,4.9708
*CCCCCNC(=O)c1cccc(C(=O)N*)c1,,,4.9725
*CCS(=O)(=O)CCN1CCN(*)CC1,,,4.9753
*CCOC(=O)c1cccc(C(=O)O*)c1,,,4.9772
*CC(CO*)(CSC)CSC,,,4.984
*C(=O)CCN(C)CCN(C)CCC(=O)N1CCN(*)CC1,,,4.9845
*c1ccc(N2C(=O)N(*)C2=O)cc1,,,4.9853
*CC#CC#CCOC(=O)CCC(=O)O*,,,4.9872
*CC(*)c1ccc(CCCCCC)cc1,,,4.9872
*CC(*)(C)C(=O)OCc1cccs1,,,4.9884
*CCN(*)C(=O)c1c(F)cc(F)c(F)c1F,,,4.9884
*CCCCCCCCCCNC(=O)C(C)=C(C)C(=O)N*,,,4.9889
*Oc1ccc(C(C)(C)c2ccc(OC(*)=O)c(Cl)c2)cc1Cl,,,4.9898
*NC(=O)NCCCCCCNC(=O)Nc1cccc(*)n1,,,4.99
*C=CC(C(=O)OC)C(*)c1ccccc1,,,4.9911
*CCCc1ccc(*)cc1,-5.78,4.7657,4.9932
*Oc1cccc(*)c1,,,4.9932
*OC(F)(F)c1ccc(C(*)(F)F)cc1,-5.92,4.4042,4.9933
*CCC(C)C(C)CCNC(=O)c1cccc(C(=O)N*)c1,,4.7199,4.994
*Oc1ccc(C(CCCC)(CCCC)c2ccc(OC(*)=O)cc2)cc1,,,4.9969
*C=CC1CC(*)c2c1c(O)n(-c1cc(C(F)(F)F)cc(C(F)(F)F)c1)c2O,,,5.0009
*CCCC1CCN(C(=O)SSCCCCSSC(=O)N2CCC(*)CC2)CC1,,4.297,5.001
*Oc1ccc(CC(NC(=O)CCc2ccc(OC(=O)CCCCCCC(*)=O)cc2)C(=O)OC(C)C)cc1,,,5.0034
*OC(c1ccc(OC)cc1)C(C)(C)C(*)=O,,4.5832,5.0038
*Cc1cc(C)c(*)cc1C,,,5.0056
*NC(CC(=O)OCCC)C(*)=O,,,5.0074
*NC1NN(C(C(*)O)(C(F)(F)F)C(O)(Cl)C2(F)OC(O)C(O)C2O)O1,,,5.0077
*CC(*)c1ccc(CCCCCCCCCCCCCCCC)cc1,,,5.0097
*Oc1ccc(C(C)(CC)c2ccc(OC(*)=O)cc2)cc1,,,5.0105
*CCN(*)C(=O)c1ccc(OC)cc1,,,5.0115
*Oc1ccc(C2(c3ccc(OC(=O)OC4C(C)(C)C(OC(*)=O)C4(C)C)cc3)CCC(C(C)(C)C)CC2)cc1,,,5.0195
*CCCC(C)(C)CNC(=O)c1cccc(C(=O)N*)c1,,,5.0204
*CC(*)SC,,,5.023
*CCCCCCCCCCCCCCCCCCCCOC(=O)CCCCSCCCCC(=O)O*,,,5.0235
*Oc1ccc(C(CC)(c2ccccc2)c2ccc(OC(=O)CCCCCCCCC(*)=O)cc2)cc1,,,5.0249
*CC(O*)c1ccco1,,,5.0251
*CCC(C)=C(*)Cl,,,5.0263
*Oc1ccc(C(C#N)(c2ccccc2)c2ccc(OC(*)=O)cc2)cc1,,,5.0272
*CCN*,,,5.0274
*CC(O)COC(=O)CCCCC(=O)OCC(O)COc1ccc(O*)cc1,,,5.0285
*CCNC(=O)c1ccc(O*)cc1,,,5.0314
*Oc1ccc(OC(=O)Oc2ccc(OC(*)=O)cc2)cc1C,,,5.0353
*C(=O)C(NC(=O)C1CCCN1C(=O)C1CCCN1*)c1ccccc1,,,5.0377
*NC(CSC(=O)OCc1ccccc1)C(*)=O,,,5.0387
*OC(C)COC(=O)c1cccc(C(*)=O)c1,,,5.0391
*C1C=C(C)C(*)S1,,,5.0392
*Oc1ccc(C(C)(C)c2ccc(OC(*)=O)c(Cl)c2)cc1,,,5.0408
*Oc1ccc(C(C)(CC)c2ccc(OC(*)=O)c(Cl)c2)cc1Cl,,,5.0411
*CCCOC(=O)Nc1cc(NC(=O)O*)ccc1C,,,5.0413
*Cc1ccc(C(=O)N*)cc1,-6.17,4.2448,5.0419
*OC(=O)CCc1ccc(CCC(*)=O)cc1,,,5.0434
*CC1CC1COC(=O)c1cccc(C(=O)O*)c1,,4.4908,5.0466
*OC(=C)CC(*)=O,,,5.0472
*CC(CO*)(CS(=O)(=O)CC)CS(=O)(=O)CC,,,5.0473
*Oc1ccc(OC(=O)CCC(*)=O)cc1,,,5.0485
*CC(*)c1cccc(C)n1,,,5.0497
*C=CC(C*)OC,,,5.0501
*CCCCCOC(=O)c1cccc(C(=O)O*)c1,,,5.0521
*CCc1ccc(*)c(Br)c1,,,5.0525
*Oc1ccc(CC(NC(=O)CCc2ccc(OC(=O)CC(C)CCC(*)=O)cc2)C(=O)OC(C)CC)cc1,,,5.053
*OC(C)CCOC(=O)c1cccc(C(*)=O)c1,,,5.0532
*c1cccc(N2CC(=O)N(*)CC2=O)c1,,,5.0572
*CC#CC#CCOC(=O)CCCCC(=O)O*,,,5.0598
*CC(*)OCc1ccccc1,,,5.0639
*C=CC1CC(*)C(C(=O)OC)C1C(=O)OC,,,5.0643
*COC(=O)NCc1ccc(CNC(=O)OCc2ccc(*)o2)o1,,,5.0674
*Oc1ccc(C(C)(C)c2ccc(OC(*)=O)c(C)c2)cc1C,,,5.0684
*CC(CS(=O)(=O)C(C)C)O*,,,5.0712
*CC(*)c1ccccc1C(=O)OC,,,5.0713
*c1ccc(*)c(O)c1,,,5.0734
*Oc1ccc(C(C)(C)c2ccc(Oc3nc(*)nc(OC)n3)cc2)cc1,,,5.075
*c1ccc(C(F)(F)CC(*)(F)F)s1,-5.59,3.8644,5.0751
*NC(Cc1c[CH3]cn1)C(*)=O,,,5.0757
*CCc1ccc(*)c(F)c1,,,5.0809
*CCCCCCNC(=O)c1cccc(C(=O)N*)c1,,,5.0813
*=CC1OC(C=*)c2c1c(O)n(-c1cc(C(F)(F)F)cc(C(F)(F)F)c1)c2O,,,5.0857
*CCC(=O)OCCOC(=O)CCN1CCN(*)CC1,,,5.0863
*=CC1OC(C=*)c2c1c(O)n(-c1cccc(C(F)(F)F)c1)c2O,,,5.0879
*CC(*)(C)C(=O)OCC(=O)N1CCCC1,,5.3385,5.0881
*CC(OC(C)=O)C1C(=O)N(c2ccccc2)C(=O)C1(*)Cl,,,5.0889
*C(C)=C(*)CCC,,,5.0895
*CCCCCOC(=O)Nc1ccc(C)c(NC(=O)O*)c1,-5.79,4.5288,5.0895
*CC(F)(F)C(F)(F)C(F)(F)C(F)(F)COC(=O)CSCCSCC(=O)O*,,,5.0898
*CCCCCCSSCCCCSS*,,4.2836,5.0908
*CCCCOC(=O)C(=O)O*,,,5.0922
*NNC(=O)c1cccc(C(*)=O)c1,,,5.0927
*Oc1ccc(CC(NC(=O)CCc2ccc(OC(=O)CCCCCCC(*)=O)cc2)C(=O)OCC)cc1,,,5.0929
*CCOCCOC(=O)Nc1ccc(C)c(NC(=O)O*)c1,-5.83,4.5558,5.0931
*CCOC(=O)Nc1cccc(NC(=O)O*)c1,,,5.098
*CCCS(=O)(=O)CCCS(=O)(=O)CCCOC(=O)c1ccccc1C(=O)O*,,,5.0984
*OC(=O)OC(*)=O,-6.78,5.926,5.0987
*CCCCCCCCCCOC(=O)Nc1ccc(C)c(NC(=O)O*)c1,,,5.0994
*CCCOCCOCCOC(=O)Nc1ccc(C)c(NC(=O)O*)c1,,,5.0994
*Oc1ccc(C(c2ccccc2)c2ccc(OC(*)=O)cc2)cc1,,,5.1003
*Oc1c(C)cc(C(C)(C)c2cc(C)c(OC(*)=O)c(C)c2)cc1C,,,5.1025
*c1cnc(*)c(C)c1,,,5.1042
*C=CC1CC(*)C2C3CCC(C3)C12,,5.7656,5.1047
*CCN(*)C(=O)c1ccc(F)c(F)c1,,,5.106
*c1cc(C)c(*)cn1,,,5.1074
*CCCCCCCCNC(=O)Cc1ccc(CC(=O)N*)cc1,,,5.1086
*CC(COc1cccc(C)c1)O*,,,5.1113
*CCCCCCCCOC(=O)c1cccc(C(=O)O*)c1,,,5.1133
*CCOC(=O)Nc1cc(NC(=O)O*)ccc1C,,,5.1142
*COC(=O)NCCCCCCNC(=O)OCc1cccc(*)n1,,,5.1146
*c1ccc(C)c(N2CC(=O)N(*)CC2=O)c1,,,5.1153
*CCCCCCCCCCOC(=O)CCCCSCCCCC(=O)O*,,,5.1162
*Oc1ccc(CC(NC(=O)CCc2ccc(OC(=O)CCCCCCC(*)=O)cc2)C(=O)OC)cc1,,,5.1162
*CCCCNC(=O)c1cccc(C(=O)N*)c1,,,5.1173
*c1ccc(*)c(C)n1,,,5.1183
*Oc1ccc(C(C)(C)c2ccc(OC(*)=O)c(Cl)c2)cc1C,,,5.1208
*CCc1ccc(*)c(Cl)c1Cl,,,5.1237
*CCCCCOC(=O)NCCSCCCCCCSCCNC(=O)O*,,,5.1243
*CCOC(=O)Cc1ccc(CC(=O)O*)cc1,,,5.1252
*CCCCCCNC(=O)CCC(C)(C)c1ccc(C(C)(C)CCC(=O)N*)cc1,,,5.1253
*CC1CC(*)CN(c2nc(N)nc(N)n2)C1,,,5.1254
*Oc1ccc(CC(NC(=O)CCc2ccc(OC(=O)CCC(*)=O)cc2)C(=O)OC(C)CC)cc1,,,5.1256
*Oc1ccc(Cc2ccc(OC(=O)OCC3CCC(COC(*)=O)CC3)cc2)cc1,,,5.1271
*c1ccc(CC(F)(F)C(*)(F)F)cc1,-5.78,5.11,5.1278
*CCCCNC(=O)C(=O)N*,,,5.1306
*CC(OO*)c1ccc(Br)cc1,,,5.1335
*CCCP(CCCNC(=O)CCCCC(=O)N*)CC(C)C,,,5.1348
*OP(=O)(Oc1ccccc1)Oc1ccc(*)cc1,,,5.1351
*Oc1ccc(C(C)(c2ccccc2)c2ccc(OC(=O)OC3C(C)(C)C(OC(*)=O)C3(C)C)cc2)cc1,,,5.136
*C(=O)OC1=NCCN1*,,,5.1364
*Oc1ccc(OC(*)=O)cc1,-6.41,4.3251,5.1376
*CCOC(=O)NCCSCCCCSCCNC(=O)O*,,5.1094,5.1396
*CCCCCC(=O)NCc1ccc(CNC(=O)CCCCO*)cc1,,,5.142
*Oc1ccc(CC(NC(=O)CCc2ccc(OC(=O)CCC(*)=O)cc2)C(=O)OCCCCCC)cc1,,,5.1422
*Oc1ccc(CC(NC(=O)CCc2ccc(OC(=O)CCCCCCC(*)=O)cc2)C(=O)OCC(C)C)cc1,,,5.1444
*NC(CCC(*)=O)C(=O)OCc1ccccc1,,,5.1457
*c1c(*)c(O)n(C2CCCCC2)c1O,,,5.1464
*OC(C)COC(=O)Cc1ccc(CC(*)=O)cc1,,,5.1464
*CCCCCCNC(=O)C(=O)N*,,,5.1495
*CCCOC(=O)c1cccc(C(=O)O*)c1,,,5.151
*OC1CCCCC1*,,,5.1513
*CC(*)(C)C(=O)OCC(=O)N1CCOCC1,,,5.1555
*Oc1ccc(C(CC)c2ccc(OC(*)=O)cc2)cc1,,4.7325,5.1581
*C(=O)NCCCCCCNC(=O)c1cnn(*)c1,,,5.1584
*CCN(*)C(=O)c1ccc(F)cc1,,,5.1588
*Oc1ccc(C(C)c2ccc(OC(*)=O)c(C)c2)cc1C,,,5.159
*Oc1ccc(CC(NC(=O)CCc2ccc(OC(=O)CCCCCCC(*)=O)cc2)C(=O)OCCCCCCCCCCCC)cc1,,,5.1624
*CNCN*,-5.22,6.2293,5.1634
*NC(CC(=O)OCc1ccc(Cl)cc1)C(*)=O,,,5.1636
*Oc1ccc(C(C)(C)c2ccc(OC(=O)OCCCCOC(*)=O)cc2)cc1,,,5.1657
*CCCCCCCCCCCCOC(=O)c1cccc(C(=O)O*)c1,,,5.1678
*CCOC(=O)N(C)c1ccc(C)c(N(C)C(=O)O*)c1,,,5.1683
*CC(*)CCc1ccc(C)cc1,,4.5772,5.1686
*Cc1ccc(Cc2ccc(*)cc2)cc1,-6.09,4.2049,5.1689
*Oc1ccc(OC(=O)Oc2ccc(OC(*)=O)cc2)cc1Cl,,,5.1691
*CC(C)(C)COC(=O)Nc1ccc(C)c(NC(=O)O*)c1,,,5.1704
*CCCCOC(=O)c1cccc(C(=O)O*)c1,,,5.1711
*NC(CCCCN)C(*)=O,,,5.1712
*CCCCCCCCCCOC(=O)c1cccc(C(=O)O*)c1,,,5.173
*CCc1cc(Cl)c(*)c(Cl)c1,,,5.1758
*C(=O)N(*)CCCCCCCCC=C,,,5.1782
*C=CCC(C*)(c1ccccc1)c1ccccc1,,,5.1804
*C=CC(C)(C)C(*)(C)C,,,5.1816
*CCc1ccc(*)c(Cl)c1,,,5.1823
*C1C2CC(=CC)C(C2)C1*,,,5.1841
*CC(*)c1cccc(C)c1,,,5.185
*CC(F)(F)C(F)(F)C(F)(F)COC(=O)CSCSCC(=O)O*,,,5.1865
*CCOC(=O)CCCCSCCCCC(=O)O*,,,5.1928
*CC(C)C=C(*)C,,,5.1994
*CC(O)COc1cccc(O*)c1,,,5.2018
*Oc1ccc(CC(NC(=O)CCc2ccc(OC(=O)COCCOCC(*)=O)cc2)C(=O)OC)cc1,,,5.2022
*CC(CC(CC(CC(*)c1ccccc1)c1ccccc1)c1ccccc1)c1ccccc1,-5.9,4.8255,5.2025
*CCCCCCOC(=O)SSC(=O)O*,,,5.2035
*CC(OC(=O)C(=O)OCC)C(COC(=O)O*)OC(=O)C(=O)OCC,,,5.2047
*Oc1ccc(C(C)(C)c2ccc(OC(*)=O)cc2)cc1,,,5.2059
*Oc1ccc(C(C)(C)c2ccc(OC(=O)OCC3CCC(COC(*)=O)CC3)cc2)cc1,,,5.2076
*CCCN(*)C(=O)c1ccccc1,,,5.2083
*CCCN*,-5.18,6.381,5.2088
*CC(CO*)(CS(=O)(=O)CCCCC)CS(=O)(=O)CCCCC,,,5.21
*CC(*)C(=O)OCCCCCCSCC#N,,,5.2126
*Cc1c(C)c(C)c(CNC(=O)CCCC(=O)N*)c(C)c1C,,,5.2131
*C=CCC*,,,5.2133
*CCCCCCCCCCCCCCCCCCCCOC(=O)c1ccccc1C(=O)O*,,,5.216
*CCc1cc(Cl)c(*)cc1Cl,,,5.2202
*CC(*)N,,,5.222
*Cc1ccc(COC(=O)CCCCCCCCC(=O)O*)cc1,,,5.2222
*CC(*)C(=O)NCC,,,5.2246
*C=CC1CC(*)C(C(=O)OCCNC(C)(C)C)C1,,4.7904,5.2249
*C=CC1CC(*)c2c1c(O)n(-c1ccc(C)cc1)c2O,,,5.2272
*CCCCCCOC(=O)NCCSCCCCCSCCNC(=O)O*,,5.1327,5.2279
*CC(CC)(CO)CO*,,,5.2286
*=CC1OC(C=*)c2c1c(O)n(-c1ccccc1C(F)(F)F)c2O,,,5.2302
*CC(*)(C)C(=O)Oc1ccccc1,,4.8118,5.2323
*Cc1ccc(CNC(=O)CCCCCCCCCCC(=O)N*)cc1,,,5.2323
*C=CC(C)C(*)C(=O)OCCCC,,5.4974,5.2364
*CCCCCCCCNC(=O)CCC=CCCC(=O)N*,,,5.2366
*C=CC1CC(*)c2c1c(O)n(CCC)c2O,,,5.2391
*c1ccc(C(C#N)(C(=O)O)C(*)(C#N)C(=O)O)cc1,,,5.2415
*C(=O)NCCCCCCNC(=O)c1cc(*)c(C)nc1C,,,5.2417
*CCCCCCCCCCCCCCCCCCCCOC(=O)C(=O)O*,,,5.2426
*CCCCCC(=O)NCc1ccc(CNC(=O)CCCCCO*)cc1,,,5.243
*OC(F)(F)C(=O)C(*)(F)F,-5.57,5.2263,5.2431
*CC(*)c1nc(C)nc(C)n1,,,5.2445
*CC(C)(C)O*,,,5.2445
*CCCCCCCOC(=O)C(=O)O*,,,5.2465
*C(=O)CNC(=O)C1CCCN1C(=O)C1CCCN1*,,,5.248
*CCCOC(=O)NCCSCCSCCNC(=O)O*,,,5.2508
*Oc1ccc(OC2(F)C(*)(F)C(F)(F)C2(F)F)cc1,,,5.2532
*Oc1cccc(OC2(F)C(*)(F)C(F)(F)C2(F)F)c1,,,5.2546
*CC(*)(Br)Br,,,5.2567
*OP(=O)(Oc1ccc(*)cc1)OC1CCCCC1,,,5.2577
*CC1CCC(COC(=O)NCCSCCCCCSCCNC(=O)O*)CC1,,5.4414,5.2578
*CC(*)C(=O)OCCSCC#N,,,5.2595
*Oc1ccc(CC(NC(=O)CCc2ccc(OC(=O)CCCC(*)=O)cc2)C(=O)OCCOCCOCC)cc1,,,5.2606
*CC(CS(C)(=O)=O)O*,,,5.2613
*C=CC1CC(*)C2(Cl)OC(=O)OC12Cl,,,5.2615
*CCCCCCNC(=O)CCCCC(=O)NCCCCCCNC(=O)C(=O)N*,,,5.2635
*CCCCCCCCCCC(=O)NCc1ccc(CNC(=O)CCCCO*)cc1,,,5.2644
*NC(CO)C(*)=O,,,5.2646
*CCCCCOC(=O)NCCSCCCCSCCNC(=O)O*,,,5.2673
*CCCCCCOC(=O)CCCCSCCCCC(=O)O*,,,5.2687
*C(=O)Oc1ccc(OC(=O)N2CCN(*)CC2)cc1,,,5.2692
*CC(COCC=C)O*,,,5.2711
*OC(=O)Cc1ccc(CC(*)=O)cc1,,,5.2715
*CNC(=O)NCOC(=O)Nc1ccc(C)c(NC(=O)O*)c1,,,5.273
*CCCCCCOC(=O)C1C(=O)C2CCC1C(=O)C2C(=O)O*,,,5.2747
*CCC(C#N)CC(C)=C(*)C,,,5.2759
*CCCOC(=O)Cc1ccc(CC(=O)O*)cc1,,,5.2766
*CC(*)c1nc(N)nc(N)n1,,,5.2767
*CCOC(=O)NCCSCCSCCNC(=O)O*,,,5.2808
*C=CC1CC(*)C(C(=O)Oc2ccccc2)C1C(=O)Oc1ccccc1,,,5.2819
*CCC(Cl)=C(*)Cl,,,5.2834
*OC1CCCCCCC1*,,,5.2834
*CC(O*)c1ccccc1,,,5.2866
*OC(=O)C(Cc1ccccc1)NC(=O)CCCCC(=O)NC(Cc1ccccc1)C(=O)OC1COC2C(*)COC12,,,5.287
*Cc1ccc(CNC(=O)CCCCCCCCCCCCCCCC(=O)N*)cc1,,,5.288
*CCCCCOC(=O)CCCCSCCCCC(=O)O*,,,5.2896
*Cc1ccc(CNC(=O)CCCCCCCCCCCCCC(=O)N*)cc1,,,5.2897
*NC(CCC(=O)OCc1ccc(Cl)cc1)C(*)=O,,,5.2897
*CCOCCOC(=O)CCCCSCCCCC(=O)O*,,,5.2898
*C=CC(C)C(*)C,,,5.2899
*CC(C(=O)Oc1ccccc1)C(C(=O)O)C(*)(C)C,,,5.2905
*CCCCCCOC(=O)Nc1ccc(C)c(NC(=O)O*)c1,,,5.2905
*Oc1ccc(CC(NC(=O)Cc2ccc(OC(=O)CC(C)CCC(*)=O)cc2)C(=O)OCCCCCCCC)cc1,,,5.2951
*CC(*)=C,,,5.3034
*CCC(=O)NCc1c(C)c(C)c(CNC(=O)CCO*)c(C)c1C,,,5.3036
*CC(C)(CO*)COCC(F)(F)F,,,5.3043
*/C=C\C(C#N)C*,,,5.3057
*CCCCCOC(=O)NCCSCCCCCSCCNC(=O)O*,,,5.3077
*C=CC(C(=O)OC(C)C)C(*)C(=O)OC(C)C,,,5.3094
*CC1CCC(COC(=O)Cc2ccc(CC(=O)O*)cc2)CC1,,,5.3094
*CC(c1ccccc1)c1c(O)oc(O)c1*,,,5.3123
*CC(*)C(=O)NC(C)CC,,,5.3154
*NC(CC(=O)OCc1ccccc1)C(*)=O,,,5.316
*CCSSCCOCO*,,,5.3189
*CC(*)C(=O)N(CCC)CCC,,,5.3191
*C(C)C(*)OC,,,5.326
*CC(CC)(C(=O)O*)c1ccccc1,,,5.327
*CCC(*)=O,,,5.3275
*=CC1OC(C=*)c2c1c(O)n(-c1ccccc1)c2O,,,5.3284
*CNON*,-5.01,4.8889,5.3302
*CCOCCOCCOCCOCCOC(=O)CCSCCC(=O)O*,,,5.3303
*CCCCCCCCCCCCOC(=O)CCCCCNC(=O)CCCCC(=O)NCCCCCC(=O)O*,,,5.3312
*OC1C(C)(C)C(*)C1(C)C,,,5.3323
*CC(*)C(=O)C(C)(C)C,,,5.3334
*CCCC1(C)CCN(C(=O)CCC(=O)N2CCC(*)(C)CC2)CC1,,,5.3334
*CCCCCCCCCCOC(=O)Cc1ccc(CC(=O)O*)cc1,,,5.3355
*C1C=C(C)C(*)C1,,,5.3361
*NC(C)C(=O)NC(CCC(=O)OCC)C(=O)NCC(*)=O,,,5.3361
*C1(C)CC(*)(C)C(=O)N(C)C1=O,,,5.3373
*CC(=O)CO*,-5.62,4.6507,5.3391
*Cc1c(C)c(C)c(CNC(=O)CCCCCC(C)CC(=O)N*)c(C)c1C,,,5.3395
*CCOC(=O)Nc1c(C)c(C)c(NC(=O)O*)c(C)c1C,,,5.3419
*CC(CS(=O)(=O)CC)O*,,,5.3436
*CS*,,4.8805,5.3464
*CC(COCCCC)O*,,,5.3487
*CCCCCCCCCCCCCCCCOC(=O)NCc1ccc(CNC(=O)O*)cc1,,,5.353
*CCCNC(=O)CCCCCCCCC(=O)NCCCNC(=O)C(=O)N*,,,5.3556
*CCOCCOCCOC(=O)CCSCCC(=O)O*,,,5.3579
*CCCCNC(=O)CCCCCCCC(=O)NCCCCNC(=O)C(=O)N*,,,5.3591
*CCC=C(*)C,,,5.3639
*CC(CC(CC(*)c1ccccn1)c1ccccn1)c1ccccn1,-5.99,4.5101,5.3668
*CCCCCCOC(=O)Cc1ccc(CC(=O)O*)cc1,,,5.3668
*OC(C)CCOC(=O)CCCCSCCCCC(*)=O,,,5.3678
*CCC(=O)N(*)C,,,5.368
*C=CC(CN)C(*)C(=O)O,,,5.3681
*=CC1OC(C=*)c2c1c(O)n(-c1ccc(C(F)(F)F)cc1)c2O,,,5.369
*c1ccc(C(F)(F)NC(*)(F)F)cc1,-5.88,4.2709,5.3698
*CCOCCOCCOCCOC(=O)CCSCCC(=O)O*,,,5.3735
*CCCCCOC(=O)NCCSCCSCCNC(=O)O*,,,5.3739
*CCCCCCCCCC#CC#CCCCCCCCCCOC(=O)CCC(=O)O*,,,5.3773
*CCCCCCN(C)C(=O)CCC(=O)N(*)C,,,5.3815
*C=CC1CC(*)C2CC=CC12,,5.6741,5.3836
*CC(CC(C)(C)C)O*,,,5.3855
*CC=CCNC(=O)CCC=CCCC(=O)N*,,,5.3865
*C=CC1CC(*)C(C(F)(F)F)(C(F)(F)F)C1(F)F,,,5.3867
*CCCCCC(=O)S*,,5.0001,5.3869
*CC(C)(CO*)COCCC#N,,,5.387
*CCCCOC(=O)C1C(=O)C2CCC1C(=O)C2C(=O)O*,,,5.3882
*C=CC1CC(*)C(C(=O)OC)C1,,,5.39
*CC(*)OCC(=O)OC,,,5.3903
*c1ccc(C(C#N)(C(=O)OC)C(*)(C#N)C(=O)OC)cc1,,,5.3905
*CCCCCCCNC(=O)C=CCCC=CC(=O)N*,,,5.3907
*CCCCc1nnc(*)n1N,,,5.3914
*CCCCCCOC(=O)NCCSCCSCCNC(=O)O*,,4.7777,5.3918
*OC1CCCC1*,,,5.3919
*CCCCCCNC(=O)NCCCCNC(=O)N*,,,5.3951
*CCCOC(=O)CCCCSCCCCC(=O)O*,,,5.3966
*CCCC(*)=O,-5.52,5.13,5.3982
*CCC(c1ccccc1)C(*)c1ccccc1,,,5.4001
*CCCCCCCCc1nnc(*)n1N,,,5.4011
*CCCCOC(=O)CCCCSCCCCC(=O)O*,,,5.4021
*CCCCCCCCCC#CC#CCCCCCCCCCOC(=O)CCCCCCCCC(=O)O*,,,5.4028
*OC(COC(*)=O)COc1ccccc1,,,5.4034
*CC(*)C(=O)OCCCSCCC#N,,,5.408
*CCCCCCc1nnc(*)n1N,,,5.4103
*C(=O)C1CC(OC(=O)CCC)CN1*,,,5.4104
*C=CC1CCC(*)C1,,,5.4117
*CC(CC(*)(C#N)C#N)c1ccc(CCl)cc1,,,5.4178
*C#CC#CCCCCCCCC*,,,5.4216
*CCCCCCCCCNC(=O)NCCCCCCCNC(=O)N*,,,5.422
*CCCNC(=O)NCCCCCCNC(=O)O*,,,5.4226
*CCNC(=O)C(OC)C(OC)C(=O)N*,,,5.4257
*CCOCCOC(=O)CCSCCC(=O)O*,,,5.4283
*CCCCCCOC(=O)NCCSCCCCSCCNC(=O)O*,,,5.4298
*CCCCCCCCn1c(O)cc(C2C=C(C)c3c(c(O)n(*)c3O)C2)c1O,,,5.4303
*CCCCCCCCCCNCCCCCCN*,,,5.4327
*CCCCNC(=O)C(OC)C(OC)C(=O)N*,,,5.4347
*CC(CCCC)O*,,,5.4348
*CCCCCCCCCC#CC#CCCCCCCCCCOC(=O)CCCCC(=O)O*,,,5.4365
*CCCCCCOC(=O)NCCSCCCCCCSCCNC(=O)O*,,,5.4367
*CC(*)C(=O)NC,,,5.4371
*CCCCOC(=O)SNCCCCCCNSC(=O)O*,,,5.4377
*C=CC1CC(*)c2c1c(O)n(CCCCCCCCC)c2O,,5.104,5.4434
*CC(CO*)(CS(=O)(=O)CCCC)CS(=O)(=O)CCCC,,,5.4465
*NC(CCCCNC(=O)NCCNC(*)=O)C(=O)OC,,,5.4494
*OC1(F)C(C)C(C)(C2(Cl)CNCNC2*)CC1(C)C,,,5.4515
*CC(C)(C)C1CC=C(*)CC1,,,5.4516
*Cc1ccc(COC(=O)CCCC(=O)O*)cc1,,,5.4521
*Cc1ccc(COC(=O)CCCCS(=O)(=O)CCCCC(=O)O*)cc1,,,5.4522
*CCc1cccc(*)c1,,,5.4567
*OC(c1ccco1)C(C)(C)C(*)=O,,,5.4574
*OC(C)COC(=O)C(*)=O,,,5.4575
*CCC=C(*)Cl,,,5.461
*CCOC(=O)CCSCCC(=O)O*,,,5.4614
*CCOCC(=O)NCCCCCCNC(=O)CO*,,,5.4615
*NC(C(*)=O)C(C)CC,,,5.462
*C(=O)NCCCCCCNC(=O)N1CCN(*)CC1,,,5.4634
*CCCCOC(=O)Cc1ccc(CC(=O)O*)cc1,,,5.4635
*Cc1ccc(COC(=O)CCC(=O)O*)cc1,,,5.464
*CC(OCC)C(C#N)(C#N)C(*)(C#N)C(=O)OC,,5.4071,5.4657
*CCCCCCCCCCOC(=O)C(=O)O*,,,5.4658
*C=CC(C)C(*)C(=O)OCC(C)C,,,5.4659
*OCC(F)(F)C(F)(F)C(F)(F)COc1nc(F)nc(*)c1F,,,5.4692
*CNC(=O)N*,,,5.4697
*C=CC(C*)CC,,,5.4701
*c1c(F)c(F)c(*)c(F)c1F,,,5.4728
*CCCCCCCCCC#CC#CCCCCCCCCCOC(=O)CCCCCCC(=O)O*,,,5.4734
*CC(*)CN,,,5.4738
*CCCCCCCCCCC(=O)NCCCCCOCCCCCNC(=O)CCCO*,,,5.4741
*C=CC1CC(*)c2c1c(O)n(CCCCCCCC)c2O,,,5.4744
*CCCn1c(O)c2c(c1O)C1C=CC2c2c1c(O)n(*)c2O,,,5.4745
*Oc1cccc(OC(=O)Oc2ccc(OC(*)=O)cc2)c1,,,5.4757
*OC1(C)CCC(*)CC1CCCCCCCC,,,5.4763
*CC1CCC(COC(=O)C(=O)O*)CC1,,,5.4765
*CCC1CN(C(C)(C)C)C(=O)C1*,,,5.4772
*CC(*)N1CCCC1=O,,5.5902,5.4797
*OC([CH3])([CH3])C(*)([CH3])C([CH3])=C([CH3])[CH3],,,5.4798
*OC(CCc1ccccc1)CC(*)=O,,,5.4818
*NC(C)(C)C(C)(C)C(*)=O,,,5.4856
*Cc1cccc(CN(C)C(=O)CCCCC(=O)N(*)C)c1,,,5.4868
*C(=O)CCC=CCCC(=O)N1CCN(*)CC1,,,5.4878
*CC(Cl)(C#N)C1C=CC(*)CC1,,,5.4881
*CNCCCOCO*,-5.21,6.3311,5.4895
*CC(*)OCCCCCCCCCCCC,,,5.4919
*C=CCC(C)(CC*)C(=O)OC,,,5.4945
*CC(*)(Cl)Cl,,,5.4955
*OC(c1ccccc1)C(C)(C)C(*)=O,,,5.5004
*NC(C)CNC(=O)C1CC1C(*)=O,,,5.5051
*CCCCCCN(CC)C(=O)CCCCCCCCCCCCCCCCC(=O)N(*)CC,,,5.5078
*OC(C)CCOC(=O)C(*)=O,,,5.5088
*CCC(=O)OC(=O)CCC1CCC(*)O1,,,5.5098
*C(=O)N(*)CC=C,,,5.5128
*NC(Cc1ccccc1)C(*)=O,,,5.5152
*CCCCCCCc1nnc(*)n1N,,,5.5167
*C(=O)Oc1ccc(OC(=O)N2CC(C)N(*)CC2C)cc1,,,5.5219
*CCCCCCCCOC(=O)NCc1ccc(CNC(=O)O*)cc1,,,5.5232
*CCCC(=O)N*,,,5.5236
*CC(CCl)(CI)COC(=O)CCCCC(=O)O*,,,5.5293
*NC(CC(N)=O)C(*)=O,,,5.5305
*NNC(=O)C(*)=O,,,5.5325
*CC(*)OC,,,5.5335
*NC(=O)NO*,-5.7,5.0658,5.5354
*CCCCNC(=O)CCC=CCCC(=O)N*,,,5.5356
*CCCCC(=O)NCCCCCOCCCCCNC(=O)CCCCO*,,,5.536
*CCCCOC(=O)CC(N)C(=O)O*,,,5.536
*CCO*,-5.21,6.2206,5.5372
*OC(=O)C(Cc1ccccc1)NC(=O)CCCCCCCCCCC(=O)NC(Cc1ccccc1)C(=O)OC1COC2C(*)COC12,,,5.5385
*CC(O*)C(C)(C)C,,,5.5394
*Cc1ccc(COC(=O)O*)cc1,,,5.5423
*c1cccc(C(F)(F)C(F)(F)C(*)(F)F)c1,,,5.5439
*NC(C=C)CC(*)=O,,,5.5439
*CCCCCCCC(=O)N(*)C,,,5.5443
*Cc1ccc(COC(=O)CCCCCCCCCCCCCCCCCCC(=O)O*)cc1,,,5.5452
*CC(CO*)(CS(=O)(=O)C(C)C)CS(=O)(=O)C(C)C,,,5.5454
*CC(C)(C=O)C(F)(F)C(*)([CH3])[CH3],,,5.5464
*Cc1ccc(COC(=O)CCCCCCCCCCC(=O)O*)cc1,,,5.5473
*NC(C)(C)CC(*)=O,,,5.5484
*NC(c1ccccc1)C(C)(C)C(*)=O,,,5.5513
*CCCCCCCCCCCCNC(=O)CCCCC(=O)N*,,,5.5516
*CC(COCC)O*,,,5.5518
*C(=O)CC(F)(F)C(*)(F)F,-5.5,5.0395,5.5534
*NC(C)C(C)(C)C(*)=O,,,5.5547
*CCNC(=O)CCCCCCCCCCC(=O)N*,,,5.5657
*CCCCCOC(=O)C(=O)O*,,,5.5658
*C=CCC(C*)c1ccccc1,,,5.5674
*CC(COC)O*,,,5.5702
*CCCCCCCCCCN(C)C(=O)CCCCCCCCC(=O)N(*)C,,,5.5704
*CC(C[CH3][CH3]#N)O*,,,5.5722
*CC1(CO*)CC=CCC1,,,5.5732
*NC(CCC(=O)OCCCC)C(*)=O,,,5.5734
*C(=O)C1CCCN1*,,,5.5773
*Cc1ccc(COC(=O)CC(=O)O*)cc1,,,5.5783
*CC1CCC(COC(=O)NCCSCCCSCCNC(=O)O*)CC1,,5.0712,5.5784
*C(=O)OC1CCN(*)CC1,,,5.5791
*CCCCCCN(C)C(=O)CCCCCCCCCCC(=O)N(*)C,,,5.5795
*NC(CCCCNC(=O)NCCCCCNC(*)=O)C(=O)OC,,,5.5834
*C(=O)COCC(=O)N1CCN(*)CC1,,,5.5847
*NC(C)CCCCC(*)=O,,,5.5854
*CC(CC)(CC)CO*,,,5.586
*Cc1ccc(CNC(=O)CCCCCCCCCCCCCCCCCCCCC(=O)N*)cc1,,,5.5873
*C(=O)OC1CC(*)N(C(=O)OCc2ccccc2)C1,,,5.588
*CC(CC(*)(C#N)C(=O)OC)c1ccccc1,,,5.5884
*CNCO*,-5.27,6.9282,5.5885
*NC(CC(*)=O)C(=O)OCCCCCCCC,,,5.5889
*C=CC1CC(*)C(C#N)([CH3](C)(C)O[CH3](C)(C)C)C1,,,5.5917
*CC(*)(C)C(=O)OCC1CCCO1,,,5.5918
*CC(C)(C)c1c(*)c(O)n(C(C)C)c1O,,,5.5919
*C(=O)CCCCCCCCC(=O)N1CCN(*)CC1,,,5.5924
*CCSCCO*,,,5.5968
*C(F)(F)C(*)(F)c1ccccc1,,,5.6014
*OC1C(COC(C)=O)OC(*)C(OC(C)=O)C1O,,,5.6034
*C1C=CC(*)CC1,,5.4843,5.6051
*C(=O)CCCCC(=O)N1CCN(*)CC1,,,5.6091
*C(=O)COCCOCC(=O)N1CCN(*)CC1,,,5.6095
*CC1(CO*)CC2C=CC1C2,,,5.6096
*NC(CC(*)=O)C(=O)OC,,,5.61
*CCSSCCO*,,,5.6114
*CCNC(=O)NCCCCCCNC(=O)O*,,,5.6117
*C=CC1CC(*)C(C(=O)OC(C)(C)C)C1C(=O)OC(C)(C)C,,,5.6132
*CCCCCCCCCCCCCCCCCCNC(=O)CCCCCCCCCCC(=O)N*,,,5.6172
*OC(=O)Oc1ccc(OC(=O)OC2CC3CC(*)CC(C2)O3)cc1,,,5.6192
*OC(C)C(=O)NC(C)C(*)=O,,,5.6199
*CCOCCOCCOC(=O)CC(=O)O*,,,5.6203
*CC(*)C(=O)CC,,,5.6211
*NC1CC(C)(C)CC(C)(CNC(=O)CCCCC(*)=O)C1,,,5.6216
*CC(OC1CCCCC1)c1c(O)oc(O)c1*,,,5.6267
*CCCCCCCCCCOC(=O)NCc1ccc(CNC(=O)O*)cc1,,,5.628
*Cc1ccc(COC(=O)CCCCCC(=O)O*)cc1,,,5.6303
*CCCCCCCCCCc1nnc(*)n1N,,,5.6319
*CC(C)(CC)CO*,,,5.6322
*COC1CCC(*)OC1,,,5.6324
*OC1C=CC(*)CC1,,,5.6324
*NNC(=O)CCCCC(=O)NNC(=O)CCCCCCCCC(*)=O,,,5.6341
*NC1CC(C2(C)OC(O)OC(C)NC2=O)C(F)(N(C(*)O)C(F)F)O1,,,5.6343
*CCCCCCNC(=O)NCCCNC(=O)N*,,,5.6415
*OC(=O)C(CC(C)C)NC(=O)CCCCC(=O)NC(CC(C)C)C(=O)OC1COC2C(*)COC12,,,5.6427
*CCCCCCCCCCNC(=O)N*,,,5.6429
*CCCCCCCCCCCCCCCCCCNC(=O)NCCCCCCCCCCNC(=O)N*,,,5.6443
*CCCCCCCCOC(=O)NNC(=O)CCCCCCCCC(=O)NNC(=O)O*,,,5.6445
*NC(CCC(*)=O)C(=O)OC,,,5.6456
*CCCCCCNC(=O)CCCCCCCC(=O)N*,,,5.6457
*CCCCCCCCCCOC(=O)NNC(=O)CCCCCCCCC(=O)NNC(=O)O*,,,5.6458
*CCCCCCNC(=O)CCC=CCCC(=O)N*,,,5.6458
*CCCCCCN(CC)C(=O)CCCCCCCCCCC(=O)N(*)CC,,,5.6468
*OC1C(COC)OC(*)C(OC)C1OC,,,5.6468
*OC1CCCCCC1*,,,5.6512
*CCCC(=O)NCCCCCCNC(=O)CCCO*,,,5.652
*NC(=O)OC(*)=O,-6.61,4.9145,5.6538
*CCCCCCCCCNC(=O)CCC=CCCC(=O)N*,,,5.6551
*CCC(=O)N*,-5.69,6.2028,5.6558
*NC(CC(*)=O)c1ccccc1,,,5.6573
*CCCCCOC(=O)NNC(=O)CCCCCCCCC(=O)NNC(=O)O*,,,5.6607
*CCCCCCCCCCCCNC(=O)NCCCCCCCCCCNC(=O)N*,,,5.6621
*CCCCCCCNC(=O)NCCCCCCNC(=O)N*,,,5.6622
*C=CC(C)(C)CC(C#N)C*,,5.2738,5.6628
*CC(=O)NCCCCCCNC(=O)COC(=O)CCC(=O)O*,,,5.663
*CCCCCCCCCCCCOC(=O)NCc1ccc(CNC(=O)O*)cc1,,,5.664
*C=CC1CC(*)C2CCCC12,,,5.6651
*CCCCCCNC(=O)C(CC)CC(CC)C(=O)N*,,,5.6687
*C=CC1CC(*)C(C#N)(C[CH3](C)(C)C)C1,,,5.6706
*NNC(=O)CCCCC(*)=O,,,5.6711
*CCCCCCCCCCNC(=O)CCC=CCCC(=O)N*,,,5.6731
*CCCCCCCCCNC(=O)CCCCCCCCC(=O)N*,,,5.6744
*CCCCCNC(=O)N*,,,5.6754
*CCCCOC(=O)NCc1ccc(CNC(=O)O*)cc1,,,5.6759
*CC(COCCCCCC)O*,,,5.6762
*SC(*)(F)F,,,5.6762
*CCON*,-5.12,5.7904,5.6784
*OC1CCC(C=C)CC1*,,,5.6824
*CCCCCNC(=O)CCCCCCCCC(=O)N*,,,5.6828
*C=C(C)CC(C#N)CC*,,,5.6857
*CCCCCCCCCCC(=O)NCCCCCOCCCCCNC(=O)CCCCO*,,,5.6858
*CCCCCCCCCCNC(=O)NCCCCCCNC(=O)N*,,,5.6863
*CCCCCCCCCNC(=O)CCCCC(=O)N*,,,5.6864
*CC(C)(C)C(=O)N*,,,5.6887
*CC(*)C(=O)OCCOCC1(CC)COC1,,,5.6941
*CCOCCOCCOCCOCCOCCOC(=O)NCCCCCCNC(=O)O*,,,5.6975
*NC1CCC(CC2CCC(NC(=O)CCCCC(*)=O)CC2)CC1,,,5.6991
*CCCCCNC(=O)C(OC)C(OC)C(=O)N*,,,5.6994
*NC(CCCCNC(=O)NCCCNC(*)=O)C(=O)OC,,,5.6996
*C12CC3CC(*)(C1)CC(CCCC)(C3)C2,,,5.6997
*CNC(=O)CCCCCC(=O)N*,,,5.7012
*NC1CCC(CC2CCC(NC(=O)CCCCCCCCCCC(*)=O)CC2)CC1,,,5.7012
*CCCCCCCCCCCCNC(=O)CCP(C)(=O)CCC(=O)N*,,,5.7027
*C(=O)OC1CC2CC(OC(=O)N3CCN(*)CC3)CC(C1)O2,,,5.7033
*NNC(=O)CCCCCCCCCCCC(*)=O,,,5.7041
*CC(C)(CC)C(=O)N*,,,5.7057
*CC1CCC(CNC(=O)CCCCCCCC(=O)N*)CC1,,,5.7062
*CCCCCCNC(=O)C(CCCCC)C(=O)N*,,,5.7089
*CCCCC(=O)NCCCCCCC(=O)NCCC(=O)N*,,,5.7097
*CCCCCCCNC(=O)C(CCCCCCCCCCCC)C(=O)N*,,,5.7103
*CC(*)(C)C(=O)OCCc1ccccc1,,4.9946,5.7104
*NC(C)CC(*)=O,,,5.711
*CCCCCCCCCNC(=O)NCCCCCCNC(=O)N*,,,5.7131
*CCCCCCCCCCCCNC(=O)C(OC)C(OC)C(=O)N*,,,5.7132
*CCCCCCCNC(=O)C(OC)C(OC)C(=O)N*,,,5.7148
*NNC(=O)CCC(=O)NNC(=O)CCCCC(*)=O,,,5.7153
*CCCCCCNC(=O)CCCC(=O)N*,,,5.7154
*CCCOC(=O)C(=O)O*,,,5.7163
*C1C=CC(*)C1,,,5.7164
*NNC(=O)CCC(=O)NNC(=O)CCCCCCCCC(*)=O,,,5.7186
*C(=O)C1CC1C(=O)N1CCN(*)CC1,,,5.7206
*C=CC(C)C*,,,5.7207
*CC(OC)C1(C)C(=O)OC(=O)C1(*)C,,,5.7217
*CC=CCOC(=O)NCCCCCCNC(=O)O*,,,5.7218
*CCc1nnc(*)n1N,,,5.722
*C=CC(C*)CCC,,5.7469,5.7221
*CCCCCCNC(=O)CCCCCCCCCCC(=O)N*,,6.3994,5.7224
*NC1CCC(CCC2CCC(NC(=O)CCCCCCCCCCC(*)=O)CC2)CC1,,,5.7235
*CCCCCCCCCCCCNC(=O)C(=O)N*,,,5.7269
*NOC(=O)NCC(=O)NC(*)=O,-6.11,4.9352,5.7289
*CCCCCCNC(=O)CCCCCCC(=O)N*,,,5.7328
*CC1CCC(CNC(=O)CCCCCCCCC(=O)N*)CC1,,,5.7331
*CCCCCCCCCNC(=O)CCCCCCCCCCCC(=O)N*,,,5.7342
*CCCN(*)C(C)=O,,,5.7364
*CCCCCCCNC(=O)CCCCCCCCCC(=O)N*,,,5.7365
*C=CCCCC(Cl)CCC*,,,5.737
*OC(CC(*)=O)C(Cl)(Cl)Cl,,,5.7388
*CCCCCCCCCCC(=O)N(*)C,,,5.7405
*CCCCCCNC(=O)N*,,,5.7413
*CCNC(=O)CCCCCCC(=O)N*,,,5.7413
*CCCCOC(=O)NCCSCCSCCNC(=O)O*,,,5.7445
*CC(*)(C)C(=O)OCCOCCO,,,5.7449
*C(=O)CCCCCCCCC(=O)N1CC(C)N(*)CC1C,,,5.7455
*CCCCCNC(=O)C(CCCCCCCCCCCC)C(=O)N*,,6.2733,5.7457
*CCCCC(N)C(=O)N*,,,5.746
*CC(*)C(=O)NCCC(F)(F)C(F)(F)C(F)(F)C(F)(F)C(F)(F)C(F)(F)C(F)(F)C(F)(F)F,,,5.7478
*NC(C)(CC)C(*)=O,,,5.7479
*CCCOC(=O)N1CCC(*)CC1,,,5.7499
*CCCCCNC(=O)CCCCCCCCC(=O)NCCCCCNC(=O)C(=O)N*,,,5.7501
*CC(C)O*,,6.9903,5.7517
*C12CC3CC(C1)CC(*)(C3)C2,,,5.7519
*CCCCCNC(=O)CC(=O)N*,,,5.7523
*CCCNC(=O)CCC=CCCC(=O)N*,,,5.7523
*CCCCCCNC(=O)CC(=O)N*,,,5.7541
*NC1CC(CCC(*)=O)C1(C)C,,,5.7546
*CCCCCc1nnc(*)n1N,,,5.7571
*OC(C)C(*)C,,,5.7581
*CC(CO*)C(C)(C)C,,,5.7599
*CCCCCC(=O)NCCCCCCNC(=O)CCCCCO*,,,5.7609
*OC(=O)CS(=O)(=O)CCS(=O)(=O)CC(*)=O,,,5.7619
*CC(*)OC(=O)C(Cl)(Cl)Cl,,,5.7645
*CCCCCCCCCCCCNC(=O)NCCCCCCNC(=O)N*,,,5.7649
*CCCCCCC(=O)NCCCCCCNC(=O)CCCCCCO*,,,5.7692
*CCCCCCCCNC(=O)CCCCCCCCC(=O)N*,,,5.7713
*C(=O)C(C)NC(=O)CNC(=O)C1CCCN1*,,,5.7716
*C=CCCCC*,,5.7962,5.7726
*CC(CC)O*,,,5.7746
*CC(O*)C(C)C,,,5.7752
*CCCCCCCCNC(=O)CCCCCCC(=O)N*,,,5.7761
*CC(C)(COC(=O)O*)C(=O)OCc1ccccc1,,,5.7764
*NC(C)C(=O)NCCCC(*)=O,,,5.7766
*CCCCNC(=O)CCCCCC(=O)N*,,,5.7771
*CCOC(=O)C1C2C=CC(C2)C1C(=O)O*,,5.3661,5.7779
*CCCCCCCCCCNC(=O)CCCCCCCCCCCCCCCCCCCCC(=O)N*,,,5.7824
*CC(*)C(=O)NCC(F)(F)C(F)(F)C(F)(F)F,,,5.7825
*CCCP(C)(=O)CCCNC(=O)CCCCCCCCC(=O)N*,,,5.7831
*CCCCCCCCCCCCNC(=O)CC(=O)N*,,,5.7842
*OC1CCC(OC(=O)C(*)=O)CC1,,,5.7861
*CCCCCCCCC(=O)NCCCCCCNC(=O)CCCCO*,,,5.7863
*C=C(F)C(F)(F)C*,,,5.7867
*CNC(=O)CCCCCCC(=O)N*,,,5.7869
*CC1CCC(CNC(=O)CCCCCC(=O)N*)CC1,,5.2823,5.787
*NC(C)C(=O)NC(C)C(=O)NCC(*)=O,,,5.7884
*CC(C)(C)COC(=O)NCCOCCOCCNC(=O)O*,,,5.7915
*CC(*)(C)C(=O)NCCC,,,5.7916
*NC(C)CNC(=O)NC(CCCCNC(*)=O)C(=O)OC,,,5.7921
*NC(C)C(=O)NCC(*)=O,,,5.7945
*CC(C)(CCl)O*,,,5.7953
*CC(CO)(CO)CO*,,,5.7959
*NC(C)C(=O)NC(C)C(=O)NC(C(=O)NC(C(*)=O)C(C)C)C(C)C,,5.8867,5.7985
*NC(CCCCNC(=O)CCCCC(*)=O)C(=O)O,,,5.7987
*CCCCCCCCNC(=O)NCCCCCCNC(=O)N*,,,5.7995
*CCCC1CC(=O)N(*)C(=O)C1,,,5.8014
*CCCCCCCCCCCC(=O)N(*)C,,,5.8019
*C=CCCCCC*,,,5.8026
*CCCCCCNC(=O)C(O)C(O)C(=O)N*,,,5.8031
*CCCCCCCCCCNC(=O)CCP(C)(=O)CCC(=O)N*,,,5.8056
*NC1CCC(CC2CCC(NC(=O)CCCCCCCCC(*)=O)CC2)CC1,,,5.8072
*CC(*)(Cl)C(=O)OC,,,5.8077
*CCCCCCCCCCNC(=O)CCCCC(=O)N*,,,5.8086
*CCC(C)(C)CC(C)CNC(=O)CCCCC(=O)N*,,,5.8095
*CNCCNC(=O)OC*,-5.49,6.3647,5.81
*CCCCCCOC(=O)CCCCCNC(=O)CCCCC(=O)NCCCCCC(=O)O*,,,5.8108
*CCCCCCOC(=O)CC=CCC(=O)O*,,,5.811
*CC(C)(C)CO*,,,5.8123
*CCC(C)CCC(=O)N*,,,5.8159
*C(=O)OCC(C)(C)COC(=O)N1CCN(*)CC1,,6.4401,5.8163
*CCCCCCNC(=O)CCCCC(=O)NCC(=O)N*,,,5.8188
*CCCC(C)(C)CNC(=O)CCCCCCCCC(=O)N*,,,5.8198
*CCOC(=O)CCCCCNC(=O)CCCCC(=O)NCCCCCC(=O)O*,,,5.8201
*CCCCCCCCCCNC(=O)CCCCCCCCCCCCC(=O)N*,,,5.8204
*OC(C)(C)C(*)=O,,,5.8214
*CCCC(C)(C)CNC(=O)CCCCC(=O)N*,,,5.8218
*CCCCCCCCCNC(=O)N*,,,5.822
*NC(C)C(=O)NCCCCCCCCCCC(*)=O,,,5.8221
*C(=O)NCCCCCCNC(=O)C1COC(*)CO1,,,5.8235
*CCNC(=O)CCCCC(=O)N*,,,5.8254
*CC(C)(CCC)C(=O)N*,,,5.8261
*OC(=O)Oc1cccc(OC(=O)OC2CC3CC(*)CC(C2)O3)c1,,,5.8268
*CCCCCCCCC(=O)NCCCCCOCCCCCNC(=O)CCCCO*,,,5.8271
*C=CCCCCCCCC*,,,5.8277
*CC(C)c1c(*)c(O)n(CCC)c1O,,,5.8295
*CCCCCCCNC(=O)CCCCCCCC(=O)N*,,,5.8296
*CC1CCCC(CNC(=O)CCCCCCCCCCC(=O)N*)C1,,,5.83
*CCCNC(=O)CCCCC(=O)NCCCO*,,,5.8321
*CCCCCCCCNC(=O)CCCCCCCCCCC(=O)N*,,,5.8323
*CC(CCCCCCCCCC)O*,,,5.8339
*C=CC1CC(*)C(C#N)C1,,,5.8346
*C(=O)OC1CCC(OC(=O)N2CCN(*)CC2)CC1,,6.2573,5.8355
*C(=O)OCC(C)(C)COC(=O)N1CC(C)N(*)CC1C,,,5.8365
*CCCCCNC(=O)CCCCCCOCCCCCCC(=O)NCCCCCO*,,,5.8389
*CCOC(=O)NCCCC(CCNC(=O)O*)OC,,,5.8395
*CCCCCC(=O)NCCCCCOCCCCCNC(=O)CCCO*,,,5.841
*C=CCCCCCC*,,,5.8437
*CCCCCCCCNC(=O)CCCCCCCCCCCCCCC(=O)N*,,,5.8468
*OC([CH3])([CH3])C(*)([CH3])[CH3],,,5.8501
*CC(*)(CO)C(=O)OCC,,,5.8505
*OC1C(CO)OC(*)C(O)C1O,-5.48,7.4757,5.8509
*C(=O)NC(F)(F)C(*)(F)F,-5.65,5.4991,5.8517
*CCCCCCCCCCCCCCCCOC(=O)CC=CCC(=O)O*,,,5.8517
*C1CC(C)(C)OC1*,,,5.8529
*CC(*)C(=O)OCCCOC,,,5.8538
*CCCCCNC(=O)CCCCCCCCCCCCCCCCC(=O)N*,,,5.855
*CC1(CO*)CCC(C)CC1,,,5.8565
*CCCC(=O)NCCCCCOCCCCCNC(=O)CCCO*,,,5.8594
*CCCCCCCCNC(=O)CCCCCCCCCCCCCCCCCCC(=O)N*,,,5.8607
*CCCCCCC(=O)NCCCCCOCCCCCNC(=O)CCCCO*,,,5.8614
*CC(=O)NC(C)C(=O)O*,,,5.8615
*CCCCCCOC(=O)NNC(=O)CCCCCCCCC(=O)NNC(=O)O*,,,5.8625
*C(=O)OCCCCOC(=O)N1CCN(*)CC1,,6.4265,5.8653
*OC(=O)NC1CCC(CC2CCC(NC(=O)OC3CC4CC(*)CC(C3)O4)CC2)CC1,,,5.8672
*OC1CC(c2ccccc2)CC(*)O1,,,5.8678
*CC(CCCCCC)O*,,,5.8686
*CC1CCC(CNC(=O)CCCCCCC(=O)N*)CC1,,,5.8707
*C(=O)OC1CCC(OC(=O)N2CC(C)N(*)CC2C)CC1,,,5.8738
*C=CCCCCCCCCCC(Cl)CCCCCCCCC*,,,5.874
*OC(C)(C)C(F)(F)C(F)(F)OCCOCCC1CC1*,,,5.8745
*C(=O)OCCOC(=O)N1CCN(*)CC1,,,5.8752
*CC(*)(CC(=O)O)C(=O)O,,,5.8762
*NC(CC(*)=O)C(=O)OCCCCCCCCCCCC,,,5.8778
*C=CCCCCCCCCCC*,,,5.8787
*NC1CCCC1C(*)=O,,6.4002,5.8804
*CCCCC(=O)NCCCCCCNC(=O)CCCCO*,,,5.8826
*C=CC(C)CCCCCCCCC*,,,5.8829
*NC(CCC(=O)OCCC)C(*)=O,,,5.8843
*CC(CO*)(CS(C)(=O)=O)CS(C)(=O)=O,,,5.8874
*CCCCCC(=O)NCCCCCCNC(=O)CCCCO*,,,5.8874
*CCCCCCCCCCCCNC(=O)CCCCCCCCCCCCCCC(=O)N*,,,5.8878
*CCOC(=O)NNC(=O)CCCCCCCCC(=O)NNC(=O)O*,,,5.8878
*CCCCCCNC(=O)CCCCCCCCCCCCCCCCC(=O)N*,,,5.8888
*CCCCCNC(=O)CCCCCCCCCCCCC(=O)N*,,,5.8927
*CCCNC(=O)CCCCCCCCCCCCCCCCCCC(=O)N*,,,5.894
*CCCCCNC(=O)CCCCCCCCCCCCCCCCCCC(=O)N*,,,5.895
*CCC(=O)OCCCC=CCCCOC(=O)CCC1NC(=O)C(*)NC1=O,,,5.8952
*CCCCCCCCCCCCCNC(=O)CCCCCCCCCCCC(=O)N*,,,5.8961
*OC1C(CO)OC(*)C(N)C1O,,,5.8963
*CCCCCCCCCCNC(=O)CCCCCCCCCCCCCCC(=O)N*,,,5.8964
*COC1OC(*)C(O)C(O)C1O,,,5.8976
*C(=O)OCC(C)(C)COC(=O)N1CCN(*)C(C)C1,,,5.8979
*CCCCCCCCC(=O)NCCCCCCNC(=O)CCCCCCCCO*,,,5.8982
*NC1CCC(CC(C)(C)NC(=O)CCCCC(*)=O)CC1,,,5.8982
*CCOCC(=O)O*,,,5.8983
*OC(CCCCCCC=C)CC(*)=O,,5.5852,5.8983
*NC1CC1NC(=O)C1CC1C(*)=O,,,5.9042
*CCCCNC(=O)CCCCCCCC(=O)N*,,,5.9048
*CCCCCC(=O)NCCCCCOCCCCCNC(=O)CCCCO*,,,5.905
*CC(*)OCCCCC,,,5.9056
*CC(CCl)(CCl)COC(=O)C(=O)O*,,,5.906
*CCCCCCNC(=O)NCCCCCNC(=O)N*,,,5.9068
*CCCCCCCCCCCCNC(=O)CCCCCCCCCCCCCCCCC(=O)N*,,,5.9072
*NC(C)C(=O)NCC(=O)NCC(=O)NCC(*)=O,,5.4756,5.9084
*CCCC(C)CCC(=O)N*,,,5.9091
*OC(C)C(=O)OCC(*)=O,,,5.9109
*C(=O)OCC1CC1COC(=O)N1CCN(*)CC1,,,5.9115
*CCCCCCCCCCCCCCNC(=O)CCCCCCCCC(=O)N*,,,5.9115
*CCCCCCCCCCNC(=O)CCCCCCCCC(=O)N*,,,5.9125
*CC1(CO*)CC2CCC1CC2,,,5.9128
*CCCCCCCNC(=O)CCCCCCCCCCCCCCCCCCC(=O)N*,,,5.9137
*CC(C)(C)COC(=O)NC1CCC(CC2CCC(NC(=O)O*)CC2)CC1,,,5.9159
*CCOCCOC(=O)C(=O)O*,,,5.9165
*NC(CCC(=O)OCCCl)C(*)=O,,,5.9169
*CCCCCCCCCCNC(=O)CCCCCCCCCCCCCCCCC(=O)N*,,,5.9174
*CC1CC1CO*,,6.9566,5.9176
*CCCCCC(=O)NCCCCCCNC(=O)CCCCCOC(=O)CCCCC(=O)O*,,,5.9182
*CCCCCCOCC1(CO*)CC1,,,5.9199
*CCCCCCOC(=O)CCC=CCCC(=O)O*,,,5.9212
*CCCNC(=O)CCCCCCCCC(=O)NCCCOCCO*,,,5.9244
*CCCCCCCCCCOCCCCCCCCCCOCCCCCO*,,,5.9245
*NC(CC(*)=O)C(=O)OCCOC,,,5.9247
*CC(*)(C)C(=O)OCCBr,,,5.9262
*CCCCCCCCCCCCNC(=O)CCCCCCCCCCCCCCCCCCCCC(=O)N*,,,5.927
*CCCCCNC(=O)CCCCCC(=O)N*,,,5.9272
*CCCCCNC(=O)CCCCCCCCOCCCCCCCCC(=O)NCCCCCO*,,,5.9278
*CCCCCCCCCNC(=O)CCCCCCCC(=O)N*,,,5.928
*NC(CCC(=O)OC)C(*)=O,,,5.9283
*CCCCO*,,,5.9284
*CCCCCNC(=O)CCCCCCC(=O)N*,,,5.9286
*NC(CCC(*)=O)C(=O)O,,,5.9301
*CC1CCCC(CNC(=O)CCCCCCC(=O)N*)C1,,,5.9323
*CCCCCC(=O)NCCNC(=O)CCCCCOC(=O)CCCCC(=O)O*,,,5.9333
*CCCNC(=O)CCCCCCCCC(=O)NCCCOCCOCCO*,,,5.9339
*CCNC(=O)CCCCCCCCCCCCCCCCC(=O)N*,,,5.9348
*CC(=O)NCCCCCCNC(=O)COC(=O)CCCCCCC(=O)O*,,,5.9354
*CCCNC(=O)C(OC)C(OC)C(=O)N*,,,5.9354
*CCCCCCNC(=O)CCCCCC(=O)N*,,,5.936
*CCCCCCNC(=O)CCCC(=O)O*,,,5.9363
*CCCCCCNC(=O)C(CCCCCCCCCCCCCCC)C(=O)N*,,,5.9375
*CCOCCOC(=O)COCC(=O)O*,,,5.9381
*CCCCCCCCC(=O)NCCCCCOCCCCCNC(=O)CCCO*,,,5.9383
*CCCCCCCCCCCCCCNC(=O)CCCCCCCCCCC(=O)N*,,,5.9384
*CCN(*)C(=O)CO,,,5.9405
*CCCCCCCCCCNC(=O)NCCCCCCCCNC(=O)N*,,,5.9409
*CCCCCCC(=O)NCCCCCOCCCCCNC(=O)CCCO*,,,5.944
*CCCCCCCCNC(=O)C(CCCCCCCCCCCC)C(=O)N*,,,5.9457
*C1CCOC1*,,,5.9474
*CC#CCOC(=O)CCC(=O)O*,,,5.9483
*CCCCNC(=O)CCCCCCCCCCC(=O)N*,,,5.9492
*OC1C(CO)OC(*)C(NC(C)=O)C1O,,,5.9496
*COC1CC2CC(O*)C1C2,,,5.9517
*CCNC(=O)CCCCCCCCCCCCCCC(=O)N*,,,5.9522
*CCCCCCCCCCNC(=O)CCC(=O)N*,,,5.9532
*CCCCC(=O)NCCCCCCNC(=O)CCCO*,,,5.9543
*CCCCCCNC(=O)CCCCCCCCCCCCCCC(=O)N*,,,5.9557
*NC(CC(*)=O)C(=O)OCC,,,5.9557
*C1CC2C3CC4C(C3*)C24C1,,,5.9559
*CCCCCCCCCCNC(=O)CCCCCCCC(=O)N*,,,5.9559
*C=CCCCCCCC(Cl)CCCCCC*,,,5.9562
*CCCCCCCCCNC(=O)CCCCCC(=O)N*,,,5.9578
*CCCCOC(=O)SC(=O)O*,,,5.9582
*CC1CCC(CNC(=O)CCCCCCCCCCC(=O)N*)CC1,,,5.9594
*CCCCCCCCNC(=O)CCCCCCCCCCCCC(=O)N*,,,5.9612
*CCCCNC(=O)CCCCCCCCCC(=O)N*,,,5.9628
*C(=O)OCCOC(=O)N1CC(C)N(*)CC1C,,,5.9632
*OC1C(COC(C)=O)OC(*)C(OC(C)=O)C1OC(C)=O,,,5.9636
*NC(CC(*)=O)C(C)C,,,5.9638
*CCCCCCCCCCCCNC(=O)CCCCCCCCCCC(=O)N*,,,5.9644
*CCCCCCOC(=O)SC(=O)O*,,,5.9655
*CCCCC(=O)N*,,,5.9658
*OC1C(COCO)OC(*)C(O)C1O,,,5.9663
*C(=O)OCCCCCCOC(=O)N1CCN(*)CC1,,,5.9678
*CCCCCCCCCCCNC(=O)CCCCCCCCC(=O)N*,,,5.9682
*CCCCCCCCCCCCNC(=O)CCCCCCCCC(=O)N*,,,5.9688
*CCCCCCOCCCCCCOCCCCCO*,,,5.9688
*CCCCCCCCNC(=O)CCC(=O)N*,,,5.9696
*CCCCCCNC(=O)C(O)C(O)C(O)C(O)C(=O)N*,,,5.9698
*CCCN(*)C=O,,,5.9715
*CCCCC(Cl)(Cl)C(=O)N*,,,5.9727
*CCOCC(=O)NCCNC(=O)CO*,,,5.9751
*CC(C)CO*,,7.3501,5.976
*NC(COC(C)=O)C(*)=O,,,5.9781
*CCCCCCCCCNC(=O)CCCCCCCCCC(=O)N*,,,5.9794
*CCCCCCOC(=O)C(=O)O*,,,5.9794
*CCCCCCCCCCCCOC(=O)CC=CCC(=O)O*,,,5.9809
*OC(=O)CCCCCC(*)=O,,,5.9809
*CCCCCCC(=O)NCCCCCCNC(=O)CCCO*,,,5.9827
*CCNC(=O)CCCCCCCCC(=O)N*,,,5.9828
*C([CH3])([CH3])C(*)([CH3])C([CH3])=C([CH3])[CH3],,,5.9833
*CCCCCCCCC(=O)NCCCCCCNC(=O)CCCO*,,,5.9837
*CCCCCCCCCCC(=O)NCCCCCCNC(=O)CCCCO*,,,5.9843
*NNC(=O)CCCCCCCCCCCCCCCCC(*)=O,,,5.9847
*CCCCCC(=O)N*,,,5.9862
*CCCCNC(=O)NCCCCCCNC(=O)O*,,,5.9887
*CCCCCCCCCCCCCCCCCCCCCC(=O)N*,,,5.9891
*CCCCCCNC(=O)CCP(C)(=O)CCC(=O)N*,,,5.99
*CCCCCCNC(=O)CCCCCCCCCCCCCCCCCCCCC(=O)N*,,,5.992
*CC(CBr)(CBr)CO*,,,5.993
*OC(=O)CCCCCCCCC(*)=O,,,5.9944
*OC(C)C(*)=O,,,5.9945
*CC(OC)c1c(O)oc(O)c1*,,,5.9975
*NC(CCC(=O)OCCCCCCCC)C(*)=O,,,5.9976
*CCCCNC(=O)CC(=O)N*,,,5.9986
*CCCCCCCCCCNC(=O)CCCCCCC(=O)N*,,,5.9989
*CC=CCOC(=O)CCCCCCCCC(=O)O*,,,6.002
*CC1CCC(CNC(=O)CCCC(=O)N*)CC1,,,6.0036
*CCCCCCCCNC(=O)CC(=O)N*,,,6.004
*CCc1cc(O)n(*)c1O,,,6.0041
*CCCCCOC(=O)NC(=O)C1CC1C(=O)NC(=O)O*,,5.4301,6.0047
*CC1(C)CC(*)(C)C(=O)OC1=O,,,6.0049
*CCCCCCCCCCCNC(=O)CCCCCCCCCCC(=O)N*,,,6.009
*CCCCCCCCCCC(=O)N*,,,6.0098
*CC(C)(N=C=O)c1c(O)oc(O)c1*,,,6.0105
*CC(=O)NCC(=O)O*,,,6.011
*CCC(C)O*,,,6.0172
*CC(*)C(=O)NCCC,,,6.0177
*CC1CCCC(CC(=O)N*)C1,,,6.0189
*CCCCCCCCCCOC(=O)CC=CCC(=O)O*,,,6.0213
*CCCCCCCCCCC(=O)NCC(=O)N*,,,6.0226
*CCOCCOCCOCCOC(=O)NCCCCCCNC(=O)O*,,,6.0228
*CCCCCCCCCCCCCCCCC(=O)N*,,,6.0239
*CC(CS(=O)(=O)CCC)O*,,,6.0251
*CCCCCCNC(=O)CCCCCCCCC(=O)N*,,,6.0268
*CC(C)CCCCC(=O)N*,,,6.0272
*CCCCCCCCCCCCNC(=O)CCCCCCCCCCCCC(=O)N*,,,6.028
*CNC(=O)CCCCC(=O)N*,,,6.0289
*CCCCCCCCCCC(=O)NCCCCCCNC(=O)CCCO*,,,6.0291
*CCOCCOCCOC(=O)CCCCCCC(=O)O*,,6.184,6.0293
*CC(*)(C)C(=O)OC(C(F)(F)F)C(F)(F)F,,5.3218,6.0312
*CCCCCCNC(=O)C(CCCCCCCCCCCCCCCC)C(=O)N*,,,6.0328
*OC(COC(*)=O)COC(C)(C)C,,,6.0333
*CCCCCCCCCCCCCCCCOC(=O)CCC=CCCC(=O)O*,,,6.0336
*CC(*)OCCCl,,,6.0339
*CCCOC(=O)COCC(=O)O*,,,6.0368
*CCOCCOC(=O)NCCCCCCNC(=O)O*,,,6.0376
*OC1OC(*)C2CCCCC12,,,6.0383
*OC(*)CCCCC,,,6.039
*c1nnc(C2CC3(CC(*)C3)C2)o1,,,6.0399
*CCCCCCCC(=O)N*,,,6.0401
*CCCCNC(=O)CCCCCCCCCCCCCCC(=O)N*,,,6.0415
*CCCCCCC(=O)N*,-5.39,5.9361,6.0436
*CNC(=O)CCCCC(=O)NCC1COC(*)CO1,,,6.0452
*CCCCCCCCCCCCCCOC(=O)CCC=CCCC(=O)O*,,,6.0458
*CCCCCCNC(=O)NCCNC(=O)N*,,,6.0459
*NNC(=O)CCCCCCCCC(*)=O,,,6.0464
*CC1CC(*)OC(C)O1,,,6.0468
*CCCCC(C)CC(=O)N*,,,6.0469
*C(=O)N(*)CC,,,6.052
*OC1(O)CCCC(*)C1,,,6.0531
*CC(*)Br,,,6.0567
*CCNC(=O)CCP(C)(=O)CCC(=O)N*,,,6.0568
*OC1CCC(OC(=O)NCCNC(*)=O)CC1,,,6.0582
*CC(C)(CCCC)C(=O)N*,,,6.0622
*C1C2CC(C)C(C2)C1*,,6.7713,6.0638
*C(C)C(*)O,,7.9156,6.0639
*CC(C)C(=O)N*,,,6.0647
*OC(=O)CCCCCCC(*)=O,,,6.0659
*CC(*)C(=O)OCC=C,,,6.066
*CCOCCOCCOC(=O)COCC(=O)O*,,,6.0666
*CC(=O)NCCCCCCNC(=O)CO*,,,6.0674
*CCCCNC(=O)CCCCCCC(=O)N*,,,6.0697
*NC(C)C(*)=O,,,6.0729
*CCCCNC(=O)CCCCCCCCCCCCCCCCC(=O)N*,,,6.0758
*CC(*)C(=O)OC1CCCCC1,,,6.0771
*CC(*)C(=O)NCO,,,6.0779
*c1c(O)oc(O)c1C1C2CC(C(=O)OC3CCCCC3)C(C2)C1*,,,6.0803
*C=CC1CC(*)C(C#N)(CCC)C1,,5.8705,6.0806
*CC(*)(C)C(=O)OC1(C)CCOC(=O)C1,,5.9976,6.0808
*CC(=O)N*,-5.91,5.7289,6.0823
*CCCCCCCCCCCCCCCCCC(=O)N*,,,6.0841
*CCCCCCCCCCOC(=O)CCC=CCCC(=O)O*,,,6.0842
*CCCCCCOC(=O)NCCCNC(=O)O*,,6.5954,6.0865
*OC(CC)(CC)C(*)=O,,,6.0873
*CC(CC)(CC)C(=O)O*,,,6.089
*CCCCCCCCCCCCC(=O)N*,,,6.0892
*CCCC(C)CC(=O)N*,,,6.0894
*C1CCC1*,,6.5419,6.0897
*CC(CBr)(CBr)COC(=O)CCCCC(=O)O*,,,6.0899
*CC(=O)NCCCCCCNC(=O)COC(=O)CCCCC(=O)O*,,,6.0986
*CCCCCCCCCCCC(=O)N*,,,6.0986
*CCCCCCCCC(=O)N*,,,6.101
*CCCCOC(=O)NNC(=O)CCCCCCCCC(=O)NNC(=O)O*,,,6.1019
*CC#CCOC(=O)CCCCCCCCC(=O)O*,,,6.1042
*CONC(*)=O,-5.69,5.5012,6.1048
*NC(CC(C)C)C(*)=O,,,6.106
*NC(CC(*)=O)C(=O)OCCCCCC,,,6.1077
*CCOCCOCCOC(=O)C1CCC(C(=O)O*)CC1,,,6.1079
*CCOCCOCCOC(=O)CCCCCC(=O)O*,,5.5157,6.1082
*CC(CF)O*,,,6.1097
*NC(C)(CCC)CC(*)=O,,,6.1134
*CCOCCOCCOC(=O)CCCCS(=O)(=O)CCCCC(=O)O*,,,6.1148
*CCCCCCO*,,,6.1189
*NC(CC(*)=O)C(=O)OCC(C)C,,,6.1208
*CCCCOC(=O)NC1CCC(CC2CCC(NC(=O)O*)CC2)CC1,,,6.1232
*CCC(=O)NCC(=O)N*,,,6.1234
*CC(*)C(=O)OCC(C)C,,,6.1261
*OC(=O)CCC(=O)OC1COC2C(*)COC12,,,6.1275
*CCCCCCCCCC(=O)N*,,,6.1321
*CNC(=O)CCCCCCCCCCC(=O)N*,,,6.1331
*OC(*)CC,,,6.1349
*CCCCCCCCCO*,,,6.1351
*CCCCCCCCCCOCCCCCCCCCCOCCCCCCO*,,,6.1357
*CCCCCCCCCCCNC(=O)CCCCC(=O)N*,,,6.1376
*C=CC1CC(*)C(C#N)(CC)C1,,5.5315,6.1381
*CCCCCCCCOC(=O)NCCCCCCCCCCNC(=O)O*,,,6.1384
*CCCCCCCCCCOCCCCCCOCCCCCCO*,,,6.1402
*CCOC(=O)NCCOCCOCCNC(=O)O*,-5.52,6.4585,6.1403
*CCCCOC(=O)C(OC)C(OC)C(=O)O*,,,6.1422
*CCOCCOCCOC(=O)CCCCCCCCC(=O)O*,,,6.1436
*OC1CCCC(*)O1,,,6.1442
*NC(C)C(C)C(*)=O,,,6.1482
*CCCCCCCCCCCCCCOC(=O)CC=CCC(=O)O*,,,6.1489
*C1CC2CC1C(*)C2CCCC,,,6.1498
*NC(CC(*)=O)C(=O)OCCCC,,,6.151
*CCCCCCCCOC(=O)NCCCCCCNC(=O)O*,,,6.1519
*CC(*)(C)C(=O)OC(F)(C(F)(F)F)C(F)(F)F,,6.1125,6.1534
*NCCCNC(=O)NC(*)=O,-5.77,6.0227,6.155
*CC1CC(*)C(=O)OC1=O,,,6.1563
*CC(*)OC(=O)C(C)(C)C,,,6.1579
*OC(=O)CCCCCCCCCCCCCCCCC(*)=O,,,6.1592
*CC(CC)(CCl)CO*,,,6.1616
*OC(*)C=C,,,6.1637
*C=CC(C*)(C(F)(F)F)C(F)(F)F,,5.7329,6.1653
*CC(*)(F)C(=O)OCC(Cl)(Cl)Cl,,,6.1654
*OC(=O)CCCCC(*)=O,,,6.1659
*CCCCCCCCCCCC(=O)NCC(=O)N*,,,6.1662
*CCCCCc1nnc(*)o1,,,6.1707
*CCCCCCCCO*,,,6.1709
*CCC(C)CO*,,,6.1714
*CC(C)(C)COC(=O)NCCCC(CCNC(=O)O*)OC,,,6.1723
*CCCCCCCCCCOCCCCCCCCCCOCCCCO*,,,6.1738
*C1C2CCC(C2)C1*,,,6.1739
*CCCCCCNC(=O)C1CC1(C)C(=O)N*,,,6.1739
*CNC(=O)CCCCCCCCC(=O)N*,,,6.1742
*CNC(=O)CCCC(=O)N*,,,6.1798
*CCC(C)O[CH3](C)(C)O*,,,6.1806
*CCOC(=O)NCCCCCCNC(=O)O*,,,6.1814
*CCOC(=O)COCC(=O)O*,,,6.1826
*OC(C)CCC(C)OC(=O)CCCCCCCCC(*)=O,,,6.1872
*OC(*)CCC(=O)OC,,,6.1873
*CC(*)(C)C(=O)OCCC#N,,6.2508,6.1882
*OC(C=C)CC(*)=O,,,6.1885
*NC(C)(C)C(*)=O,,,6.1893
*CC(*)(C)C(=O)OCCO,,,6.1908
*CCCCCCCCCCCCOC(=O)NCCCCCCNC(=O)O*,,,6.1958
*CCOC(=O)NCCNC(=O)O*,,,6.1962
*CCCCCCCCOC(=O)CC=CCC(=O)O*,,,6.197
*OC(C)CCOC(=O)COCC(*)=O,,,6.1998
*C(=O)NC1CCCC(*)O1,,,6.2047
*CCOCCOC(=O)CCCCCCCCCCCCCCCCC(=O)O*,,,6.2057
*CCOCCOCCOC(=O)NCCCCCCNC(=O)O*,,,6.2098
*CCCCCOC(=O)NC1CC1NC(=O)O*,,,6.2104
*CCCC(C)O[CH3](C)(C)O*,,,6.2127
*CC(CBr)O*,,,6.2128
*OC(=O)CCS(=O)(=O)CCS(=O)(=O)CCC(*)=O,,,6.2137
*OC(COCCOC)COC(*)=O,,,6.2142
*CNC(=O)NCOCO*,-5.58,6.6011,6.2147
*NC(CCCCNC(*)=O)C(=O)OC,,,6.2157
*CCCCCCCCCOC(=O)NCCCCCCNC(=O)O*,,,6.2165
*CC(C)(COC(=O)NCCCCCCNC(=O)O*)C(=O)O,,,6.2179
*CC(C)C1COC2C(C(=O)OC(O)(C(F)(F)F)C(F)(F)C*)CC12,,,6.2241
*CCCCCCCCCCO*,,,6.2252
*CCOC(=O)NCCCCCCCCCCNC(=O)O*,,6.6421,6.2273
*CC1CC1COC(=O)NCCCCCCNC(=O)O*,,,6.2321
*CCOCCOCCOC(=O)CCC(=O)O*,,,6.2323
*CNCNC(=O)NC(=O)N*,-5.84,5.4,6.2347
*CCCOC(=O)NCCCCCCNC(=O)O*,,,6.2372
*CCOCCOC(=O)CC(=O)O*,,,6.2374
*OC(COCCCC)COC(*)=O,,,6.2375
*CCOC(=O)NCCCOCCCNC(=O)O*,,,6.238
*C([CH3])([CH3])C(*)([CH3])Cl,,,6.2382
*OC(C)COC(=O)COCC(*)=O,,,6.2412
*CCCCCCCCCCCCOC(=O)NCCCCCCCCCCNC(=O)O*,,,6.2416
*OC(=O)OC1CC2CC(*)CC(C1)O2,,,6.2425
*CC(*)(F)Cl,,,6.2438
*CCCCCCCCCCCCO*,,,6.2452
*CCCO*,-5.2,7.4889,6.2459
*OC(=O)OCCOCCOCCOCCOC(=O)OC1COC2C(*)COC12,,,6.2534
*NNC(=O)CCCCCCCC(=O)NNC(=O)CCCCCCCCC(*)=O,,,6.2535
*OC(C)(CC(*)=O)C(F)(F)F,,,6.2535
*CC(*)C(=O)OCC,,,6.2551
*OC(=O)CCCCCCCCCCCCC(*)=O,,5.2681,6.2591
*CCCNC(=O)O*,,,6.2603
*OC(=O)CCCCCCCC(*)=O,,,6.2617
*OC1CC(C)CC(*)O1,,,6.2631
*NOC(=O)O*,-5.77,5.0089,6.2663
*CCCCCCCOC(=O)NCCCCCCNC(=O)O*,,,6.2664
*CCCCCCCCCCOC(=O)NCCCCCCCCCCNC(=O)O*,,,6.2681
*C(C)C(*)C(=O)OC,,,6.2685
*CCCCCCCCCCCCCCCCCCCCOC(=O)CC(=O)O*,,,6.2688
*OC(C(*)=O)C(C)C,,,6.2703
*OC(=O)CCCCCCCCCCCC(*)=O,,,6.2745
*CC#CCOC(=O)CCCCCCC(=O)O*,,,6.2765
*COCC(C)O*,,,6.2765
*CCCCOC(=O)NCCNC(=O)O*,,,6.2788
*OC1CCC(NC(*)=O)CC1,,,6.28
*CC(*)C(=O)OCC(F)(F)C(F)(F)C(F)(F)C(F)(F)C(F)(F)C(F)(F)C(F)(F)F,,5.7185,6.2833
*CC(*)(C)C(=O)OCCOCC,,5.9514,6.2857
*CCCCCCCCCCOC(=O)C(O)C(O)C(=O)O*,,,6.2882
*OC(=O)CCS(=O)(=O)CCC(*)=O,,,6.2922
*CC(*)CO,,7.4192,6.2929
*OC(=O)CCCCCCCCCC(*)=O,,,6.2966
*OC(*)(C)C,,,6.2991
*OC(C)COC(=O)C1CCC(C(*)=O)CC1,,,6.3027
*O[CH3](C)(C)O[CH3](C)(C)O[CH3](C)(C)OC(C)CCC(*)C,,,6.3039
*CCCCOC(=O)NCCCCNC(=O)O*,,,6.3043
*CC(F)(F)C(F)(F)C(F)(F)C(F)(F)COC(=O)C(F)(F)C(F)(F)C(F)(F)C(F)(F)C(=O)O*,,,6.3052
*CCOCCOC(=O)NCCNC(=O)O*,,,6.3071
*CCCCOC(=O)NC1CC1NC(=O)O*,,,6.3078
*CC(*)C(=O)OCC(F)(F)C(F)(F)C(F)(F)C(F)(F)F,,6.4578,6.3101
*CCOC(=O)NCCCCCCCCCNC(=O)O*,,,6.3118
*CCCCCCCc1nnc(*)o1,,,6.3125
*COC1CCC(O*)CC1,,,6.3134
*CCC(*)O,,,6.3158
*CCOC(=O)NC1CCC(NC(=O)O*)CC1,,,6.3209
*CCCCCCOC(=O)NCCCCCCCCCCNC(=O)O*,,,6.321
*CCCCCCCc1nnc(CCCCc2nnc(*)o2)o1,,,6.3226
*CC(OC)C(C(=O)O)C(*)C(=O)O,,,6.3287
*CCCCCC(=O)NCCOC(=O)CCCCC(=O)O*,,,6.3289
*CC1(*)CCCCC1,,7.3387,6.3291
*NC1(F)CC(C(F)F)C(*)C(F)(F)C1F,,,6.3292
*CCCCCCCCCCCCCCCCOC(=O)NCCCCCCCCCCNC(=O)O*,,,6.3322
*CC(*)C(=O)OC(OCC)C(F)(F)F,,,6.3353
*CCCCOC(=O)CCCCCNC(=O)O*,,,6.3358
*CCOCCOCCOC(=O)CCCCCCCC(=O)O*,,,6.3362
*CC(*)C(N)=O,,6.3764,6.3386
*CCCCCCOC(=O)NCCCCCCNC(=O)O*,,,6.343
*CC(CCl)O*,,,6.3441
*CC(*)OC(=O)CCCCC,,,6.3448
*c1c(O)oc(O)c1*,,6.0081,6.3452
*CC(*)(C#N)C(=O)OCCCCCCC,,,6.3455
*OC1CCC(C2CCC(OC(=O)CCCCCCCCC(*)=O)CC2)CC1,,,6.3469
*CNC(=O)NCOC(=O)NCCCCCCNC(=O)O*,,,6.3471
*CC(*)(C)C(=O)OCC(F)(F)C(F)(F)C(F)(F)C(F)F,,,6.3477
*CCCCOC(=O)NCCCCCCNC(=O)O*,,,6.3532
*CCCCCCCCCCCCc1nnc(*)o1,,,6.356
*CC(*)C(=O)OC(C)CC(C)C,,,6.3605
*OC(=O)OCC(OC)C(COC(=O)OC1COC2C(*)COC12)OC,,,6.3606
*OC(CC(*)=O)C(Cl)Cl,,,6.3617
*CC(*)O,,7.5488,6.3648
*CNC(=O)CC(=O)N*,,,6.3692
*CCCCc1nnc(*)o1,,,6.3699
*CC(*)CCCC1CCCCC1,,7.5725,6.3703
*CCCCCCCCCCCCCCCc1nnc(*)o1,,,6.3716
*ON(C(F)(F)F)C(F)(Br)C(*)(F)F,,,6.3719
*CC(=O)OC(*)=O,-6.3,5.9215,6.3725
*CC(C)CNC(=O)O*,,,6.3739
*CCCCCNC(=O)O*,,,6.3761
*OC(CC)C(*)=O,,,6.3762
*CCCCCCCCc1nnc(*)o1,,,6.3765
*CC(F)(F)C(F)(F)C(F)(F)COC(=O)NCCCCCCNC(=O)O*,,,6.3766
*CC(*)(Cl)C(=O)OCC,,,6.3834
*CCCCOC(=O)C1CCC(C(=O)O*)CC1,,6.5835,6.3839
*CCOCCOCCOC(=O)CCCCC(=O)O*,,,6.384
*C([CH3])([CH3])C(*)(C(=O)OC([CH3])([CH3])C([CH3])([CH3])[CH3])C([CH3])([CH3])[CH3],,,6.3862
*CC(*)(C)C(=O)OC(CC)OCC,,,6.3891
*CCCCCCCCCCCCCCCCCCCCOC(=O)COCC(=O)O*,,,6.3895
*CCCCCCOC(=O)NCCCCNC(=O)O*,,,6.3921
*CCCCCCCCCCc1nnc(*)o1,,,6.3926
*CC#CCOC(=O)NCCCCCCNC(=O)O*,,,6.3946
*OC(=O)OCC(O)C(O)COC(=O)OC1COC2C(*)COC12,,,6.3954
*CC1CC(*)OC(CCC)O1,,,6.3958
*CCCCNC(=O)O*,,,6.3968
*CCCCCOC(=O)CCCCCNC(=O)O*,,,6.3976
*CC(*)(C)C(=O)OCC(F)(F)C(F)F,,5.3983,6.3988
*CCOCCOC(=O)C(CCCCCCC)C(=O)O*,,,6.4036
*OC(CC)CC(*)=O,,,6.4081
*CCOC(=O)NCCC(C)NC(=O)O*,,,6.4089
*CCCCCOC(=O)NCCCCCCNC(=O)O*,,,6.4123
*CCCCCCCCCCOC(=O)CCCCS(=O)(=O)CCCCC(=O)O*,,,6.4132
*CC(*)(C)C(=O)OCC,,6.2424,6.4148
*CC(*)C(=O)OC(C)C,,6.455,6.4162
*CC(*)C(=O)OCCO,,,6.417
*CC(*)OC(=O)C(F)(F)C(F)(F)C(F)(F)F,,6.0228,6.4207
*CC(COC(F)(C(F)(F)F)C(F)(F)F)O*,,,6.4208
*CC(F)(F)C(F)(F)COC(=O)NCCCCCCNC(=O)O*,,,6.4212
*CCCCCCOC(=O)CCCCCNC(=O)O*,,,6.4222
*CC(*)OC(=O)CCC#N,,,6.425
*OC1CCC(OC(=O)CCC(*)=O)CC1,,,6.4253
*CCOCCOC(=O)CCCC(=O)O*,,,6.4269
*CC1CCC(COCO*)CC1,,,6.4282
*CC(*)(F)C(=O)OCC(F)(F)C(F)(F)C(F)(F)C(F)(F)C(F)(F)C(F)F,,,6.4283
*CCOCCOC(=O)CCC(C)CC(=O)O*,,,6.43
*CC(*)C(=O)OCCC#N,,,6.4368
*CC(F)(F)C(F)(F)C(F)(F)C(F)(F)COC(=O)NCCCCCCNC(=O)O*,,,6.4368
*OC(C)CC(*)=O,,,6.4371
*CCOCCOC(=O)C(C)C(=O)O*,,,6.4398
*CC(CS(=O)(=O)CCCCC)O*,,,6.4419
*C(*)O,,,6.4482
*CC(C)(C)COC(=O)CCC(=O)O*,,,6.4486
*OC(C)CCC(C)OC(=O)CCCCC(*)=O,,,6.4506
*CC(*)(C)C(=O)OCCCCCC,,,6.4509
*CCCCCCCCCCOCO*,,,6.4569
*OC1CCC(OC(=O)CCCCCCCCC(*)=O)CC1,,,6.4612
*CCC1CC(*)C2C3CC(C12)C(C)(C(=O)OC)C3,,,6.4636
*CCCCCCCCC(=O)O*,,,6.4657
*OC(CC(*)=O)C(C)(Cl)Cl,,,6.4677
*CCCCCCCCCOCO*,,,6.4692
*CC(*)(F)C(=O)OCC(F)(F)C(F)(F)F,,,6.4706
*CC(*)OC(=O)C(F)(F)C(F)(F)C(F)(F)C(F)(F)F,,,6.4713
*COC(=O)OCC1OC(OCC)(OCC)OC1*,,,6.474
*OC(=O)C1CCC(C(=O)OC2COC3C(*)COC23)CC1,,,6.4746
*CC(CO*)(COC=O)COC=O,,,6.4753
*OC1CCC(C2CCC(OC(=O)CCCCCCCCCCCC(*)=O)CC2)CC1,,,6.4758
*CCCCCCCCCCCCOC(=O)CCCCCCCCCCCCC(=O)O*,,,6.4766
*CC(*)C(=O)OCCCCC,,,6.4787
*CC1CC(*)CC(O)C1,,,6.4795
*CONO*,-5.08,5.9349,6.4799
*OC(=O)OCCOCCOCCOC(=O)OC1COC2C(*)COC12,,,6.4799
*CCCCOCO*,,,6.4832
*OC1CCC(C2CCC(OC(=O)CCCCCCCCCCC(*)=O)CC2)CC1,,,6.4832
*CCCCCCCCCCCCCCCCCCCCOC(=O)C1CCC(C(=O)O*)CC1,,,6.484
*CC(CCl)(CO*)COC(C)=O,,,6.4853
*CC(*)C(=O)OCF,,6.1736,6.4866
*CC(*)(C#N)C(=O)OC(C)C,,5.8301,6.4883
*CC(*)C(=O)OC(CC)CC,,6.2722,6.4889
*CC(*)C1CCCCC1C,,,6.4889
*CC(C#N)(C#N)C(C#N)C(C#N)(C#N)C(C#N)C(C#N)(C#N)C(C#N)C(*)(C#N)C#N,,5.9056,6.4897
*OC1CCC(C2CCC(OC(=O)CCCCCCCCCC(*)=O)CC2)CC1,,,6.4908
*CCCOCCCOC(=O)CCCCCCCCC(=O)O*,,,6.4909
*CC(C)(C)COC(=O)NCCNC(=O)O*,,,6.4914
*CCOCCOC(=O)CCCCCCCCC(=O)O*,,,6.493
*CCOCCOC(=O)C(CCC)C(=O)O*,,,6.4978
*OC1C(C)(C)C(OC(=O)C2CCC(C(*)=O)CC2)C1(C)C,,,6.4982
*OC(=O)CCCCCCCCCCC(*)=O,,,6.499
*CCCS(=O)(=O)CCCCS(=O)(=O)CCCOC(=O)O*,,,6.4999
*CC(CC)(CC)COC(=O)CCC(=O)O*,,,6.5001
*CCOCCOC(=O)CCCCCC(=O)O*,,,6.5004
*CCCCCCOC(=O)CCCCCC(=O)O*,,,6.502
*OC(C)CCCCC(*)=O,,,6.5026
*CCCCCCOC(=O)CCCCS(=O)(=O)CCCCC(=O)O*,,,6.5053
*CC(*)C(=O)OCCCCCCCCCCCCCC,,,6.5079
*CCOCCOC(=O)CCCCCCCC(=O)O*,,,6.5091
*OC1C(C)(C)C(OC(*)=O)C1(C)C,,6.9495,6.5093
*CCCCCCCCCCCCCCCCCCCCOC(=O)CCCCCCCC(=O)O*,,,6.5108
*OC(C)COC(=O)CCCCCCC(*)=O,,,6.5111
*CCCOC(=O)CCCCCCCCCCC(=O)O*,,6.3683,6.5126
*CC(*)(C)C(=O)OCCC1CCCCC1,,6.5993,6.5132
*OC(=O)CCCCCCCCC(=O)OC1COC2C(*)COC12,,,6.5166
*CCOCCOC(=O)CCCCS(=O)(=O)CCCCC(=O)O*,,5.7504,6.5167
*CC(*)CC,,7.9012,6.517
*CC(*)(C#N)C(=O)OCC,,6.1989,6.5171
*C([CH3])([CH3])C(*)([CH3])C([CH3])([CH3])[CH3],,,6.5181
*CCCCCOC(=O)CC(=O)O*,,6.4679,6.5183
*OC(CC(C)C)C(*)=O,,5.8529,6.5186
*CC(O)CO*,,,6.5192
*CC(*)C,-5.14,7.6997,6.5196
*CCCCCCC(=O)O*,,,6.5222
*CC(O*)C1CC(F)(F)C1(F)F,,,6.5249
*OC(COC(F)(C(F)(F)F)C(F)(F)F)C(*)COC(F)(C(F)(F)F)C(F)(F)F,,,6.5255
*CC(*)(F)C(=O)OCCC,,,6.5259
*CCCC(*)(C)Cl,,,6.5311
*NCNC(=O)OC(=O)NC(*)=O,-6.22,5.4649,6.5319
*CC(*)OC(=O)CC1CCCC1,,6.4741,6.5327
*CC(C#N)(C#N)C(C#N)C(C#N)(C#N)C(C#N)C(*)(C#N)C#N,,6.2667,6.533
*C1CC(*)OC(O)O1,,,6.5343
*OC(C)CCOC(=O)CCC(*)=O,,,6.5372
*CCOC(=O)CCC(=O)O*,,,6.5377
*CCCC(C)CCC(=O)O*,,,6.54
*CC#CCOC(=O)CCCCCCCCCCC(=O)O*,,,6.5433
*CC(*)(C)C(=O)OCC(F)(F)F,,,6.5436
*CCCCOC(=O)CCCCS(=O)(=O)CCCCC(=O)O*,,,6.544
*CC(*)OC(=O)CC,,,6.5454
*OC(CCCCC)CC(*)=O,,,6.5462
*CCC(Cl)C(*)Cl,,6.4523,6.5471
*CCCCCCCCCCOC(=O)CCCCC(=O)O*,,6.718,6.5494
*CC(CCl)(CCl)C(=O)O*,,6.1969,6.551
*CC1CC1COC(=O)NC1CC1NC(=O)O*,,,6.5515
*CC(*)C(=O)OCC(F)(F)C(F)(F)OC(F)(F)F,,,6.5517
*CCOCCOC(=O)CCC(=O)O*,,,6.5538
*OC(*)C(Cl)Cl,,,6.5565
*OC(*)CCC#N,,6.9611,6.5576
*CC(OC(C)=O)C(COC(=O)O*)OC(C)=O,,,6.5585
*CC(*)(Cl)C#N,,5.8652,6.5592
*CC(F)(F)C(F)(F)C(F)(F)COC(=O)C(F)(F)C(F)(F)C(F)(F)C(F)(F)C(=O)O*,,,6.5652
*CCCCCOCO*,-5.2,6.8354,6.5668
*CCCCCCCCCCCCCCCCCCCCOC(=O)CCCC(=O)O*,,,6.5682
*C(C#N)C(*)(C#N)C#N,,5.8992,6.5693
*COCOCCCO*,-5.22,7.1737,6.5721
*CCCCCCCCCCOC(=O)C1CCC(C(=O)O*)CC1,,,6.5731
*CCCCCCCCCCOC(=O)CC(C)C(=O)O*,,,6.5777
*CCOC(=O)C(=O)O*,,,6.5784
*CCCCCOC(=O)NCC(F)(F)C(F)(F)C(F)(F)C(F)(F)CNC(=O)O*,,,6.5795
*OC(C)CCOC(=O)CCCCCC(*)=O,,,6.5798
*CCCCCCOC(=O)C1CCC(C(=O)O*)CC1,,,6.5806
*CCOC(=O)C1CCC(C(=O)O*)CC1,,6.4481,6.5843
*CC(C)(C)COC(=O)CCCCCCCC(=O)O*,,,6.5848
*CCC(C)C(*)(C)C(=O)OC,,,6.5856
*CC(*)OC(=O)OCC(Cl)(Cl)Cl,,,6.5923
*OC(C)CCOC(=O)CCCC(*)=O,,,6.5929
*CC1CCC(COC(=O)CCC(=O)O*)CC1,,,6.5939
*CC(*)(C)C(=O)OC,,,6.5972
*CC1CC(*)OCO1,,,6.5995
*CCCCCCCCCCCCCCCCCCCCCCOC(=O)CCC(=O)O*,,,6.6006
*CCCOC(=O)CCCCCCCC(=O)O*,,,6.6032
*CC(*)(F)C(=O)OCCC(F)(F)C(F)(F)C(F)(F)C(F)(F)C(F)(F)C(F)(F)C(F)(F)C(F)(F)F,,5.7714,6.6046
*CO*,-5.32,8.7732,6.6048
*OC(C)COC(=O)CCCCCCCC(*)=O,,,6.6084
*OC(=O)OCCCCOC(=O)OC1COC2C(*)COC12,,,6.6085
*CCCCCCCCCCOC(=O)CCCCCCCCCCCCCCCCC(=O)O*,,6.0542,6.6124
*CC(C)(C)COC(=O)C1CCC(C(=O)O*)CC1,,,6.6144
*CC(*)(C#N)C(=O)OCC(C)C,,,6.6162
*CCCCCCCCCCCCCCOCO*,,,6.6169
*COC(=O)OC1C(*)OC2OC(C)(C)OC21,,,6.6177
*CC(*)(F)C(=O)OCCC(F)(F)C(F)(F)C(F)(F)C(F)(F)F,,,6.6184
*OC(=O)OCCCCCCOC(=O)OC1COC2C(*)COC12,,,6.6217
*OC(*)CCCC,,,6.6222
*OC(=O)OCC1OC(C)(C)OC1COC(=O)OC1COC2C(*)COC12,,,6.6226
*OC(C)CCOC(=O)CCCCC(*)=O,,,6.6227
*CCCCC(=O)O*,,,6.623
*O[CH3](C)(C)O[CH3](C)(C)OC(C)CCCCC(*)C,,,6.6242
*CCCOC(=O)CC(=O)O*,,,6.6256
*CC(C)(CC)C(=O)O*,,,6.6259
*CC(*)OC(=O)C(F)(F)C(F)(F)F,,,6.6309
*CC1CCC(COC(=O)CCCCCC(=O)O*)CC1,,,6.6349
*OC(*)CCC,,,6.6355
*CCOCO*,,,6.6358
*CCC(C(=O)OC)C(*)C(=O)OC,,6.3252,6.6384
*CCCCCCCCCCCCCCCCOC(=O)CCCCCCCCC(=O)O*,,,6.641
*CCOCCOC(=O)C1CCC(C(=O)O*)CC1,,,6.6414
*CCCCCCCC(=O)OCC1COC(*)O1,,,6.6417
*CCCCCCCC(=O)OC1COC(*)OC1,,,6.6422
*CC(F)(F)C(F)(F)C(F)(F)COC(=O)CCCCC(=O)O*,,6.2672,6.6433
*OC1CCC(OC(=O)CCCCCCC(*)=O)CC1,,,6.6443
*OC(C)COC(=O)CCCCS(=O)(=O)CCCCC(*)=O,,6.4017,6.649
*CCC1CC(*)C2C3CC(CC)C(C3)C12,,7.528,6.6502
*CCCCCCCCCCCCCCOC(=O)CCCCC(=O)O*,,,6.651
*COC(=O)OCC1OC(C)(C)OC1*,,,6.6512
*OC(=O)OCCCCCCCCOC(=O)OC1COC2C(*)COC12,,,6.6539
*CC(F)(F)C(F)(F)C(F)(F)COC(=O)CC(CC(=O)O*)C(F)(F)C(F)(F)C(F)(F)F,,,6.6602
*CCCCCCCC(=O)O*,,,6.6609
*CCCCCC(=O)O*,-5.44,7.0558,6.6614
*CC(C)(C)C(=O)O*,,,6.6633
*CC1CCC(COC(=O)C2CCC(C(=O)O*)CC2)CC1,,6.4924,6.6637
*CCCCCCOC(=O)CCCC(=O)O*,,,6.6665
*OC(C)CCOC(=O)CCCCS(=O)(=O)CCCCC(*)=O,,6.2709,6.6674
*CCCCCCCCCCCCOC(=O)CCCCCCCCCCC(=O)O*,,,6.669
*CC(CCCC)(CCCC)C(=O)O*,,,6.671
*CCOC(=O)CCC(C)CC(=O)O*,,,6.6742
*C1CCC(*)C1,,,6.6766
*CCC(C)C(*)C,,,6.6781
*CCCCOC(=O)CCC(C)CC(=O)O*,,,6.6786
*OC(C)CCOC(=O)CCCCCCCC(*)=O,,,6.6793
*CCCCCCCCCCOC(=O)CCCCCCCC(=O)O*,,,6.6816
*CCCCOC(=O)COCC(=O)O*,,,6.6832
*CCCCCCCCCC(=O)O*,,,6.6843
*OC(C)COC(=O)CCCCCC(*)=O,,,6.6845
*OC(C)CCCC(C)C(*)=O,,,6.6886
*CC(C)(C)COC(=O)CCCCC(=O)O*,,6.5878,6.692
*CCCCOC(=O)CC(=O)O*,,,6.6946
*CC(C)(C)COC(=O)CCCCCCCCC(=O)O*,,,6.6996
*CC(CCl)(CBr)COC(=O)CCCCC(=O)O*,,,6.6998
*CCOC(=O)CCCCS(=O)(=O)CCCCC(=O)O*,,,6.7001
*CC(*)C(=O)OCC(F)(F)F,,,6.7005
*CCC(C)CCOC(=O)CCCCC(=O)O*,,,6.7005
*CCCCCOC(=O)CCC(C)CC(=O)O*,,,6.7005
*ON(C(F)(F)C(*)(F)F)C(F)(F)C(F)(F)Br,,,6.7014
*CCCCCCCCCCCCCCOC(=O)CCCCCCC(=O)O*,,,6.7022
*CCCOC(=O)C1CCC(C(=O)O*)CC1,,,6.703
*OC1CCCCC1OC(*)=O,,,6.7044
*OC1CCC(OC(=O)CCCCC(*)=O)CC1,,,6.706
*CCCCCCOC(=O)CCC(=O)O*,,,6.7086
*OC(C)COC(=O)CCCCC(*)=O,,6.5974,6.7094
*CCCCCCCCCCOC(=O)CCCCCCCCC(=O)O*,,,6.7107
*CC(*)(F)C(=O)OCC(F)(F)C(F)(F)C(F)(F)C(F)(F)C(F)(F)C(F)(F)C(F)(F)C(F)(F)F,,,6.7134
*CC(C)(C)COC(=O)CC(=O)O*,,,6.7138
*CCCCCCCCCCCCCCCCOC(=O)CCCCC(=O)O*,,,6.7152
*CCCCCCCCCCOC(=O)CCC(=O)O*,,6.6201,6.7167
*CC1CCC(COC(=O)CCCCCCCCCCC(=O)O*)CC1,,,6.723
*CCCOC(=O)CCCCC(=O)O*,,,6.7235
*CCCCCCCCCCCCCCCCCCOCO*,,,6.7236
*CC(*)(F)C(=O)OCC,,,6.7238
*CCOC(=O)CCCCC(=O)O*,-5.59,6.7769,6.7259
*CC(C)(C)COC(=O)CCCCCCC(=O)O*,,,6.7281
*CCCCCCCCCCOC(=O)CCCC(=O)O*,,,6.7292
*CCC(C)(C)CC(C)COC(=O)CCCCC(=O)O*,,,6.7293
*CC1CCC(COC(=O)CCCC(=O)O*)CC1,,,6.7305
*OC(=O)OCCOCCOC(=O)OC1COC2C(*)COC12,,6.5378,6.7329
*CC(*)CCC,,7.2705,6.7336
*OC(CC(*)=O)C(C)C,,,6.7353
*CC(C)C(=O)O*,,6.5897,6.7365
*CC(*)(F)C(=O)OCC(F)(F)C(F)(F)C(F)(F)F,,6.2862,6.7366
*CC(*)(C#N)C(=O)OC,,,6.7385
*CCCCCCCCCCCCC(=O)O*,,,6.7386
*CCCCCCCCCCCCCCCCCCCCOC(=O)CCCCCC(=O)O*,,,6.7391
*CC(*)CC(C)C,,,6.7394
*ON(C(F)(F)F)C(F)(Cl)C(*)(F)F,,6.6835,6.7405
*CCCCCCOCO*,,,6.7419
*OC(C)CCOC(=O)CCCCCCCCCCC(*)=O,,,6.742
*CCCCCCCCCCCCCCCCCCCCOC(=O)CCCCCCC(=O)O*,,,6.7452
*CCCCCCCCCCCCCCCCCCCCOC(=O)CCC(C)CC(=O)O*,,,6.748
*C1CCC2C(*)CCC12,,,6.7514
*OC(C)COC(=O)CCCC(*)=O,,,6.7519
*CCCCCCCCOC(=O)CCCCCCC(=O)O*,,,6.7527
*OC(CCCCCC)CC(*)=O,,,6.7534
*CCOCCOC(=O)O*,-5.52,6.6617,6.7562
*CC(O*)C(F)(F)F,-5.24,7.4158,6.7566
*OC(CC(*)=O)C1CO1,,6.1493,6.757
*CCCCCCCCCCOC(=O)CC(C)(C)CC(=O)O*,,,6.7584
*C(*)F,,,6.7608
*CCC(Cl)C(*)C,,,6.7613
*CCCOC(=O)CCCC(=O)O*,,,6.7627
*OC(C)CCOC(=O)CCCCCCCCC(*)=O,,,6.7657
*CC1CCC(COC(=O)CCCCCCCCC(=O)O*)CC1,,,6.7673
*CCCCCCCCCCOC(=O)CCCCCCC(=O)O*,,,6.7689
*CCCC(=O)O*,,,6.7691
*CCCCCCOC(=O)NCC(F)(F)C(F)(F)C(F)(F)C(F)(F)CNC(=O)O*,,,6.7703
*CCCCCCCCCCOC(=O)CCCCCC(=O)O*,,,6.771
*CCCCCC(*)CC,,,6.7743
*CCOCCOC(=O)CCCCCCC(=O)O*,,,6.7743
*CCCOC(=O)CCCCCCCCCC(=O)O*,,,6.7744
*CC1CCC(COC(=O)CCCCC(=O)O*)CC1,,,6.7775
*CCCCCCCCCCCCCCCC(=O)O*,,,6.7798
*CC(C)(CCC)C(=O)O*,,,6.7802
*CCC1CC(*)C2CCCC12,,7.4997,6.7838
*CCCCCCCCCCCCCC(=O)O*,,,6.7839
*CC(*)C(=O)OCC(F)(F)C(F)(F)C(F)(F)F,,,6.784
*CCCCCCCCCCCCCCCCCCCCOC(=O)CCCCCCCCC(=O)O*,,,6.784
*CC(*)OC(=O)C(F)(F)F,,,6.7842
*CC(*)C(=O)O,,6.1071,6.7889
*CC(C)(CC)COC(=O)CCCCCCCCC(=O)O*,,,6.7916
*CCCCCCCCCCCC(=O)O*,,6.8377,6.7916
*CCCOC(=O)CCC(C)CC(=O)O*,,,6.7963
*CCCCCCCCCCCCCCCCCCCCOC(=O)CCC(=O)O*,,,6.7992
*CC(*)(F)C(=O)OC,,,6.8022
*CCCCCCOC(=O)CCCCCCCC(=O)O*,,,6.8043
*CCOC(=O)CCCCCCCCC(=O)O*,,,6.8048
*CCCOC(=O)CCC(=O)O*,,,6.805
*C1CC(*)(C#N)C1,,,6.8104
*CNC(=O)ONC(=O)NO*,-5.82,5.9707,6.8117
*OC(=O)OCCCCCCCCCCOC(=O)OC1COC2C(*)COC12,,6.1689,6.8143
*CCCCCCCOC(=O)CCCCCCCCC(=O)O*,,,6.8159
*CCCCOC(=O)CCCCCCCCC(=O)O*,,,6.818
*CCCCCCCCCCOC(=O)CCCCCCCCCCC(=O)O*,,,6.8187
*CCCCCCCCCCCCOC(=O)CCCCC(=O)O*,,,6.8209
*CCOCCC(=O)O*,,,6.821
*CCCCCCCCOC(=O)CCCCC(=O)O*,,,6.8225
*CCCCOC(=O)CCCCC(=O)O*,,,6.8238
*CCCCCCCCCCCCCCCCOC(=O)CCCCCCC(=O)O*,,,6.8244
*CCC(C)CC(=O)O*,,6.7489,6.826
*CC1CCC(COC(=O)CCCCCCC(=O)O*)CC1,,,6.828
*CCCCCCOC(=O)CCC(C)CC(=O)O*,,,6.8321
*CC(CCl)(CCl)COC(=O)CCCCC(=O)O*,,,6.8357
*CCCOC(=O)CCCCCCCCC(=O)O*,,,6.8385
*CCC([CH3])C(*)([CH3])C,,,6.8414
*CCCCCCCCCCCCCCCCCCCCOC(=O)CCCCC(=O)O*,,,6.8416
*ON(C(F)(F)F)C(F)(C(*)(F)F)C(F)(F)F,,7.0955,6.8426
*CC(C)(C)CS(=O)(=O)CC(C)(C)COC(=O)O*,,,6.8436
*NCC(F)(F)C(*)(F)F,-5.24,7.8675,6.8454
*CCCCCCCCCCC(=O)O*,,,6.8465
*OC1C(O)C(*)OC(CO)C1O,,,6.8487
*CCOC(=O)CC(=O)O*,,,6.8494
*CC(*)C(=O)OCC(F)(F)C(F)C(F)(F)F,,,6.8499
*CC(*)OC(C)=O,,5.9373,6.8523
*CC1CCC(COC(=O)CCCCCCCC(=O)O*)CC1,,,6.8523
*CC(*)(CF)C(=O)OC,,,6.854
*CC(*)OC(=O)CCC,,,6.8545
*CCCCCCOC(=O)CCCCCCCCC(=O)O*,,,6.8548
*COC(=O)OCC1OC(OCC)OC1*,,,6.8573
*CCCC(Cl)C(*)Cl,,,6.8622
*OC(CCl)CC(*)=O,,,6.865
*CC1CCC(COC(=O)O*)CC1,,,6.8655
*OC(C)CCOC(=O)CC(*)=O,,,6.8752
*CCCCCCC(Cl)C(*)Cl,,6.7965,6.8762
*OC(C)COC(=O)CCC(*)=O,,,6.8804
*CCOC(=O)CCCCCC(=O)O*,,,6.8822
*CC(F)(F)C(F)(F)C(F)(F)C(F)(F)COC(=O)NCC(F)(F)C(F)(F)C(F)(F)C(F)(F)CNC(=O)O*,,,6.8832
*CC(*)(F)C(=O)OCC(F)(F)C(F)F,,,6.8862
*NOC(F)(F)C(*)(F)F,-5.15,6.3342,6.8893
*CC(F)(F)C(F)(F)C(F)(F)COC(=O)CCCC(=O)O*,,5.7563,6.894
*CCCCCOC(=O)CCCCC(=O)O*,,,6.8948
*CCCCCC(*)CCCCCCCCCCCCCC,,,6.895
*CC(F)(F)C(F)(F)C(F)(F)COC(=O)NCC(F)(F)C(F)(F)C(F)(F)C(F)(F)CNC(=O)O*,,6.4326,6.897
*C*,,,6.8972
*OC(=O)OC1COC2C(*)COC12,,6.6786,6.8979
*OC(*)C,,,6.9003
*CCOC(=O)CCCCCCC(=O)O*,-5.5,6.8383,6.9025
*CC(*)C(=O)OCC(F)(F)C(F)(F)OC(F)(F)C(F)(F)C(F)(F)C(F)(F)F,,6.0236,6.9089
*CCCOC(=O)CCCCCCCCCCCCCCCCC(=O)O*,,,6.9154
*CC(CCl)(CCl)COC(=O)CCCCCCCCC(=O)O*,,,6.9205
*CCCOC(=O)CCCCCCC(=O)O*,,6.4907,6.9244
*CCCCCOC(=O)CCCCS(=O)(=O)CCCCC(=O)O*,,,6.9262
*CC(C#N)(C#N)CC(C#N)(C#N)C(C#N)C(*)(C#N)C#N,,6.5308,6.9307
*CCCCOC(=O)NCC(F)(F)C(F)(F)C(F)(F)C(F)(F)CNC(=O)O*,,,6.932
*OC(C)COC(=O)CCCCCCCCC(*)=O,,,6.952
*CC(F)(F)C(F)(F)C(F)(F)C(F)(F)COC(=O)CC(CC(=O)O*)C(F)(F)C(F)(F)C(F)(F)F,,,6.9563
*CC(C#N)(C#N)CC(C#N)(C#N)CC(C#N)(C#N)C(C#N)C(*)(C#N)C#N,,6.4504,6.9588
*CCCCCCCCCCOC(=O)CC(=O)O*,,,6.9598
*CC(*)OC=O,,,6.9603
*CC1CCC(*)C1,,7.9703,6.9613
*OCCCCONC(*)=O,-5.44,5.6793,6.9613
*CC(O)C(O)COC(=O)O*,,,6.9702
*CCCCCCCCCCCCCCC(=O)O*,,,6.9774
*CCCC(*)Cl,,,6.9806
*CCCCCCCCC(Cl)C(*)Cl,,,6.9929
*CCCCCCCCC(*)Cl,,6.86,6.9974
*OC1CCC(OC(=O)OCCCCOC(*)=O)CC1,,,7.0064
*CC(F)(F)C(F)(F)C(F)(F)C(F)(F)COC(=O)CCCC(=O)O*,,,7.0209
*CCCCOC(=O)OCC1CCC(COC(=O)O*)CC1,,,7.0222
*CCC(=O)O*,-5.73,6.684,7.0337
*OC1CCC(OC(=O)OCCCCCOC(*)=O)CC1,,6.0614,7.0367
*CCCCCCOC(=O)CC(=O)O*,,,7.0433
*CC(=O)O*,-6,6.5712,7.0895
*CC(*)Cl,,,7.0905
*CC(OC=O)C(COC(=O)O*)OC=O,,,7.0946
*CCCC(*)C,,,7.1052
*OC1CCC(OC(=O)OCCCCCCOC(*)=O)CC1,,7.0127,7.1086
*CCC1CCC(*)C1,,7.9915,7.1099
*CC(C#N)(C#N)C(C#N)C(*)(C#N)C#N,,6.2447,7.111
*C(F)(F)C1(F)C(F)(F)C(*)(F)C1(F)F,,,7.1313
*CCCCCCCCCCCCCCCCCCCCC(*)Cl,,,7.136
*OC(C)COC(*)=O,,,7.1412
*C([CH3])([CH3])C(*)(F)F,,,7.1497
*CC(*)(F)F,-5.21,,7.1498
*CC(Cl)C(Cl)C(*)Cl,,,7.1649
*NC(F)(F)CC(*)(F)F,-5.26,8.287,7.1667
*ON(C(F)(F)F)C(F)(F)C(*)(F)F,,,7.1742
*CC(OC(=O)OCC)C(COC(=O)O*)OC(=O)OCC,,,7.1757
*OC1CCC(OC(*)=O)CC1,,,7.1786
*CCCCCC(*)C,,,7.1803
*CCCOC(=O)O*,,,7.1953
*OC1CCC(OC(=O)OCCCCCCCOC(*)=O)CC1,,,7.2009
*CC(F)(F)C(F)(F)COC(=O)NCC(F)(F)C(F)(F)C(F)(F)C(F)(F)CNC(=O)O*,,,7.202
*C(*)(F)F,,,7.2027
*C(F)(F)C1(F)C(F)(F)C(*)(F)C(F)(F)C1(F)F,,6.9544,7.2142
*CCCCCCCCCCC(Cl)C(*)Cl,,,7.2165
*CCCCCCCCCCOC(=O)O*,,,7.22
*CCCCCCCCCCCCCCC(*)Cl,,,7.2258
*C(F)(F)C1(F)C(F)(F)C(*)(F)C(F)(F)C(F)(Cl)C1(F)F,,,7.2365
*OC(*)CCl,,,7.2522
*OC1(F)CC(C(*)C)C1C(F)(F)C1(F)CC1,,,7.2672
*CCCCOC(=O)O*,,,7.3079
*CCCCCOC(=O)O*,-5.46,7.123,7.3186
*CCCCCCCCOC(=O)O*,,,7.3252
*CC(C)(C)COC(=O)O*,,,7.3547
*CCCCCCOC(=O)O*,,,7.3901
*CC(*)(C#N)C#N,,6.9314,7.4098
*C1OCOC(C(*)(F)F)C1(F)F,,,7.41
*C(F)(F)C1(F)C(F)(F)C(*)(F)C(F)(F)C(F)(F)C(F)(F)C1(F)F,,7.543,7.4251
*CC(*)OC(=O)OCC(F)(F)F,,7.9003,7.5359
*CCOC(=O)O*,,,7.5976
*CCC(O*)(C(F)(F)F)C(F)(F)F,-5.18,8.3878,7.6175
*CC(*)F,-5.18,8.3099,7.6225
*CC(*)(C)C#N,,7.1863,7.6319
*C(F)C(*)(F)F,-5.11,6.8451,7.6787
*CC(F)(F)C1(F)CC(CC(O)(C(F)(F)F)C(F)(F)F)CC1*,,,7.7065
*CCC(F)(F)C(*)(F)Cl,,7.4828,7.738
*CC(*)(F)C#N,,7.0615,7.7512
*CC(F)(F)C(F)(F)C(F)(F)C(F)(F)COC(=O)O*,,,7.7624
*CC(*)C#N,,7.4435,7.7741
*CCCC(*)C#N,,7.4859,7.8211
*COC(=O)O*,-5.97,7.1042,8.0093
*OCC(F)(F)C(*)(F)F,-5.23,8.8494,8.1009
*C(F)C(*)(F)OC(F)(F)F,,7.802,8.1265
*OC(F)(F)NC(*)(F)F,-5.29,8.991,8.2061
*NC(F)(F)NC(*)(F)F,-5.31,8.2637,8.2137
*CC(*)C(F)(F)F,,,8.2263
*C1(F)OC(C(F)(F)F)(C(F)(F)Cl)OC1(*)F,,7.8208,8.2297
*C1OC(C(F)(F)F)(C(F)(F)F)OC1(*)F,,8.0982,8.2782
*C(F)(F)C(*)(F)OC(F)(F)F,,,8.2947
*C(F)(F)C(F)(F)C(F)(F)C(*)(F)C(F)(F)F,,,8.4323
*C(OC(F)(F)F)C(*)(F)F,,,8.5308
*OC(F)(C(*)(F)F)C(F)(F)F,,,8.6002
*CC(*)(F)C(F)(F)F,,,8.6147
*CC(*)C(F)(F)C(F)(F)C(F)(F)F,,,8.6189
*CCC(F)(F)C(*)(F)F,-5.21,9.1316,8.6882
*C(F)(F)C(*)(F)OC(F)(F)C(F)(F)F,,,8.7447
*OC(F)(F)C(F)(F)C(F)(F)C(*)(F)F,,8.7307,9.0549
*OC(F)(F)CC(*)(F)F,-5.25,10.0451,9.1417
*OC(F)(F)C(F)(F)C(*)(F)F,,9.1214,9.4523
*OC(F)(F)OC(F)(F)C(*)(F)F,,,9.8151
*OC(F)(F)C(*)(F)F,,10.1137,9.8627
,,,
*C(*)C,,7.4047,
*C(=S)C(=O)CCNc1ccc(C(=S)c2ccc(*)cc2)cc1,-6.05,,
*C(C)COCC(C)OCCOCCOCC(C)N1C(=O)c2ccc(C(=O)c3ccc4c(c3)C(=O)N(*)C4=O)cc2C1=O,-5.89,,
*C1C=C(C(*)(C)C)C2CC=CCC12,,4.8262,
*C1C2CC(C(=O)NCC(O)C(O)C(OC3OC(CO)C(O)C(O)C3O)C(O)CO)C(C2)C1*,,5.6407,
*c1ccc(*)cc1,-6.39,,
*c1ccc(C(=S)c2ccc(C(=S)C(=O)Nc3ccc(-c4ccc(*)s4)cc3)s2)s1,-6.19,,
*c1ccc(C(F)(F)C(=O)C(*)(F)F)cc1,-6.01,,
*c1ccc(C(F)(F)C(=O)C(*)(F)F)s1,-5.82,,
*c1ccc(-c2ccc(C(F)(F)C(*)(F)F)s2)s1,-5.87,,
*c1ccc(CC(F)(F)C(*)(F)F)s1,-5.59,4.5178,
*c1ccc2oc(-c3ccc4nc(*)oc4c3)nc2c1,-6.81,2.5367,
*CC(*)C(=O)OCCSCCCC#N,,5.1226,
*CC1CC1CNC(=O)C1CC1C(=O)N*,,5.6374,
*CC1CC1COC(=O)Nc1ccc(C)c(NC(=O)O*)c1,,4.7181,
*Cc1ccc(C*)cc1,-5.84,2.5648,
*CCC(=O)OC(=O)Cc1ccc(-c2ccc(*)cc2)cc1,-6.14,,
*CCCCCCCCCCSCCCCCCS*,,5.52,
*CCCCCCCNC(=S)Nc1ccc(NC(=S)N*)cc1,,3.5538,
*CCCCCCN1C(=O)c2ccc(C(=O)c3ccc4c(c3)C(=O)N(*)C4=O)cc2C1=O,-6.25,,
*CCCCCCNC(=S)Nc1ccc(NC(=S)N*)cc1,-5.61,,
*CCCCCCSCCS*,,5.0604,
*CCCCCS*,-5.03,4.989,
*CCCCOC(=O)c1ccc(C(=O)O*)cc1,-5.97,4.0149,
*CCCCSCCS*,,4.9438,
*CCCOC(=O)CCCCCCCCOC(=O)CCCOC(=O)CCCCCCCCOC(*)=O,-5.41,6.5329,
*NC(=O)c1ccc(NC(=S)c2ccc(Nc3ccc(*)cc3)cc2)s1,-6.21,,
*NC(=O)NC(=O)c1ccc(C(=S)c2ccc(-c3ccc(*)s3)s2)s1,-6.19,,
*NC(=S)C(=O)C(*)=S,-5.94,1.5026,
*Nc1ccc(-c2ccc(C(=S)c3ccc(-c4ccc(Nc5ccc(*)cc5)s4)s3)s2)s1,-6.12,,
*Nc1ccc(NC(=O)NONC(*)=O)s1,-5.99,,
*NOc1ccc(O*)cc1,-5.98,4.5587,
*OC(=O)C(F)(F)C(*)(F)F,-5.64,,
*OC(F)(F)OC(*)(F)F,-5.25,,
*OCC(=S)c1ccc(C(=S)Cc2ccc(-c3ccc(*)cc3)cc2)s1,-6.04,,
[CH3]/C=C/C1=CC=C([CH3])C=C1,,,
[CH3][CH3](C)(C)O[CH3],,,
[CH3][CH3](C)(O[CH3])C,,,
[CH3][CH3](C)(O[CH3])C,,,
[CH3]C([CH3])([CH3])C([CH3])([CH3])[CH3],,,
[CH3]C([CH3])([CH3])C(Cl)([CH3])[CH3],,,
[CH3]C([CH3])([CH3])C(F)([CH3])F,,,
[CH3]C([CH3])(O[CH3])[CH3],,,
[CH3]C(C([CH3])([CH3])[CH3])([CH3])C1=CC=CC=C1,,,
[CH3]C(C)C(O[CH3])=O,,,
[CH3]C(C)C[CH3],,,
[CH3]C(C[CH3])C1=CC=CC=C1,,,
[CH3]C(C[CH3])C1=CC=CC=C1,,,
[CH3]C(C[CH3])C1=CC=CC=C1,,,
[CH3]C(C[CH3])C1=CC=CC=C1,,,
[CH3]C(C[CH3])C1=CC=NC=C1,,,
[CH3]C(C[CH3])N1C3=C(C=CC=C3)C2=C1C=CC=C2,,,
[CH3]C(C1=CC=C(C(OCCCO[CH3])=O)C=C1)=O,,,
[CH3]C(C1=CC=C(C(OCCO[CH3])=O)C=C1)=O,,,
[CH3]C(C1=CC=CC=C1)C[CH3],,,
[CH3]C(F)(C(F)(C(F)(C(F)([CH3])F)OC(F)(F)C(F)(F)C(F)(F)F)F)F,,,
[CH3]C(F)(C[CH3])F,,,
[CH3]C/C=C/C[CH3],,,
[CH3]C1=C(CCCCCC)C=C([CH3])S1,,,
[CH3]C1=C(CCCCCC)C=C([CH3])S1,,,
[CH3]C1=C(OC)C=C(/C=C/[CH3])C(OCC(CC)CCCC)=C1,,,
[CH3]C1=C2C(OCCO2)=C([CH3])S1,,,
[CH3]C1=CC(CCCCCCCC)=C(C2=C(CCCCCCCC)C=C([CH3])C=C2)C=C1,,,
[CH3]C1=CC=C([CH3])N1,,,
[CH3]C1=CC=C([CH3])N1,,,
[CH3]C1=CC=C([CH3])S1,,,
[CH3]C1=CC=C(C(C)(C2=CC=C(OCC(C[CH3])O)C=C2)C)C=C1,,,
[CH3]C1=CC=C(C(C)(C2=CC=C(OCC(C[CH3])O)C=C2)C)C=C1,,,
[CH3]C1=CC=C(C(C)(C2=CC=C(OCC(C[CH3])O)C=C2)C)C=C1,,,
[CH3]C1=CC=C(C(OCCOC([CH3])=O)=O)C=C1,,,
[CH3]C1=CC=C(C(OCCOC([CH3])=O)=O)C=C1,,,
[CH3]C1=CC=C(C(OCCOC([CH3])=O)=O)C=C1,,,
[CH3]C1=CC=C(C(OCCOC([CH3])=O)=O)C=C1,,,
[CH3]C1=CC=C(S[CH3])C=C1,,,
[CH3]C1C(C2)C([CH3])CC2C1[CH3],,,
[CH3]C2=NC1=CC(N=C(C4=CC=C([CH3])C=C4)O3)=C3C=C1O2,,,
[CH3]CC([CH3])(C=C)C,,,
[CH3]CC([CH3])(C=C)C,,,
[CH3]CC([CH3])C#N,,,
[CH3]CC([CH3])C#N,,,
[CH3]CC([CH3])C(O)=O,,,
[CH3]CC([CH3])O,,,
[CH3]CC([CH3])O,,,
[CH3]CC([CH3])O,,,
[CH3]CC([CH3])OC(C)=O,,,
[CH3]CC(C#N)[CH3],,,
[CH3]CC(C(N(C)C)=O)[CH3],,,
[CH3]CC(C(N)=O)[CH3],,,
[CH3]CC(C(NC(C)C)=O)[CH3],,,
[CH3]CC(C(NC(C)C)=O)[CH3],,,
[CH3]CC(C(NC(C)C)=O)[CH3],,,
[CH3]CC(C)([CH3])C,,,
[CH3]CC(C)(C(O)=O)[CH3],,,
[CH3]CC(C)(C(OC)=O)[CH3],,,
[CH3]CC(C)[CH3],,,
[CH3]CC(C)[CH3],,,
[CH3]CC(C)[CH3],,,
[CH3]CC(C1=CC=C(S(O)(=O)=O)C=C1)[CH3],,,
[CH3]CC(CC(C)C)[CH3],,,
[CH3]CC(Cl)[CH3],,,
[CH3]CC(F)([CH3])F,,,
[CH3]CC(N1CCCC1=O)[CH3],,,
[CH3]CC[CH3],,,
[CH3]CC[CH3],,,
[CH3]CC[CH3],,,
[CH3]CC[CH3],,,
[CH3]CCN[CH3],,,
[CH3]CCO[CH3],,,
[CH3]CCO[CH3],,,
[CH3]CCO[CH3],,,
[CH3]NC1=CC=C([CH3])C=C1,,,
[CH3]NC1=CC=C([CH3])C=C1,,,
[CH3]NCCCCCC([CH3])=O,,,
[CH3]NCCCCCC([CH3])=O,,,
[CH3]NCCCCCC([CH3])=O,,,
[CH3]NCCCCCC([CH3])=O,,,
[CH3]NCCCCCC([CH3])=O,,,
[CH3]OC([CH3])(C)C([CH3])=O,,,
[CH3]OC1=CC=C(C(C)(C2=CC=C(OC3=CC=C(S(=O)(C4=CC=C([CH3])C=C4)=O)C=C3)C=C2)C)C=C1,,,
[CH3]OC1=CC=C(C(C)(C2=CC=C(OC3=CC=C(S(=O)(C4=CC=C([CH3])C=C4)=O)C=C3)C=C2)C)C=C1,,,
[CH3]OC1=CC=C(S(=O)(C2=CC=C([CH3])C=C2)=O)C=C1,,,
[CH3]OCC[CH3],,,
[CH3]OCCCCCC([CH3])=O,,,
[CH3]OCCCCCC([CH3])=O,,,
[CH3]OCCCCCC([CH3])=O,,,
[CH3]OCCCCCC([CH3])=O,,,
[CH3]OCCCCOC(C1=CC=C(C([CH3])=O)C=C1)=O,,,
[CH3]OCCCCOC(CCC([CH3])=O)=O,,,
[CH3]OCCOC(CCC([CH3])=O)=O,,,
C[CH3]([CH3])(CCCC#N)O[CH3],,,
CC(C([CH3])=O)O[CH3],,,
CC(C)(C1=CC=C(OC([CH3])=O)C=C1)C2=CC=C(O[CH3])C=C2,,,
CC(C)(C1=CC=C(OC([CH3])=O)C=C1)C2=CC=C(O[CH3])C=C2,,,
COC(C([CH3])(C[CH3])C)=O,,,
COC(C([CH3])(C[CH3])C)=O,,,
COC(C([CH3])(C[CH3])C)=O,,,
FC(F)(C(F)([CH3])F)[CH3],,,
FC(F)(C(F)([CH3])F)[CH3],,,
N[CH3]1[CH3](O)[CH3](O[CH3])[CH3](CO)O[CH3]1[CH3],,,
N[CH3]1[CH3](O)[CH3](O[CH3])[CH3](CO)O[CH3]1[CH3],,,
O[CH3]1[CH3](O)[CH3](O[CH3])[CH3](CO)O[CH3]1[CH3],,,
O[CH3]1[CH3](O)[CH3](O[CH3])[CH3](CO)O[CH3]1[CH3],,,
O=C([CH3])C1=CC=C(C(OCCCO[CH3])=O)O1,,,
O=C(O[CH3])C1=CC(C=CC(C(OCC[CH3])=O)=C2)=C2C=C1,,,
O=C1N([CH3])C(C2=C1C=C(C3=O)C(C(N3C4=CC=C(OC5=CC=C([CH3])C=C5)C=C4)=O)=C2)=O,,,
O=C1N([CH3])C(C2=C1C=C(C3=O)C(C(N3C4=CC=C(OC5=CC=C([CH3])C=C5)C=C4)=O)=C2)=O,,,
OC1=C(O)C([CH3])=C2C(NC=C2)=C1[CH3],,,
